source,target
Indie Rock,Indie-rock
Indie Rock,Indie-Rock
Indie Rock,Indie rock
Indie Rock,indie rock
Hip Hop,Hip-hop
Hip Hop,"R&B, Hip Hop"
Hip Hop,Hip-Hop & R&B
Hip Hop,hip hop
Hip Hop,"hip-hop, R&B"
Hip Hop,"Hip-Hop, Classical"
Hip Hop,Female hip-hop
Hip Hop,"R&B, Hip-hop"
Hip Hop,"Hip-Hop, R&B"
Hip Hop,"R&B, hip-hop"
Hip Hop,Hip-Hop
Hip Hop,"Hip-hop, R&B, Soulection, House"
Hip Hop,Hip hop
Hip Hop,"Hip-hop, R&B"
Hip Hop,"Hip Hop, R&B"
Hip Hop,"hip hop, R&B"
Hip Hop,"R&B, Hip-Hop"
Blues,"Blues, R&B"
Blues,"R&B, Blues"
Music & Performances,"Authors, Music & Performances"
Music & Performances,"music performances, live music"
Music & Performances,"music, performances, festivals"
"R&B, Hip-hop",Hip-hop
"R&B, Hip-hop","R&B, Hip Hop"
"R&B, Hip-hop",Hip-Hop & R&B
"R&B, Hip-hop",hip hop
"R&B, Hip-hop","hip-hop, R&B"
"R&B, Hip-hop","hip hop, R&B"
"R&B, Hip-hop","Hip-Hop, Classical"
"R&B, Hip-hop",Female hip-hop
"R&B, Hip-hop","R&B, hip-hop"
"R&B, Hip-hop","Hip-Hop, R&B"
"R&B, Hip-hop",Hip-Hop
"R&B, Hip-hop","Hip-hop, R&B, Soulection, House"
"R&B, Hip-hop",Hip hop
"R&B, Hip-hop","Hip-hop, R&B"
"R&B, Hip-hop","Hip Hop, R&B"
"R&B, Hip-hop","R&B, Hip-Hop"
"Americana, Folk, Rock, Pop, Jazz, Alt-Country","Indie, Americana, Folk, Rock, Pop, Jazz, Alt-Country"
"Americana, Folk, Rock, Pop, Jazz, Alt-Country","Americana, folk, rock, pop, jazz, alt-country"
"Americana, Folk, Rock, Pop, Jazz, Alt-Country","Indie music, Americana, Folk, Rock, Pop, Jazz, Alt-country"
Comedy,comedy
Cabaret,"Cabaret, Country"
"Hip Hop, R&B, Reggae, Dancehall, Soca, Classic House","R&B, Reggae, Dancehall, Soca, Classic House, Hip Hop"
"Hip Hop, R&B, Reggae, Dancehall, Soca, Classic House","R&B, Reggae, Dancehall, Soca, Classic House"
Art,"skincare, art, training"
Art,Collage Art
Art,"Art, Tattoos"
Art,"Art, Paranormal"
Art,"Art, Auction"
Alternative Folk,Alternative Folk-rock
Alternative Folk,Alternative Folk-Rock
Alternative Folk,"Alternative, Folk Rock"
Alternative Rock,"Alternative, Rock"
Alternative Rock,"Alternative, Rock, R&B"
Alternative Rock,Alternative rock
"mindfulness, yoga, meditation","Yoga, Meditation"
"mindfulness, yoga, meditation","Yoga, Meditation, Pilates"
"Reggae, Rock",Reggae/Rock
"Reggae, Rock",Reggae-rock
"Reggae, Rock",Reggae rock
Music,Devotional Music
Music,music
Music,"Music, Kindie"
Music,Music Creation
Music,"Music, Parades"
Music,Cafe Music
Music,Vietnamese music
Music,Handbell Music
"Electronic, Hip-Hop","Electronic, Hip-hop"
"Electronic, Hip-Hop","R&B, electronic, hip-hop"
Pop,K-pop
Pop,Pop psicodélico
Pop,POP
Pop,Pop/R&B
Pop,"R&B, Pop"
Pop,"Pop, R&B"
Pop,K-Pop
"Music, Food & Beverage, Performing Arts","Food & Beverage, Performing Arts"
"Music, Food & Beverage, Performing Arts","Food & Beverage, Performing Arts, Music"
"Music, Food & Beverage, Performing Arts","Music, Food & Beverage, Performing Arts, Electronic"
Folk-pop,"Folk, Pop"
Black metal,Black Metal
"Music, Theater",Music-theater
"Music, Theater",Music Theater
Jazz,"R&B, Jazz"
Jazz,jazz
Jazz,"Jazz, R&B"
Rock,rock
Rock,Arena Rock
"Blues, R&B","R&B, Blues"
"Country, Rock, Hip-Hop","Country, Rock, Hip-Hop, Pop"
"Country, Rock, Hip-Hop","Country, Rock, Hip Hop"
Techno,"Techno, Music"
"Health, Wellness, & Mindfulness","Arts, Health, Wellness & Mindfulness"
"Health, Wellness, & Mindfulness","Health, Wellness & Mindfulness"
"Health, Wellness, & Mindfulness","Arts, Health, Wellness, & Mindfulness, STEM"
EDM,edm
Theater,"Comedy, Absurdist Theater"
Theater,Theater.
"Musical, Comedy",Musical comedy
"Musical, Comedy",Musical Comedy
Performing Arts,"Ballet, Performing arts"
Performing Arts,Performing arts
Performing Arts,"Film, Performing Arts"
Performing Arts,"Theater, Shakespeare, Performing Arts"
Performing Arts,"Theater, Performing Arts"
Performing Arts,"Performing Arts, Drama"
Stand-Up Comedy,"Comedy, Stand-Up"
Stand-Up Comedy,Comedy > Stand Up
Stand-Up Comedy,Stand Up Comedy
Stand-Up Comedy,stand up comedy
Stand-Up Comedy,Stand-up Comedy
Stand-Up Comedy,"Comedy, Stand-Up Comedy"
Stand-Up Comedy,"Comedy, Stand up"
Stand-Up Comedy,stand-up comedy
Stand-Up Comedy,"Comedy, Stand-up Comedy"
Stand-Up Comedy,"Comedy, Stand-up"
Stand-Up Comedy,Stand-up
Stand-Up Comedy,Stand-up comedy
"Hardcore punk, rock",Hardcore / Punk / Rock
"Hardcore punk, rock","Hardcore punk, Rock"
"Hardcore punk, rock","Post-Hardcore, Hardcore Punk, Rock"
"Hardcore punk, rock",Hardcore Punk
"Hardcore punk, rock","Post-hardcore, Punk Rock"
Sports,"Music, Sports"
Country music,Country Music
Country music,"Country music, Bluegrass"
Country music,"Country Music, Sertanejo"
Country music,"Country, Music"
"House, Deep House",Deep House
"House, Deep House","Deep House, Electronic"
"Comedy, Improv","Comedy, Improv, Musical"
Live Music,"Reggae, live music"
Live Music,"Film, Live Music"
Live Music,Live music
Live Music,"Live Music, Vinahouse"
Live Music,"Polka, Live Music"
Live Music,"jazz, live music"
Live Music,"Live Music, Q&As"
Live Music,live music
Country,"Country, R&B"
Bollywood,"Haryanvi, Bollywood"
Classical,"Classical, Fado"
Country/Folk/Bluegrass,"Country, Folk, Bluegrass"
Post-punk,Post Punk
"gothic, industrial, darkwave",gothic - industrial - darkwave
Stand-up comedy,"Comedy, Stand-Up"
Stand-up comedy,Comedy > Stand Up
Stand-up comedy,Stand Up Comedy
Stand-up comedy,stand up comedy
Stand-up comedy,Stand-up Comedy
Stand-up comedy,"Comedy, Stand-Up Comedy"
Stand-up comedy,"Comedy, Stand up"
Stand-up comedy,stand-up comedy
Stand-up comedy,"Comedy, Stand-up Comedy"
Stand-up comedy,"Comedy, Stand-up"
Stand-up comedy,Stand-up
Asian music,"Cultural, Asian music"
"Hip Hop, R&B",Hip-hop
"Hip Hop, R&B",Hip-Hop & R&B
"Hip Hop, R&B",hip hop
"Hip Hop, R&B","hip-hop, R&B"
"Hip Hop, R&B","hip hop, R&B"
"Hip Hop, R&B","Hip-Hop, Classical"
"Hip Hop, R&B",Female hip-hop
"Hip Hop, R&B","Hip-Hop, R&B"
"Hip Hop, R&B","R&B, hip-hop"
"Hip Hop, R&B",Hip-Hop
"Hip Hop, R&B","Hip-hop, R&B, Soulection, House"
"Hip Hop, R&B",Hip hop
"Hip Hop, R&B","Hip-hop, R&B"
"Hip Hop, R&B","R&B, Hip Hop"
"Hip Hop, R&B","R&B, Hip-Hop"
Roots-rock,"Roots Rock, Swing"
Roots-rock,"Ska, Roots Rock"
Roots-rock,roots-rock
Roots-rock,Roots rock
"Hard Rock, Heavy Metal","Rock, Heavy Metal"
"Hard Rock, Heavy Metal","Hard rock, heavy metal"
"Hard Rock, Heavy Metal","Pop-punk, Alternative Rock, Hard Rock, Heavy Metal"
"Hard Rock, Heavy Metal","Rock, Hard rock, Heavy metal"
"Hard Rock, Heavy Metal","Hard rock, Heavy metal"
"Food & Beverage, Performing Arts","Food & Beverage, Performing Arts, Music"
"Food & Beverage, Performing Arts","Music, Food & Beverage, Performing Arts, Electronic"
Dance/Electronic,"Dance, Electronic"
"Rock, Soul","R&B, Rock, Soul"
"Rock, Soul","Rock, Soul, R&B"
Indie-rock,Indie-Rock
Indie-rock,Indie rock
Indie-rock,indie rock
Musical Theatre,"Musical, Theatre"
Musical Theatre,Musical theatre
"Electronic, Hip-Hop, Trap, R&B","Hip-hop, trap, rock, pop"
"Electronic, Hip-Hop, Trap, R&B","hip hop, trap"
Alt-rock,Alt rock
Dance,Square Dance
Dance,"Dance, Cardio"
"Yoga, Live music, Dance","Yoga, Live Music"
"Fiction, Documentary, Animation","Documentary, Animation"
"Afrobeats, Amapiano, Dancehall","Afrobeats, Amapiano, Dancehall, R&B"
"Afrobeats, Amapiano, Dancehall","Reggae, Afrobeats, Amapiano, Dancehall"
"Video Game Music, Classical",Video Game Music
Film Festival,Film festival
"R&B, Soul, Jazz, Funk","R&B, pop, soul, jazz"
"R&B, Soul, Jazz, Funk","Pop/Soul, Jazz-Funk"
"R&B, Soul, Jazz, Funk","soul, jazz, funk"
"R&B, Soul, Jazz, Funk","Soul, Jazz, Funk"
"Pop, Alternative","Pop, Alternative, R&B"
"Pop, Alternative","Rock, Pop, Alternative"
Electronic,Electronic R&B
Electronic,"Electronic, R&B"
"Pop, EDM",Pop & EDM
"Pop, EDM","K-Pop, EDM"
"poetry, literary arts","Poetry, Literary Arts"
"Jazz, R&B, Jazz Fusion, Classical, Country, Electronic, Funk, Soul, Disco, Boogie, Rock-and-Roll","R&B, Jazz, Jazz Fusion, Classical, Country, Electronic, Funk, Soul, Disco, Boogie, Rock-and-Roll"
"Alternative, Rock, Indie","Alternative Rock, Rock"
"Alternative, Rock, Indie","K-pop, Pop"
"Alternative, Rock, Indie","Indie Pop, Pop Rock"
"Alternative, Rock, Indie","Indie Pop, Pop"
"Alternative, Rock, Indie","Alternative Rock, Indie"
"Alternative, Rock, Indie",Indie / Alternative / Rock
"Alternative, Rock, Indie","indie, alternative"
"Alternative, Rock, Indie","Alternative Rock, Indie Rock, Pop"
"Alternative, Rock, Indie","Pop, K-Pop"
"Alternative, Rock, Indie","Indie Pop, Indie Rock"
"Alternative, Rock, Indie","K-Pop, Pop"
"Alternative, Rock, Indie","Alternative Rock, Indie Rock"
"Alternative, Rock, Indie","Alternative rock, indie rock"
"Alternative, Rock, Indie","Pop Rock, Indie Pop"
"Alternative, Rock, Indie","K-Pop, R&B, Pop"
"Alternative, Rock, Indie","Power Pop, Pop, Pop Punk"
"Alternative, Rock, Indie","Pop, Indie"
"Alternative, Rock, Indie","Country Pop, Indie Pop"
"Alternative, Rock, Indie","Pop, Indie Pop"
"Alternative, Rock, Indie","Rock, Indie Pop"
"Alternative, Rock, Indie","Indie Rock, Indie Pop"
"Alternative, Rock, Indie","Alternative Rock, Indie Pop, Indie Rock"
"Alternative, Rock, Indie","Folk Rock, Indie Rock"
"Alternative, Rock, Indie",Indie pop/rock
"Alternative, Rock, Indie","Pop, Pop Punk"
"Alternative, Rock, Indie","Pop, Indie Rock"
"Alternative, Rock, Indie","Rock, Indie Rock"
"Alternative, Rock, Indie","Pop, Indie-rock"
"Alternative, Rock, Indie","Alternative, rock, indie"
"Alternative, Rock, Indie",Indie pop-rock
"Alternative, Rock, Indie","Folk-pop, Indie-pop"
"Alternative, Rock, Indie","Rock, Indie, Alternative"
"Alternative, Rock, Indie","Pop, K-pop, R&B"
"Alternative, Rock, Indie","Indie, Alternative"
"Alternative, Rock, Indie","Punk rock, Indie rock"
"Alternative, Rock, Indie","Rock, Indie Alternative Rock"
"Alternative, Rock, Indie","Alternative Rock, Indie Pop"
"Alternative, Rock, Indie","Rock, Indie & Alternative"
"Alternative, Rock, Indie","Alternative Rock, Indie Rock, Rock"
"Alternative, Rock, Indie","Pop, Indie-Rock"
"Alternative, Rock, Indie","K-pop, Pop Punk"
"Alternative, Metal",Alternative metal
"Alternative, Metal",Alternative Metal
"Comedy, Live Performance","Music, Comedy, Live performance"
Punk Rock,"Punk, Rock"
Punk Rock,Punk rock
Children's music,Children's Music
"Pop, hip-hop, new wave, R&B","Dance, Pop, Hip-hop, New Wave, R&B"
"Pop, hip-hop, new wave, R&B","Dance, Pop, Hip-Hop, New Wave, R&B"
"Celtic, Traditional Irish, Dance","Celtic, Traditional Irish"
Hip-Hop/Rap,"Electronic, Hip-Hop/Rap"
Hip-Hop/Rap,Hip-Hop / Rap
Hip-Hop/Rap,"Hip-Hop, Rap"
Hip-Hop/Rap,Hip-hop/Rap
Hip-Hop/Rap,Hip Hop/Rap
Hip-Hop/Rap,"Hip hop, Rap"
Hip-Hop/Rap,"Hip-Hop/Rap, Jazz"
Hip-Hop/Rap,"Hip-Hop/Rap, Comedy"
Hip-Hop/Rap,"Hip-hop, Rap"
Hip-Hop/Rap,"Hip-Hop/Rap, Indie Rock"
Hip-Hop/Rap,"Hip Hop, Rap"
Contemporary jazz,Contemporary Jazz
"Indie Pop, Pop","Alternative Rock, Rock"
"Indie Pop, Pop","K-pop, Pop"
"Indie Pop, Pop","Indie Pop, Pop Rock"
"Indie Pop, Pop","Alternative Rock, Indie"
"Indie Pop, Pop",Indie / Alternative / Rock
"Indie Pop, Pop","indie, alternative"
"Indie Pop, Pop","Alternative Rock, Indie Rock, Pop"
"Indie Pop, Pop","Pop, K-Pop"
"Indie Pop, Pop","Indie Pop, Indie Rock"
"Indie Pop, Pop","K-Pop, Pop"
"Indie Pop, Pop","Alternative Rock, Indie Rock"
"Indie Pop, Pop","Alternative rock, indie rock"
"Indie Pop, Pop","Pop Rock, Indie Pop"
"Indie Pop, Pop","K-Pop, R&B, Pop"
"Indie Pop, Pop","Power Pop, Pop, Pop Punk"
"Indie Pop, Pop","Pop, Indie"
"Indie Pop, Pop","Country Pop, Indie Pop"
"Indie Pop, Pop","Pop, Indie Pop"
"Indie Pop, Pop","Rock, Indie Pop"
"Indie Pop, Pop","Indie Rock, Indie Pop"
"Indie Pop, Pop","Alternative Rock, Indie Pop, Indie Rock"
"Indie Pop, Pop","Folk Rock, Indie Rock"
"Indie Pop, Pop",Indie pop/rock
"Indie Pop, Pop","Pop, Pop Punk"
"Indie Pop, Pop","Pop, Indie Rock"
"Indie Pop, Pop","Rock, Indie Rock"
"Indie Pop, Pop","Pop, Indie-rock"
"Indie Pop, Pop","Alternative, rock, indie"
"Indie Pop, Pop",Indie pop-rock
"Indie Pop, Pop","Folk-pop, Indie-pop"
"Indie Pop, Pop","Rock, Indie, Alternative"
"Indie Pop, Pop","Pop, K-pop, R&B"
"Indie Pop, Pop","Indie, Alternative"
"Indie Pop, Pop","Punk rock, Indie rock"
"Indie Pop, Pop","Rock, Indie Alternative Rock"
"Indie Pop, Pop","Alternative Rock, Indie Pop"
"Indie Pop, Pop","Rock, Indie & Alternative"
"Indie Pop, Pop","Alternative Rock, Indie Rock, Rock"
"Indie Pop, Pop","Pop, Indie-Rock"
"Indie Pop, Pop","K-pop, Pop Punk"
"Indie Pop, Indie Rock","Alternative Rock, Rock"
"Indie Pop, Indie Rock","K-pop, Pop"
"Indie Pop, Indie Rock","Indie Pop, Pop Rock"
"Indie Pop, Indie Rock","Alternative Rock, Indie"
"Indie Pop, Indie Rock",Indie / Alternative / Rock
"Indie Pop, Indie Rock","indie, alternative"
"Indie Pop, Indie Rock","Alternative Rock, Indie Rock, Pop"
"Indie Pop, Indie Rock","Pop, K-Pop"
"Indie Pop, Indie Rock","K-Pop, Pop"
"Indie Pop, Indie Rock","Alternative Rock, Indie Rock"
"Indie Pop, Indie Rock","Alternative rock, indie rock"
"Indie Pop, Indie Rock","Pop Rock, Indie Pop"
"Indie Pop, Indie Rock","K-Pop, R&B, Pop"
"Indie Pop, Indie Rock","Power Pop, Pop, Pop Punk"
"Indie Pop, Indie Rock","Pop, Indie"
"Indie Pop, Indie Rock","Country Pop, Indie Pop"
"Indie Pop, Indie Rock","Pop, Indie Pop"
"Indie Pop, Indie Rock","Rock, Indie Pop"
"Indie Pop, Indie Rock","Indie Rock, Indie Pop"
"Indie Pop, Indie Rock","Alternative Rock, Indie Pop, Indie Rock"
"Indie Pop, Indie Rock","Folk Rock, Indie Rock"
"Indie Pop, Indie Rock",Indie pop/rock
"Indie Pop, Indie Rock","Pop, Pop Punk"
"Indie Pop, Indie Rock","Pop, Indie Rock"
"Indie Pop, Indie Rock","Rock, Indie Rock"
"Indie Pop, Indie Rock","Pop, Indie-rock"
"Indie Pop, Indie Rock","Alternative, rock, indie"
"Indie Pop, Indie Rock",Indie pop-rock
"Indie Pop, Indie Rock","Folk-pop, Indie-pop"
"Indie Pop, Indie Rock","Rock, Indie, Alternative"
"Indie Pop, Indie Rock","Pop, K-pop, R&B"
"Indie Pop, Indie Rock","Indie, Alternative"
"Indie Pop, Indie Rock","Punk rock, Indie rock"
"Indie Pop, Indie Rock","Rock, Indie Alternative Rock"
"Indie Pop, Indie Rock","Alternative Rock, Indie Pop"
"Indie Pop, Indie Rock","Rock, Indie & Alternative"
"Indie Pop, Indie Rock","Alternative Rock, Indie Rock, Rock"
"Indie Pop, Indie Rock","Pop, Indie-Rock"
"Indie Pop, Indie Rock","K-pop, Pop Punk"
"R&B, House","R&B, house"
"R&B, House",House
"R&B, House",Haunted House
"R&B, Blues-Rock, Alternative Rock","Indie, Rock, Alternative"
"R&B, Blues-Rock, Alternative Rock","Pop, Rock, Alternative"
"R&B, Blues-Rock, Alternative Rock","Indie Rock, Alternative"
"R&B, Blues-Rock, Alternative Rock","indie rock, alternative, electronic"
"R&B, Blues-Rock, Alternative Rock","Indie Rock, Alternative Rock"
"R&B, Blues-Rock, Alternative Rock","Folk, Indie Rock, Alternative Rock"
"R&B, Blues-Rock, Alternative Rock","Pop, Rock, Alternative Rock"
"R&B, Blues-Rock, Alternative Rock","Rock, Alternative"
"R&B, Blues-Rock, Alternative Rock","Rock, Alternative Rock"
"R&B, Blues-Rock, Alternative Rock",Rock/Alternative
"R&B, Blues-Rock, Alternative Rock","Indie rock, alternative rock, folk"
"R&B, Blues-Rock, Alternative Rock","Folk Rock, Alternative"
"R&B, Blues-Rock, Alternative Rock","Pop-rock, Alternative"
"R&B, Blues-Rock, Alternative Rock","Blues-Rock, Alternative"
"R&B, Blues-Rock, Alternative Rock","Folk Rock, Alternative Rock"
Indie rock,Indie-Rock
Indie rock,indie rock
"Drag, Burlesque","Drag, Burlesque, Broadway"
Bluegrass,bluegrass
"Folk, Blues",Folk-blues
"Folk, Blues",Folk-Blues
"Music, Dance, South American","Jazz, South American Nuevo Cancion, Levantine"
"Heavy Metal, Metalcore","Metalcore, Heavy Metal"
"Heavy Metal, Metalcore","Metal, Metalcore"
"Pop, Rock, Classical, Opera, Tribute","Pop, Rock, Classical/Opera"
"Reggae, Dancehall","Reggae, Dancehall, House"
Indie & Alt,"Rock, Indie, Alt"
Indie & Alt,"Rock, Indie & Alt"
Indie & Alt,"Indie, Alt Rock"
Indie & Alt,"Rock, Indie & Alt, Country"
R&B/Soul/Funk,"Soul, R&B, Funk"
R&B/Soul/Funk,"Soul, Funk, R&B"
R&B/Soul/Funk,"Soul, Funk"
Rap,Cloud rap
Rap,"Comedy, Rap"
Rap,"Rap, Pop"
Hip-hop,"R&B, Hip Hop"
Hip-hop,Hip-Hop & R&B
Hip-hop,hip hop
Hip-hop,"hip-hop, R&B"
Hip-hop,"hip hop, R&B"
Hip-hop,"Hip-Hop, Classical"
Hip-hop,Female hip-hop
Hip-hop,"Hip-Hop, R&B"
Hip-hop,"R&B, hip-hop"
Hip-hop,Hip-Hop
Hip-hop,"Hip-hop, R&B, Soulection, House"
Hip-hop,Hip hop
Hip-hop,"Hip-hop, R&B"
Hip-hop,"R&B, Hip-Hop"
"Go-Go, hip-hop",Go-go
"Go-Go, hip-hop",Go Go
"Go-Go, hip-hop","Jazz, Go-Go"
"Go-Go, hip-hop","Hood Rock, Go-Go"
"Go-Go, hip-hop",Go-Go
"Go-Go, hip-hop","Spoken Word, Go-Go"
"Country, Rock, Pop","Country, Rock, Pop-Rock"
Celtic,"Country, Celtic"
K-pop,Pop psicodélico
K-pop,POP
K-pop,Pop/R&B
K-pop,"R&B, Pop"
K-pop,"Pop, R&B"
K-pop,K-Pop
"Latin jazz, salsa, pop, reggae, funk","Latin Jazz, Salsa, Pop, Reggae, Funk"
"Jazz, Blues, Soul, R&B","Jazz, Blues, Soul"
"Metal, Hard Rock, Rock","Hard Rock, Rock"
"poetry, literary art","Poetry, Literary Art"
"Music, Arts, Food","Music, arts, food"
House Music,House music
"R&B, Hip-Hop",Hip-Hop & R&B
"R&B, Hip-Hop",hip hop
"R&B, Hip-Hop","hip-hop, R&B"
"R&B, Hip-Hop","hip hop, R&B"
"R&B, Hip-Hop","Hip-Hop, Classical"
"R&B, Hip-Hop",Female hip-hop
"R&B, Hip-Hop","Hip-Hop, R&B"
"R&B, Hip-Hop","R&B, hip-hop"
"R&B, Hip-Hop",Hip-Hop
"R&B, Hip-Hop","Hip-hop, R&B, Soulection, House"
"R&B, Hip-Hop",Hip hop
"R&B, Hip-Hop","Hip-hop, R&B"
"R&B, Hip-Hop","R&B, Hip Hop"
Alternative,Alternative R&B
"Rock, Holiday",Holiday
"Rock, Holiday","Holiday, Jazz"
"Rock, Holiday","Jazz, Holiday"
"Musical, Theatre",Musical theatre
"Hip-Hop, Funk, Soul","Hip-hop, Funk"
"Hip-Hop, Funk, Soul","R&B, Hip-Hop, Funk"
"Alternative, Post-punk, New wave","Alternative, Post-Punk, New Wave"
"Alternative, Post-punk, New wave","Alternative, post-punk, new wave"
Folk,"Folk, Andalusian"
Folk,"Folk, Maritime"
"R&B, Hip-Hop, Funk","Hip-hop, Funk"
"Live music, art","live music, art"
"Live music, art","Live music, Art"
"Live music, art","Live Music, Art"
"Poetry, Music",Poetry; Music
Stand Up Comedy,"Comedy, Stand-Up"
Stand Up Comedy,Comedy > Stand Up
Stand Up Comedy,stand up comedy
Stand Up Comedy,Stand-up Comedy
Stand Up Comedy,"Comedy, Stand-Up Comedy"
Stand Up Comedy,"Comedy, Stand up"
Stand Up Comedy,stand-up comedy
Stand Up Comedy,"Comedy, Stand-up Comedy"
Stand Up Comedy,"Comedy, Stand-up"
Stand Up Comedy,Stand-up
Broadway,"Broadway, Disney"
Broadway,"Broadway, Country"
"R&B, Hip-Hop, Pop","Hip-Hop, R&B, Pop"
"R&B, Hip-Hop, Pop","Hip-Hop, Pop"
"R&B, Hip-Hop, Pop","Hip Hop, K-Pop"
"R&B, Hip-Hop, Pop","Hip-hop, Pop"
"R&B, Hip-Hop, Pop","Christian, Hip Hop, Pop"
Rock musical,Rock Musical
Rock musical,"Rock, Musical"
EDM/House/Techno,"EDM, house, techno"
EDM/House/Techno,"EDM, House, Techno"
Alternative rock,"Alternative, Rock"
Alternative rock,"Alternative, Rock, R&B"
"Drag, Performance Art","Drag, Performance"
"Drag, Performance Art",Drag Performance
"Drag, Performance Art","Disco, Drag Performance"
Metal,Metal Music
"Folk, Americana",Folk/Americana
"Music, Latin American","Live music, Latin American"
"Yoga, Dance, Live Music","Dance, Live Music"
"Pop-punk, Alt-rock","Pop-punk, alt-rock, emo"
Alt-country,Alt country
"Parties, dance",Parties
"Heavy Metal, Power Metal, Thrash Metal, Doom Metal, Classic Rock, Metal","Metal, Thrash Metal, Heavy Metal, Doom Metal, Power Metal"
"Art, Workshops",Art Workshops
"Music, Comedy",Music Comedy
"Music, Comedy",Music/Comedy
Hip-Hop,"R&B, Hip Hop"
Hip-Hop,Hip-Hop & R&B
Hip-Hop,hip hop
Hip-Hop,"hip-hop, R&B"
Hip-Hop,"hip hop, R&B"
Hip-Hop,"Hip-Hop, Classical"
Hip-Hop,Female hip-hop
Hip-Hop,"Hip-Hop, R&B"
Hip-Hop,"R&B, hip-hop"
Hip-Hop,"Hip-hop, R&B, Soulection, House"
Hip-Hop,Hip hop
Hip-Hop,"Hip-hop, R&B"
Soul,"R&B, soul"
Soul,"Soul, Inspirational"
Soul,R&B & Soul
Soul,"R&B, Soul"
Soul,"Soul, R&B"
Soul,"Soul, Philly Soul"
"Baroque, Classical","Choral, Baroque, Classical"
"Baroque, Classical","Baroque, classical"
Poetry,poetry
Poetry,"Poetry, LGBTQIA"
"Charity & Causes, Performing Arts",Charity & Causes
"Charity & Causes, Performing Arts","Charity & Causes, Other"
Stand-up Comedy,"Comedy, Stand-Up"
Stand-up Comedy,Comedy > Stand Up
Stand-up Comedy,stand up comedy
Stand-up Comedy,"Comedy, Stand-Up Comedy"
Stand-up Comedy,"Comedy, Stand up"
Stand-up Comedy,stand-up comedy
Stand-up Comedy,"Comedy, Stand-up Comedy"
Stand-up Comedy,"Comedy, Stand-up"
Stand-up Comedy,Stand-up
Film,"Film, Erotic"
Film,"Film, Rock"
"Art, Painting","Art, Painting, Cocktail Party"
"Art, Painting","Art, Painting, Workshops"
"Poetry, Spoken Word","Poetry, Spoken Word, Comedy"
"Poetry, Spoken Word","poetry, spoken word"
"Family & Education, Music","Broadway, Family & Education, Musical"
"Family & Education, Music","Broadway, Family & Education, Music"
Electric Blues,"Electric Blues, Alternative"
"Country, Singer-Songwriter","Country, Singer Songwriter, Alternative Country, Folk"
"Comedy, Stand-up","Comedy, Stand-Up"
"Comedy, Stand-up",Comedy > Stand Up
"Comedy, Stand-up",stand up comedy
"Comedy, Stand-up","Comedy, Stand-Up Comedy"
"Comedy, Stand-up","Comedy, Stand up"
"Comedy, Stand-up",stand-up comedy
"Comedy, Stand-up","Comedy, Stand-up Comedy"
"Comedy, Stand-up",Stand-up
Electronic Pop,"Electronic, Pop"
Electronic Pop,Electronic pop
"R&B, Hip Hop",Hip-Hop & R&B
"R&B, Hip Hop",hip hop
"R&B, Hip Hop","hip-hop, R&B"
"R&B, Hip Hop","hip hop, R&B"
"R&B, Hip Hop","Hip-Hop, Classical"
"R&B, Hip Hop",Female hip-hop
"R&B, Hip Hop","Hip-Hop, R&B"
"R&B, Hip Hop","R&B, hip-hop"
"R&B, Hip Hop","Hip-hop, R&B, Soulection, House"
"R&B, Hip Hop",Hip hop
"R&B, Hip Hop","Hip-hop, R&B"
Alternative metal,Alternative Metal
"EDM, House, Techno","EDM, house, techno"
"Metalcore, Heavy Metal","Metal, Metalcore"
"Funk, Fusion, Pop",Funk Fusion
"Funk, Fusion, Pop","Jazz, Funk, Fusion"
"Funk, Fusion, Pop","Funk, Fusion"
"Poetry, Not provided in source.","Spoken Word, Poetry, Not provided in source."
"Poetry, Not provided in source.","Spoken word poetry, Not provided in source."
"Poetry, Not provided in source.","Storytelling, Poetry, Not provided in source."
"Hip hop, Brostep",Brostep
"Hip hop, Brostep","Brostep, Livetronica"
,
Folk Punk,Folk-punk
"Techno, House","techno, house music"
Soft Rock,"Psychedelic, Soft Rock"
Soft Rock,"Rock, Pop, Funk, Soft Rock"
Soft Rock,"Pop, Soft Rock"
Soft Rock,"Soft Rock, Pop Rock"
Soft Rock,"Soft rock, pop, R&B"
"Indie, Singer/Songwriter","Folk, Indie, Singer-Songwriter"
"Indie, Singer/Songwriter","Indie Rock, R&B, Indie, Singer/Songwriter"
"Indie, Singer/Songwriter","Pop, Indie, Singer/Songwriter"
"Poetry, Fiction, Essays, Memoirs, Plays, Music, Comedy","Poetry, fiction, essays, memoirs, plays, music, comedy"
"Indie Pop, Pop Rock","Alternative Rock, Rock"
"Indie Pop, Pop Rock","K-pop, Pop"
"Indie Pop, Pop Rock","Alternative Rock, Indie"
"Indie Pop, Pop Rock",Indie / Alternative / Rock
"Indie Pop, Pop Rock","indie, alternative"
"Indie Pop, Pop Rock","Alternative Rock, Indie Rock, Pop"
"Indie Pop, Pop Rock","Pop, K-Pop"
"Indie Pop, Pop Rock","K-Pop, Pop"
"Indie Pop, Pop Rock","Alternative Rock, Indie Rock"
"Indie Pop, Pop Rock","Alternative rock, indie rock"
"Indie Pop, Pop Rock","Pop Rock, Indie Pop"
"Indie Pop, Pop Rock","K-Pop, R&B, Pop"
"Indie Pop, Pop Rock","Power Pop, Pop, Pop Punk"
"Indie Pop, Pop Rock","Pop, Indie"
"Indie Pop, Pop Rock","Country Pop, Indie Pop"
"Indie Pop, Pop Rock","Pop, Indie Pop"
"Indie Pop, Pop Rock","Rock, Indie Pop"
"Indie Pop, Pop Rock","Indie Rock, Indie Pop"
"Indie Pop, Pop Rock","Alternative Rock, Indie Pop, Indie Rock"
"Indie Pop, Pop Rock","Folk Rock, Indie Rock"
"Indie Pop, Pop Rock",Indie pop/rock
"Indie Pop, Pop Rock","Pop, Pop Punk"
"Indie Pop, Pop Rock","Pop, Indie Rock"
"Indie Pop, Pop Rock","Rock, Indie Rock"
"Indie Pop, Pop Rock","Pop, Indie-rock"
"Indie Pop, Pop Rock","Alternative, rock, indie"
"Indie Pop, Pop Rock",Indie pop-rock
"Indie Pop, Pop Rock","Folk-pop, Indie-pop"
"Indie Pop, Pop Rock","Rock, Indie, Alternative"
"Indie Pop, Pop Rock","Pop, K-pop, R&B"
"Indie Pop, Pop Rock","Indie, Alternative"
"Indie Pop, Pop Rock","Punk rock, Indie rock"
"Indie Pop, Pop Rock","Rock, Indie Alternative Rock"
"Indie Pop, Pop Rock","Alternative Rock, Indie Pop"
"Indie Pop, Pop Rock","Rock, Indie & Alternative"
"Indie Pop, Pop Rock","Alternative Rock, Indie Rock, Rock"
"Indie Pop, Pop Rock","Pop, Indie-Rock"
"Indie Pop, Pop Rock","K-pop, Pop Punk"
"Jazz, Soul","Jazz, R&B, Soul"
"Jazz, Soul","Jazz, Soul, R&B"
"Jazz, Blues","Jazz, Blues, Ska"
"Jazz, Blues","Jazz, Blues, Large Ensembles"
"Jazz, Blues","Jazz, Blues, Salsa"
HIP HOP | LATIN | EDM,"Reggaeton, Hip-Hop, Latin EDM"
HIP HOP | LATIN | EDM,"Reggaeton, Hip Hop, Latin"
HIP HOP | LATIN | EDM,"Hip Hop, Latin, EDM"
"Punk, Indie Rock, Alt-Rock","Punk, Indie-rock, Alt-rock"
"Punk, Indie Rock, Alt-Rock","Indie-rock, Alt-rock"
"Punk, Indie Rock, Alt-Rock","Rock, Alt-rock"
"Punk, Indie Rock, Alt-Rock","Indie Rock, Alt-Rock"
"hip-hop, neo-soul","Jazz, Hip Hop, Neo-Soul"
Karaoke,"Karaoke, Emo"
Karaoke,"Dance, Karaoke"
"rock music, live music","music, live music"
"rock music, live music","Rock music, Live music"
"rock music, live music","Music, Live Music"
"Musical, Drama","Musical, Drama, History"
Musical improv,"Musical improv, comedy"
Musical improv,Musical Improv
"Metal, Punk, Rock","Heavy Metal, Punk, Rock"
"Jazz, Funk, R&B, Soul","R&B, jazz, funk, soul"
"Jazz, Funk, R&B, Soul","Jazz, R&B, Funk, Soul"
"Jazz, Funk, R&B, Soul","Jazz, Funk, Soul"
"Jazz, Funk, R&B, Soul","Jazz, Funk, Soul, R&B"
roots-rock,"Roots Rock, Swing"
roots-rock,"Ska, Roots Rock"
roots-rock,Roots rock
"Power Pop, Pop, Pop Punk","Alternative Rock, Rock"
"Power Pop, Pop, Pop Punk","K-pop, Pop"
"Power Pop, Pop, Pop Punk","Alternative Rock, Indie"
"Power Pop, Pop, Pop Punk",Indie / Alternative / Rock
"Power Pop, Pop, Pop Punk","indie, alternative"
"Power Pop, Pop, Pop Punk","Alternative Rock, Indie Rock, Pop"
"Power Pop, Pop, Pop Punk","Pop, K-Pop"
"Power Pop, Pop, Pop Punk","K-Pop, Pop"
"Power Pop, Pop, Pop Punk","Alternative Rock, Indie Rock"
"Power Pop, Pop, Pop Punk","Alternative rock, indie rock"
"Power Pop, Pop, Pop Punk","Pop Rock, Indie Pop"
"Power Pop, Pop, Pop Punk","K-Pop, R&B, Pop"
"Power Pop, Pop, Pop Punk","Pop, Indie"
"Power Pop, Pop, Pop Punk","Country Pop, Indie Pop"
"Power Pop, Pop, Pop Punk","Pop, Indie Pop"
"Power Pop, Pop, Pop Punk","Rock, Indie Pop"
"Power Pop, Pop, Pop Punk","Indie Rock, Indie Pop"
"Power Pop, Pop, Pop Punk","Alternative Rock, Indie Pop, Indie Rock"
"Power Pop, Pop, Pop Punk","Folk Rock, Indie Rock"
"Power Pop, Pop, Pop Punk",Indie pop/rock
"Power Pop, Pop, Pop Punk","Pop, Pop Punk"
"Power Pop, Pop, Pop Punk","Pop, Indie Rock"
"Power Pop, Pop, Pop Punk","Rock, Indie Rock"
"Power Pop, Pop, Pop Punk","Pop, Indie-rock"
"Power Pop, Pop, Pop Punk","Alternative, rock, indie"
"Power Pop, Pop, Pop Punk",Indie pop-rock
"Power Pop, Pop, Pop Punk","Folk-pop, Indie-pop"
"Power Pop, Pop, Pop Punk","Rock, Indie, Alternative"
"Power Pop, Pop, Pop Punk","Pop, K-pop, R&B"
"Power Pop, Pop, Pop Punk","Indie, Alternative"
"Power Pop, Pop, Pop Punk","Punk rock, Indie rock"
"Power Pop, Pop, Pop Punk","Rock, Indie Alternative Rock"
"Power Pop, Pop, Pop Punk","Alternative Rock, Indie Pop"
"Power Pop, Pop, Pop Punk","Rock, Indie & Alternative"
"Power Pop, Pop, Pop Punk","Alternative Rock, Indie Rock, Rock"
"Power Pop, Pop, Pop Punk","Pop, Indie-Rock"
"Power Pop, Pop, Pop Punk","K-pop, Pop Punk"
"Comedy, Improv, Music","Comedy, Improv, Music, Art"
"Folk, Rock, Soul, Country","Rock, Soul, Country, Latin"
"Art, Nightlife",Nightlife
"Art, Nightlife","Theater, Nightlife"
"Roots music, country, surf, garage rock, psychedelia, alt rock","Roots music, Country, Surf, Garage Rock, Psychedelia, Alt Rock"
"Roots music, country, surf, garage rock, psychedelia, alt rock","roots music, country, spaghetti western, surf, garage rock, psychedelia, alt rock"
"Comedy, Stand-Up",Comedy > Stand Up
"Comedy, Stand-Up",stand up comedy
"Comedy, Stand-Up","Comedy, Stand-Up Comedy"
"Comedy, Stand-Up","Comedy, Stand up"
"Comedy, Stand-Up",stand-up comedy
"Comedy, Stand-Up","Comedy, Stand-up Comedy"
"Comedy, Stand-Up",Stand-up
"Pop, Indie-rock","Alternative Rock, Rock"
"Pop, Indie-rock","K-pop, Pop"
"Pop, Indie-rock","Alternative Rock, Indie"
"Pop, Indie-rock",Indie / Alternative / Rock
"Pop, Indie-rock","indie, alternative"
"Pop, Indie-rock","Alternative Rock, Indie Rock, Pop"
"Pop, Indie-rock","Pop, K-Pop"
"Pop, Indie-rock","K-Pop, Pop"
"Pop, Indie-rock","Alternative Rock, Indie Rock"
"Pop, Indie-rock","Alternative rock, indie rock"
"Pop, Indie-rock","Pop Rock, Indie Pop"
"Pop, Indie-rock","K-Pop, R&B, Pop"
"Pop, Indie-rock","Pop, Indie"
"Pop, Indie-rock","Country Pop, Indie Pop"
"Pop, Indie-rock","Pop, Indie Pop"
"Pop, Indie-rock","Rock, Indie Pop"
"Pop, Indie-rock","Indie Rock, Indie Pop"
"Pop, Indie-rock","Alternative Rock, Indie Pop, Indie Rock"
"Pop, Indie-rock","Folk Rock, Indie Rock"
"Pop, Indie-rock",Indie pop/rock
"Pop, Indie-rock","Pop, Pop Punk"
"Pop, Indie-rock","Pop, Indie Rock"
"Pop, Indie-rock","Rock, Indie Rock"
"Pop, Indie-rock","Alternative, rock, indie"
"Pop, Indie-rock",Indie pop-rock
"Pop, Indie-rock","Folk-pop, Indie-pop"
"Pop, Indie-rock","Rock, Indie, Alternative"
"Pop, Indie-rock","Pop, K-pop, R&B"
"Pop, Indie-rock","Indie, Alternative"
"Pop, Indie-rock","Punk rock, Indie rock"
"Pop, Indie-rock","Rock, Indie Alternative Rock"
"Pop, Indie-rock","Alternative Rock, Indie Pop"
"Pop, Indie-rock","Rock, Indie & Alternative"
"Pop, Indie-rock","Alternative Rock, Indie Rock, Rock"
"Pop, Indie-rock","Pop, Indie-Rock"
"Pop, Indie-rock","K-pop, Pop Punk"
"Music, Dance, Theatre","Dance, Theatre"
"Music, Dance, Theatre","Classical Music, Dance, Theatre"
"Music, Games",Games
"Music, Games",Role-playing games
Live music,"Reggae, live music"
Live music,"Film, Live Music"
Live music,"Live Music, Vinahouse"
Live music,"Polka, Live Music"
Live music,"jazz, live music"
Live music,"Live Music, Q&As"
Live music,live music
Reggaeton,Reggaeton romántico
Reggae-rock,Reggae/Rock
Reggae-rock,Reggae rock
"Indie Folk, Indie Rock","Folk, Indie"
"Indie Folk, Indie Rock","Indie Folk, Indie Rock, Pop"
"Indie Folk, Indie Rock","Folk, Indie-Rock"
"Indie Folk, Indie Rock","Indie Folk, Indie Rock, Indie Alternative"
"Broadway, Family & Education, Music","Broadway, Family & Education, Musical"
"Art, Live Music, Theater & Performance","Live Music, Theater & Performance"
"Art, Live Music, Theater & Performance","Live Music, Theater & Performance, Community"
rock music,Rock Music
rock music,Rock music
Food & Beverage,"Music, Food & Beverage"
Documentary,"Documentary, Music"
Indie-electronic,Indie electronic
"Dance, Theater, Multimedia Performance","Dance, Theater, Multimedia Performance, Contemporary"
"Country, Hip Hop","Country, Hip-hop"
"Country, Hip Hop","Country, Hip-Hop"
"Blues, Soul, Gospel","Soul, Gospel, Americana"
"Blues, Soul, Gospel","Jazz, Soul, Gospel"
"Blues, Soul, Gospel","Soul, Gospel"
"Blues, Soul, Gospel","Soul, R&B, Gospel, Pop"
Trivia,"Trivia, General Knowledge, Music"
Trivia,"Trivia, Music"
dance parties,"edm, dance, parties"
Dance Music,Dance music.
Dance Music,Dance & Music
Dance Music,"Dance, Music"
Dance Music,Dance music
"Bass Music, Dubstep","Bass music, Dubstep"
Visual Art,"Community, Visual Art"
Visual Art,"Murals, Visual Art"
Improvisational Comedy,Improvisational comedy
Circus,"Comedy, Circus"
Circus,"Circus, Music"
"Soul, Doo-wop, R&B",Doo Wop
"Soul, Doo-wop, R&B","Musical, Doo-wop"
"Soul, Doo-wop, R&B","Doo Wop, Broadway"
Arts,Photographic arts
Cultural festival,"Cultural festival, Folk music"
Musical Theater,"Musical Theater, Drag"
Musical Theater,"Hip-hop, musical theater"
Musical Theater,"Musical, Theater"
"Dance, Pop",Dance Pop
"Dance, Pop",Dance-pop
K-Pop,Pop psicodélico
K-Pop,POP
K-Pop,Pop/R&B
K-Pop,"R&B, Pop"
K-Pop,"Pop, R&B"
Country Music,"Country music, Bluegrass"
Country Music,"Country Music, Sertanejo"
Country Music,"Country, Music"
"Alternative Metal, Alternative Rock, Post-Grunge","Alternative rock, post-grunge"
Theater.,"Comedy, Absurdist Theater"
Electronic/Synth,"Electronic/Synth, Ambient"
Electronic/Synth,"Electronic, Synth Pop"
Emo Rock,"Emo, Rock"
Emo Rock,Emo rock
Emo Rock,"R&B, Emo Rock"
"Christmas, Holiday Music",Holiday Music
"Christmas, Holiday Music",Holiday music
"R&B, house",Haunted House
"R&B, house",House
"Classical, Sacred Music","Classical, Sacred"
house/EDM,"Dutch house, EDM"
"Americana, Rock",Americana Rock
"Soul, Funk, R&B","Soul, R&B, Funk"
"Soul, Funk, R&B","Soul, Funk"
"Historical re-enactment, Military.",Historical Commemoration
"Historical re-enactment, Military.","Musical, Historical"
"Historical re-enactment, Military.","Classical, Historical"
"World, Latin",World/Latin
Music & Dance,"Music, Dance, EDM"
Music & Dance,"Music, Dance"
"hip-hop, r&b, amapiano, dancehall, afrobeats","Afrobeats, Hip Hop, Amapiano, Dancehall"
"Pop-punk, Alternative Rock, Hard Rock, Heavy Metal","Rock, Heavy Metal"
"Pop-punk, Alternative Rock, Hard Rock, Heavy Metal","Hard rock, heavy metal"
"Pop-punk, Alternative Rock, Hard Rock, Heavy Metal","Rock, Hard rock, Heavy metal"
"Pop-punk, Alternative Rock, Hard Rock, Heavy Metal","Hard rock, Heavy metal"
"Ska, Roots Rock","Roots Rock, Swing"
"Ska, Roots Rock",Roots rock
"Jazz, Funk, Hip-hop","Jazz, funk, hip-hop, EDM"
"Jazz, Funk, Hip-hop","Jazz, Funk, Hip Hop, Rap"
"Jazz, Funk, Hip-hop","Jazz, Funk, Hip Hop"
Crafts,"Crafts, Art"
"Pop, Indie Rock","Alternative Rock, Rock"
"Pop, Indie Rock","K-pop, Pop"
"Pop, Indie Rock","Alternative Rock, Indie"
"Pop, Indie Rock",Indie / Alternative / Rock
"Pop, Indie Rock","indie, alternative"
"Pop, Indie Rock","Alternative Rock, Indie Rock, Pop"
"Pop, Indie Rock","Pop, K-Pop"
"Pop, Indie Rock","K-Pop, Pop"
"Pop, Indie Rock","Alternative Rock, Indie Rock"
"Pop, Indie Rock","Alternative rock, indie rock"
"Pop, Indie Rock","Pop Rock, Indie Pop"
"Pop, Indie Rock","K-Pop, R&B, Pop"
"Pop, Indie Rock","Pop, Indie"
"Pop, Indie Rock","Country Pop, Indie Pop"
"Pop, Indie Rock","Pop, Indie Pop"
"Pop, Indie Rock","Rock, Indie Pop"
"Pop, Indie Rock","Indie Rock, Indie Pop"
"Pop, Indie Rock","Alternative Rock, Indie Pop, Indie Rock"
"Pop, Indie Rock","Folk Rock, Indie Rock"
"Pop, Indie Rock",Indie pop/rock
"Pop, Indie Rock","Pop, Pop Punk"
"Pop, Indie Rock","Rock, Indie Rock"
"Pop, Indie Rock","Alternative, rock, indie"
"Pop, Indie Rock",Indie pop-rock
"Pop, Indie Rock","Folk-pop, Indie-pop"
"Pop, Indie Rock","Rock, Indie, Alternative"
"Pop, Indie Rock","Pop, K-pop, R&B"
"Pop, Indie Rock","Indie, Alternative"
"Pop, Indie Rock","Punk rock, Indie rock"
"Pop, Indie Rock","Rock, Indie Alternative Rock"
"Pop, Indie Rock","Alternative Rock, Indie Pop"
"Pop, Indie Rock","Rock, Indie & Alternative"
"Pop, Indie Rock","Alternative Rock, Indie Rock, Rock"
"Pop, Indie Rock","Pop, Indie-Rock"
"Pop, Indie Rock","K-pop, Pop Punk"
Christian Music,"Worship, Christian Music"
Christian Music,Christian music
Musical comedy,Musical Comedy
"Alternative, Punk","Alternative, Punk, Rock"
"Country, Folk, Americana, Rock","Folk, Americana, Rock"
"Country, Folk, Americana, Rock","Country, Folk, Americana"
"Country, Folk, Americana, Rock","Pop, Folk, Americana, Rock"
"Hip-hop, R&B",Hip-Hop & R&B
"Hip-hop, R&B",hip hop
"Hip-hop, R&B","hip-hop, R&B"
"Hip-hop, R&B","hip hop, R&B"
"Hip-hop, R&B","Hip-Hop, Classical"
"Hip-hop, R&B",Female hip-hop
"Hip-hop, R&B","Hip-Hop, R&B"
"Hip-hop, R&B","R&B, hip-hop"
"Hip-hop, R&B","Hip-hop, R&B, Soulection, House"
"Hip-hop, R&B",Hip hop
Books & Readings,"Books & Readings, Community"
Drag,drag
"Afrobeat, Latin, World Funk","Latin, World"
"R&B, Funk","Funk, R&B"
"R&B, Funk",introverted funk
"R&B, Funk",Funk
"indie, alternative","Alternative Rock, Rock"
"indie, alternative","K-pop, Pop"
"indie, alternative","Alternative Rock, Indie"
"indie, alternative",Indie / Alternative / Rock
"indie, alternative","Alternative Rock, Indie Rock, Pop"
"indie, alternative","Pop, K-Pop"
"indie, alternative","K-Pop, Pop"
"indie, alternative","Alternative Rock, Indie Rock"
"indie, alternative","Alternative rock, indie rock"
"indie, alternative","Pop Rock, Indie Pop"
"indie, alternative","K-Pop, R&B, Pop"
"indie, alternative","Pop, Indie"
"indie, alternative","Country Pop, Indie Pop"
"indie, alternative","Pop, Indie Pop"
"indie, alternative","Rock, Indie Pop"
"indie, alternative","Indie Rock, Indie Pop"
"indie, alternative","Alternative Rock, Indie Pop, Indie Rock"
"indie, alternative","Folk Rock, Indie Rock"
"indie, alternative",Indie pop/rock
"indie, alternative","Pop, Pop Punk"
"indie, alternative","Rock, Indie Rock"
"indie, alternative","Alternative, rock, indie"
"indie, alternative",Indie pop-rock
"indie, alternative","Folk-pop, Indie-pop"
"indie, alternative","Rock, Indie, Alternative"
"indie, alternative","Pop, K-pop, R&B"
"indie, alternative","Indie, Alternative"
"indie, alternative","Punk rock, Indie rock"
"indie, alternative","Rock, Indie Alternative Rock"
"indie, alternative","Alternative Rock, Indie Pop"
"indie, alternative","Rock, Indie & Alternative"
"indie, alternative","Alternative Rock, Indie Rock, Rock"
"indie, alternative","Pop, Indie-Rock"
"indie, alternative","K-pop, Pop Punk"
"Comedy, Storytelling","comedy, storytelling"
"Jazz, Funk, Fusion",Funk Fusion
"Jazz, Funk, Fusion","Funk, Fusion"
"Music, Performing Arts","Dance, Music, Performing Arts"
"Music, Performing Arts","Music, Performing Arts, Irish"
"Music, Performing Arts","Live music, Performing arts"
Fine Arts,"Fine Arts, Workshops"
Fine Arts,"Workshops, Fine Arts"
Fine Arts,"Fine Arts, Wine"
Fine Arts,"Ballet, Fine Arts"
Fine Arts,"Fine Arts, Art"
House,Haunted House
Opera,Cantonese Opera
Opera,"Opera, Chamber Opera"
Opera,opera
"Burlesque, Variety Show, Queer","Burlesque, Variety Show"
Flamenco,"Flamenco, Pop"
"Indie Rock, Americana, Folk","Rock, Americana"
"Indie Rock, Americana, Folk","Rock, Americana, Folk"
"Indie Rock, Americana, Folk","Pop, Rock, Americana"
"Indie Rock, Americana, Folk","Indie Rock, Americana"
"Funk, Disco, House, Electronic","Funk, Disco, House"
Classic Rock,Classic rock
Classic Rock,"Classic rock, Pop"
"Live Music, Entertainment","Music, Entertainment"
"Alternative, Indie","Indie Pop, Alternative"
"Alternative, Indie","Indie Pop, Alternative Rock"
"Alternative, Indie","Alternative, Indie Rock"
"Alternative, Indie","Pop, Alternative, Indie Pop"
"Alternative, Indie","Alternative, Indie, Rock"
"Alternative, Indie","Alternative, Indie Pop"
"Neo-Soul, Hip-Hop/Rap","Neo-Soul, Hip-Hop/Rap, R&B"
Literature,"Art, Literature"
Literature,"Poetry, Literature"
"Music, Bingo","Drag, Bingo"
"Hip Hop, R&B, Afrobeats","Hip-Hop, R&B, Afrobeats"
"Hip Hop, R&B, Afrobeats",Hip hop; R&B; Afrobeats
Funk,"Funk, R&B"
Funk,introverted funk
"Afrobeats, Dancehall","Afrobeats, dancehall"
"Tech House, House, Electronic","Tech House, House"
"Tech House, House, Electronic",Tech house
"Tech House, House, Electronic","Techno, House, Tech House"
"Tech House, House, Electronic",Tech House
"Tech House, House, Electronic","house, tech-house"
"Tech House, House, Electronic","Tech House, House, Techno"
"Reggaeton, Salsa, Cumbia, Vallenato, Perreo","Reggaeton, Salsa, Cumbia, Vallenato"
"Reggaeton, Salsa, Cumbia, Vallenato, Perreo","Latin, Reggaeton, Salsa, Cumbia, Vallenato"
"Synth-pop, Rock",Synth-pop
"Synth-pop, Rock",Synth pop
Chamber music,Chamber Music
"Afro House, Tech House, House","Global Sounds, Afro House, Tech House, House"
"Pop, hip-hop","K-pop, R&B, Hip-Hop"
"Pop, hip-hop","Pop, Hip-Hop"
"Pop, hip-hop","Pop, Hip-hop"
retro/nostalgia rock,"Dance, Retro"
Blues / Blues Rock,"Blues, Blues-Rock"
"Folk, Rock, Americana, Not provided in source.","Americana, Not provided in source."
"Dubstep, Electronic, Hardcore","Dubstep, Electronic"
"Performance art, Live music","Art, Live Music"
"Rock, Pop","Rock, Pop, R&B"
"Rock, Pop",Rock/Pop
"Hardcore punk, Rock",Hardcore / Punk / Rock
"Hardcore punk, Rock","Post-Hardcore, Hardcore Punk, Rock"
"Hardcore punk, Rock",Hardcore Punk
"Hardcore punk, Rock","Post-hardcore, Punk Rock"
"Blues, Soul, Funk, R&B","Blues, R&B/Soul/Funk"
"Classical, Percussion","Steelpan, Percussion"
"Trivia, Music","Trivia, General Knowledge, Music"
Christmas music,"Pop-punk, Christmas music"
Jam Bands,"Rock, Jam Bands"
Early music,Early Music
"Jazz, Latin Jazz","Jazz, Latin"
"Reggae, Pop, Punk","Reggae, Pop, R&B"
"Reggae, Pop, Punk",Reggae-Pop
Cross-genre,Cross-genre chamber music
Cross-genre,"Chamber music, Cross-genre, Rock, Jazz"
"Latin, Gypsy swing","Gypsy, Swing, Punk Rock"
Afrobeats,"Afrobeats, R&B"
Afrobeats,"R&B, Afrobeats"
"Hip-Hop, R&B",Hip-Hop & R&B
"Hip-Hop, R&B",hip hop
"Hip-Hop, R&B","hip-hop, R&B"
"Hip-Hop, R&B","hip hop, R&B"
"Hip-Hop, R&B","Hip-Hop, Classical"
"Hip-Hop, R&B",Female hip-hop
"Hip-Hop, R&B","R&B, hip-hop"
"Hip-Hop, R&B","Hip-hop, R&B, Soulection, House"
"Hip-Hop, R&B",Hip hop
"Hip Hop, R&B, Not provided in source.","Pop, Hip-hop, R&B, Not provided in source."
"Hip hop, Rap","Electronic, Hip-Hop/Rap"
"Hip hop, Rap",Hip-Hop / Rap
"Hip hop, Rap","Hip-Hop, Rap"
"Hip hop, Rap",Hip-hop/Rap
"Hip hop, Rap",Hip Hop/Rap
"Hip hop, Rap","Hip-Hop/Rap, Jazz"
"Hip hop, Rap","Hip-Hop/Rap, Comedy"
"Hip hop, Rap","Hip-hop, Rap"
"Hip hop, Rap","Hip-Hop/Rap, Indie Rock"
"Hip hop, Rap","Hip Hop, Rap"
Folk-rock,Folk Rock
Folk-rock,"Folk, Rock"
Folk-rock,Folk-Rock
Folk-rock,Folk rock
Folk-rock,"Theater, Folk-Rock"
Latin music,Latin Music
"Alternative, Metal, R&B, Hip-Hop","alternative, metal, R&B, hip-hop"
"Alternative, Metal, R&B, Hip-Hop","Alternative, Metal, Hip Hop"
"Alternative, Metal, R&B, Hip-Hop","Alternative, R&B, Metal, Hip-Hop"
"Electronic, R&B",Electronic R&B
Drama,"Drama, Quiz"
Orchestra,"Orchestra, Music"
Orchestra,"jazz, orchestra"
Reggae-Pop,"Reggae, Pop, R&B"
Standup Comedy,Standup comedy
"Extreme Metal, Death Metal","Extreme metal, Death metal, Punk"
Progressive rock,Progressive Rock
Progressive rock,"Progressive, Rock"
Progressive rock,"Progressive Rock, Alternative"
Dance music.,Dance & Music
Dance music.,"Dance, Music"
Dance music.,Dance music
"Creating & Making, Technology","Creating & Making, Technology, Music, Art"
"Creating & Making, Technology",Creating & Making Technology
"Creating & Making, Technology","Creating & Making, Technology, Art"
"Classical, Chamber Music","Classical, Chamber Music, Jazz"
"roots music, country, spaghetti western, surf, garage rock, psychedelia, alt rock","Roots music, Country, Surf, Garage Rock, Psychedelia, Alt Rock"
"Jazz, Funk, Soul","R&B, jazz, funk, soul"
"Jazz, Funk, Soul","Jazz, R&B, Funk, Soul"
"Jazz, Funk, Soul","Jazz, Funk, Soul, R&B"
"Jazz, R&B, Funk","Jazz, Funk"
"Jazz, R&B, Funk",Jazz Funk
"Jazz, R&B, Funk","Jazz, Funk, R&B"
"Jazz, R&B, Funk","R&B, Jazz, Funk"
Classical music,"Classical, Music"
Classical music,classical music
Classical music,Classical Music
"ambient, neoclassical, electronic, avant-pop","Ambient, Neoclassical, Electronic, Avant-Pop"
"Jazz, Pop",Jazz Pop
"Jazz, Pop","Jazz, Pop, Rock"
Arts & Crafts,"Reggae, Arts & Crafts"
"Pop, Indie, Singer/Songwriter","Indie Rock, R&B, Indie, Singer/Songwriter"
"Pop, Indie, Singer/Songwriter","Folk, Indie, Singer-Songwriter"
Brazilian music,"Brazilian music, International music"
Indie-folk,Indie Folk
Indie-folk,"Indie, Folk"
Indie-folk,Indie folk
Indie-folk,Indie-Folk
Indie-folk,"Indie/Folk, Poetry"
"Music education, Kids",Music Education
"Post-hardcore, Punk Rock",Hardcore / Punk / Rock
"Post-hardcore, Punk Rock","Post-Hardcore, Hardcore Punk, Rock"
"Post-hardcore, Punk Rock",Hardcore Punk
"Hip Hop, Jazz","Hip hop, Jazz"
"Classical, Orchestral","Classical, Orchestral Music"
"Glam metal, Rock",Glam metal
"Soul, Jazz, Pop","Soul, jazz, R&B, pop"
"Live music, performance art","Music, Performance Art"
"A cappella, Barbershop harmony",Barbershop harmony
"Jazz, Dance","Jazz, dance"
"Jazz, Classical","Afro-Peruvian, Jazz, Classical"
"Creating & Making, Technology, Art","Creating & Making, Technology, Music, Art"
"Creating & Making, Technology, Art",Creating & Making Technology
"House, Deep House, Tech House","Afro House, Deep House, Tech House"
Rock 'n' Roll,Rock & Roll
Rock 'n' Roll,Rock ‘n Roll
Rock 'n' Roll,Rock N Roll
Rock 'n' Roll,Rock 'n' roll
"Dance, Contemporary dance","Dance, Contemporary Dance, Classical"
"Dance, Contemporary dance","Dance, Contemporary"
Heavy metal,"Metal, Heavy Metal"
Heavy metal,Heavy Metal
Heavy metal,"EDM, Heavy Metal"
Heavy metal,"Blues, Heavy Metal"
"Art & Museums, Live Music","Art & Museums, Live Music, LGBTQ+"
Hard Rock,Hard rock
"Hip-Hop, R&B, Afrobeats",Hip hop; R&B; Afrobeats
Wine Tasting,"Wine, Wine Tasting, Cocktails"
Wine Tasting,"Comedy, Wine Tasting"
Wine Tasting,"Festivals, Wine Tasting, Comedy"
"Alternative, Post-Punk, New Wave","Alternative, post-punk, new wave"
Retro soul,Retro-soul
Improv Comedy,Improv comedy
Dance Theater,"Interdisciplinary Performance, Dance, Theater"
Dance Theater,"Dance, Theater"
"Punk, Reggae, Ska","Punk, Reggae, Ska, Oi"
"music, performances, entertainment","music, performances, entertainment, fine arts"
"Alternative, Indie, Rock","Indie Pop, Alternative"
"Alternative, Indie, Rock","Indie Pop, Alternative Rock"
"Alternative, Indie, Rock","Alternative, Indie Rock"
"Alternative, Indie, Rock","Pop, Alternative, Indie Pop"
"Alternative, Indie, Rock","Alternative, Indie Pop"
"Rock, Indie Alternative Rock","Alternative Rock, Rock"
"Rock, Indie Alternative Rock","K-pop, Pop"
"Rock, Indie Alternative Rock","Alternative Rock, Indie"
"Rock, Indie Alternative Rock",Indie / Alternative / Rock
"Rock, Indie Alternative Rock","Alternative Rock, Indie Rock, Pop"
"Rock, Indie Alternative Rock","Pop, K-Pop"
"Rock, Indie Alternative Rock","K-Pop, Pop"
"Rock, Indie Alternative Rock","Alternative Rock, Indie Rock"
"Rock, Indie Alternative Rock","Alternative rock, indie rock"
"Rock, Indie Alternative Rock","Pop Rock, Indie Pop"
"Rock, Indie Alternative Rock","K-Pop, R&B, Pop"
"Rock, Indie Alternative Rock","Pop, Indie"
"Rock, Indie Alternative Rock","Country Pop, Indie Pop"
"Rock, Indie Alternative Rock","Pop, Indie Pop"
"Rock, Indie Alternative Rock","Rock, Indie Pop"
"Rock, Indie Alternative Rock","Indie Rock, Indie Pop"
"Rock, Indie Alternative Rock","Alternative Rock, Indie Pop, Indie Rock"
"Rock, Indie Alternative Rock","Folk Rock, Indie Rock"
"Rock, Indie Alternative Rock",Indie pop/rock
"Rock, Indie Alternative Rock","Pop, Pop Punk"
"Rock, Indie Alternative Rock","Rock, Indie Rock"
"Rock, Indie Alternative Rock","Alternative, rock, indie"
"Rock, Indie Alternative Rock",Indie pop-rock
"Rock, Indie Alternative Rock","Folk-pop, Indie-pop"
"Rock, Indie Alternative Rock","Rock, Indie, Alternative"
"Rock, Indie Alternative Rock","Pop, K-pop, R&B"
"Rock, Indie Alternative Rock","Indie, Alternative"
"Rock, Indie Alternative Rock","Punk rock, Indie rock"
"Rock, Indie Alternative Rock","Alternative Rock, Indie Pop"
"Rock, Indie Alternative Rock","Rock, Indie & Alternative"
"Rock, Indie Alternative Rock","Alternative Rock, Indie Rock, Rock"
"Rock, Indie Alternative Rock","Pop, Indie-Rock"
"Rock, Indie Alternative Rock","K-pop, Pop Punk"
"Heavy Metal, Death Metal, Black Metal","Black Metal, Death Metal"
"Heavy Metal, Death Metal, Black Metal",Death Metal
"Heavy Metal, Death Metal, Black Metal",Death metal
"Heavy Metal, Death Metal, Black Metal",Metal / Death Metal
"Heavy Metal, Death Metal, Black Metal","Heavy Metal, Death Metal, Black Metal, Rock"
"Heavy Metal, Death Metal, Black Metal","Death Metal, Black Metal, Heavy Metal"
"Heavy Metal, Death Metal, Black Metal","Metal, Death Metal, Black Metal, Heavy Metal"
"Heavy Metal, Death Metal, Black Metal","Death Metal, Black Metal"
"Heavy Metal, Death Metal, Black Metal","Death Metal, Black Metal, Heavy Metal, Alternative"
"Pop-punk, Emo","Punk, Emo"
"Pop-punk, Emo","pop-punk, emo"
Classic rock,"Classic rock, Pop"
"Funk, Fusion",Funk Fusion
"Country, Pop",Country-pop
"Country, Pop",Country Pop
"Food & Beverage, Festivals & Fairs","Food & Beverage, Festivals & Fairs, Performing Arts"
"Food & Beverage, Festivals & Fairs","Food & Beverage, Festivals & Fairs, Music"
Dance music,Dance & Music
Dance music,"Dance, Music"
Jazz-fusion,Jazz Fusion
"Rock, Digicore, Hardcore Hip Hop","Digicore, Hardcore Hip Hop"
"Soul, Indie, Pop","R&B/Soul, Indie"
"House Music, EDM","Music, EDM, Dance"
"House Music, EDM","House music, EDM, Dance"
"EDM, Classical, Ambient, World Music","EDM, classical, ambient, world music"
"Art, Crafts",Art & Crafts
Classes & Workshops,"Dancing, Classes & Workshops"
Classical Music,"Classical, Music"
Classical Music,classical music
"House, techno, trance, experimental club music.","House, techno, trance, experimental club music"
"Alternative Rock, Indie Rock, Rock","Alternative Rock, Rock"
"Alternative Rock, Indie Rock, Rock","K-pop, Pop"
"Alternative Rock, Indie Rock, Rock","Alternative Rock, Indie"
"Alternative Rock, Indie Rock, Rock",Indie / Alternative / Rock
"Alternative Rock, Indie Rock, Rock","Alternative Rock, Indie Rock, Pop"
"Alternative Rock, Indie Rock, Rock","Pop, K-Pop"
"Alternative Rock, Indie Rock, Rock","K-Pop, Pop"
"Alternative Rock, Indie Rock, Rock","Alternative Rock, Indie Rock"
"Alternative Rock, Indie Rock, Rock","Alternative rock, indie rock"
"Alternative Rock, Indie Rock, Rock","Pop Rock, Indie Pop"
"Alternative Rock, Indie Rock, Rock","K-Pop, R&B, Pop"
"Alternative Rock, Indie Rock, Rock","Pop, Indie"
"Alternative Rock, Indie Rock, Rock","Country Pop, Indie Pop"
"Alternative Rock, Indie Rock, Rock","Pop, Indie Pop"
"Alternative Rock, Indie Rock, Rock","Rock, Indie Pop"
"Alternative Rock, Indie Rock, Rock","Indie Rock, Indie Pop"
"Alternative Rock, Indie Rock, Rock","Alternative Rock, Indie Pop, Indie Rock"
"Alternative Rock, Indie Rock, Rock","Folk Rock, Indie Rock"
"Alternative Rock, Indie Rock, Rock",Indie pop/rock
"Alternative Rock, Indie Rock, Rock","Pop, Pop Punk"
"Alternative Rock, Indie Rock, Rock","Rock, Indie Rock"
"Alternative Rock, Indie Rock, Rock","Alternative, rock, indie"
"Alternative Rock, Indie Rock, Rock",Indie pop-rock
"Alternative Rock, Indie Rock, Rock","Folk-pop, Indie-pop"
"Alternative Rock, Indie Rock, Rock","Rock, Indie, Alternative"
"Alternative Rock, Indie Rock, Rock","Pop, K-pop, R&B"
"Alternative Rock, Indie Rock, Rock","Indie, Alternative"
"Alternative Rock, Indie Rock, Rock","Punk rock, Indie rock"
"Alternative Rock, Indie Rock, Rock","Alternative Rock, Indie Pop"
"Alternative Rock, Indie Rock, Rock","Rock, Indie & Alternative"
"Alternative Rock, Indie Rock, Rock","Pop, Indie-Rock"
"Alternative Rock, Indie Rock, Rock","K-pop, Pop Punk"
Culinary Arts,CULINARY Arts
Culinary Arts,Culinary arts
Culinary Arts,"Cooking, Culinary Arts"
Art & Craft,"Art, Craft"
"Pop, Rock, Alternative Rock","Indie, Rock, Alternative"
"Pop, Rock, Alternative Rock","Pop, Rock, Alternative"
"Pop, Rock, Alternative Rock","Indie rock, alternative rock, folk"
"Pop, Rock, Alternative Rock","Indie Rock, Alternative"
"Pop, Rock, Alternative Rock","indie rock, alternative, electronic"
"Pop, Rock, Alternative Rock","Indie Rock, Alternative Rock"
"Pop, Rock, Alternative Rock","Folk, Indie Rock, Alternative Rock"
"Pop, Rock, Alternative Rock","Rock, Alternative Rock"
"Pop, Rock, Alternative Rock","Rock, Alternative"
"Pop, Rock, Alternative Rock",Rock/Alternative
"Pop, Rock, Alternative Rock","Folk Rock, Alternative"
"Pop, Rock, Alternative Rock","Pop-rock, Alternative"
"Pop, Rock, Alternative Rock","Blues-Rock, Alternative"
"Pop, Rock, Alternative Rock","Folk Rock, Alternative Rock"
"Emo-punk, Midwest emo, punk, alternative rock","emo-punk, Midwest emo, punk, alternative rock"
"Blues-Rock, Alternative","Indie, Rock, Alternative"
"Blues-Rock, Alternative","Pop, Rock, Alternative"
"Blues-Rock, Alternative","Indie rock, alternative rock, folk"
"Blues-Rock, Alternative","Indie Rock, Alternative"
"Blues-Rock, Alternative","indie rock, alternative, electronic"
"Blues-Rock, Alternative","Indie Rock, Alternative Rock"
"Blues-Rock, Alternative","Folk, Indie Rock, Alternative Rock"
"Blues-Rock, Alternative","Rock, Alternative"
"Blues-Rock, Alternative","Rock, Alternative Rock"
"Blues-Rock, Alternative",Rock/Alternative
"Blues-Rock, Alternative","Folk Rock, Alternative"
"Blues-Rock, Alternative","Pop-rock, Alternative"
"Blues-Rock, Alternative","Folk Rock, Alternative Rock"
"Rock, darkwave, goth, synth-pop","Rock, Darkwave, Goth, Synth-pop"
"Rock, darkwave, goth, synth-pop","Rock, Darkwave, Goth, Synth-Pop"
Classical/Opera,"Classical, Opera"
"EDM, Live Music","EDM, live music"
Death Metal,"Black Metal, Death Metal"
Death Metal,Death metal
Death Metal,Metal / Death Metal
Death Metal,"Death Metal, Black Metal, Heavy Metal"
Death Metal,"Heavy Metal, Death Metal, Black Metal, Rock"
Death Metal,"Metal, Death Metal, Black Metal, Heavy Metal"
Death Metal,"Death Metal, Black Metal"
Death Metal,"Death Metal, Black Metal, Heavy Metal, Alternative"
"Folk, Roots Music","Blues, Folk, Roots"
"Folk, Roots Music","Folk, Roots"
Martial Arts,Mixed Martial Arts
Martial Arts,"Workshops, Martial Arts"
Choral music,"Choral music, Classical"
Choral music,Choral Music
"Music, Art, Community","Art, Community"
"Indie-rock, emo","Indie rock, Emo"
"Indie-rock, emo","Indie Rock, Emo, Alt Rock"
"Post-Punk Darkwave, Electrohaze, Goth-Pop Darkwave","Post-Punk, Darkwave, Electrohaze, Goth-Pop Darkwave"
"Grunge, Dream Pop","Indie Rock, Grunge, Dream Pop"
Visual Arts,"Visual Arts, Multimedia"
Visual Arts,"Workshops, Visual Arts"
"Punk, Psychobilly, Alternative Rock, Hardcore Punk, Anti-Folk, Blues Revival, Oi!","Punk, Psychobilly, Alternative Rock, Hardcore Punk, Anti-Folk"
Culinary event; Blues,Culinary Event
Jazz / Improvised Music,"Jazz, Improvised Music"
"Poetry, Hip Hop","Poetry, Hip Hop, Live Music"
Heavy Metal,"Metal, Heavy Metal"
Heavy Metal,"EDM, Heavy Metal"
Heavy Metal,"Blues, Heavy Metal"
"Electronic, Hip-hop","R&B, electronic, hip-hop"
"Theatre, Comedy","Theatre, Comedy, Supernatural, Horror"
"Reggaeton, Latin","Reggaeton, Latin music"
"Jazz, Neo-Soul","R&B, Jazz, Neo-Soul"
"Alternative, Indie Rock","Indie Pop, Alternative"
"Alternative, Indie Rock","Indie Pop, Alternative Rock"
"Alternative, Indie Rock","Pop, Alternative, Indie Pop"
"Alternative, Indie Rock","Alternative, Indie Pop"
"Spoken Word, Poetry","Spoken word, Poetry"
"Spoken Word, Poetry","Spoken Word, Poetry, Music"
"Spoken Word, Poetry",Spoken word poetry
"Spoken Word, Poetry",Spoken Word Poetry
"Spoken Word, Poetry","Spoken Word, Poetry, Comedy"
"Spoken Word, Poetry","Spoken word, Poetry, Music, Comedy"
Hard Techno,Hard techno
Hard Techno,HARD TECHNO
"Punk, Rock",Punk rock
"R&B, Neo-Soul","Neo-soul, R&B"
"R&B, Neo-Soul",Neo Soul
"Live music, Art","live music, art"
"Live music, Art","Live Music, Art"
"Musical, Theater","Musical Theater, Drag"
"Musical, Theater","Hip-hop, musical theater"
"Rock, Pop, Alternative","Pop, Alternative, R&B"
"Rock, Metal","Rock, Metal, Classical"
"Rock, Metal","Indie Rock, Metal"
Doom Metal,"Doom Metal, Yoga"
"R&B, Pop Rock, Classic Rock","Indie rock, Classic rock"
"Hard rock, heavy metal, Southern rock","Hard Rock, Heavy Metal, Southern Rock"
"Spoken word, Poetry","Spoken Word, Poetry, Music"
"Spoken word, Poetry",Spoken word poetry
"Spoken word, Poetry",Spoken Word Poetry
"Spoken word, Poetry","Spoken Word, Poetry, Comedy"
"Spoken word, Poetry","Spoken word, Poetry, Music, Comedy"
Pop punk,Pop Punk
Pop punk,Pop/Punk
Pop punk,Pop-punk
Pop punk,"Neon pop punk, Anthem emo"
"Rock, Punk, Pop, Not provided in source.","Pop, Not provided in source."
"Rock, Punk, Pop, Not provided in source.","Darkwave, Not provided in source."
"Rock, Punk, Pop, Not provided in source.","Rock, Pop, Not provided in source."
"Rock, Punk, Pop, Not provided in source.","Reggaeton, Rock, Pop, Not provided in source."
"Rock, Punk, Pop, Not provided in source.","Texican rock & roll, Not provided in source."
"Hindustani music, Indian classical","World music, Indian classical music"
"Irish dance, international dance, music","Irish Dance, International Dance"
"Drag, K-pop","Drag, Pop"
"Funk, Soul, Banda, Country, Reggae, Pop, Norteño, Comedy","Funk, Soul, Banda, Country, Reggae, Pop, Norteño"
"Literary Arts, Poetry, Film","Literary Arts, Poetry"
"Alternative Rock, Acoustic","Alternative rock, Acoustic"
"Alternative Rock, Acoustic","Rock, Acoustic"
"Dance, Music",Dance & Music
"Emo, Pop-punk","Emo, Pop Punk"
"Emo, Pop-punk",Emo / Pop-Punk
"Emo, Pop-punk","emo, pop-punk"
"Emo, Pop-punk","Emo, Pop-Punk"
"Jazz, Hip-Hop","Jazz, Hip-Hop, R&B"
"Jazz, Hip-Hop","Jazz, R&B, Hip-Hop, Pop"
"Jazz, Hip-Hop","Jazz, R&B, Hip-Hop"
"Jazz, Hip-Hop","Jazz, Hip Hop"
"Chamber music, classical","Chamber Music, Classical"
"Hardcore, Metal, Punk","Hardcore, Metal"
"Punk, Indie Rock","Pop punk, indie"
"Punk, Indie Rock","Pop-punk, Indie Rock"
"Punk, Indie Rock","Pop punk, Indie"
Art & Museums,"Art & Museums, Workshops"
Art & Museums,"Art & Museums, LGBTQ+"
Art History,"Art History, Archeology"
Art History,"Lecture, Art History"
"Poetry, Jazz","Poetry, Jazz, Blues"
"Hip Hop, Rap","Electronic, Hip-Hop/Rap"
"Hip Hop, Rap",Hip-Hop / Rap
"Hip Hop, Rap","Hip-Hop, Rap"
"Hip Hop, Rap",Hip-hop/Rap
"Hip Hop, Rap",Hip Hop/Rap
"Hip Hop, Rap","Hip-Hop/Rap, Jazz"
"Hip Hop, Rap","Hip-Hop/Rap, Comedy"
"Hip Hop, Rap","Hip-hop, Rap"
"Hip Hop, Rap","Hip-Hop/Rap, Indie Rock"
"Darkwave, Not provided in source.","Pop, Not provided in source."
"Darkwave, Not provided in source.","Rock, Pop, Not provided in source."
"Darkwave, Not provided in source.","Reggaeton, Rock, Pop, Not provided in source."
"Darkwave, Not provided in source.","Texican rock & roll, Not provided in source."
Pop-punk,Pop Punk
Pop-punk,Pop/Punk
Pop-punk,"Neon pop punk, Anthem emo"
Disco,"Disco, Occasionally"
Disco,disco
Disco,"R&B, Disco"
Art Exhibition,Art exhibition
"Experimental Rock, Punk",Experimental Rock
"Experimental Rock, Punk","Experimental, Rock"
Art-punk,art punk
Sketch Comedy,Sketch comedy
"Rock, Indie, Alternative","Alternative Rock, Rock"
"Rock, Indie, Alternative","K-pop, Pop"
"Rock, Indie, Alternative","Alternative Rock, Indie"
"Rock, Indie, Alternative",Indie / Alternative / Rock
"Rock, Indie, Alternative","Alternative Rock, Indie Rock, Pop"
"Rock, Indie, Alternative","Pop, K-Pop"
"Rock, Indie, Alternative","K-Pop, Pop"
"Rock, Indie, Alternative","Alternative Rock, Indie Rock"
"Rock, Indie, Alternative","Alternative rock, indie rock"
"Rock, Indie, Alternative","Pop Rock, Indie Pop"
"Rock, Indie, Alternative","K-Pop, R&B, Pop"
"Rock, Indie, Alternative","Pop, Indie"
"Rock, Indie, Alternative","Country Pop, Indie Pop"
"Rock, Indie, Alternative","Pop, Indie Pop"
"Rock, Indie, Alternative","Rock, Indie Pop"
"Rock, Indie, Alternative","Indie Rock, Indie Pop"
"Rock, Indie, Alternative","Alternative Rock, Indie Pop, Indie Rock"
"Rock, Indie, Alternative","Folk Rock, Indie Rock"
"Rock, Indie, Alternative",Indie pop/rock
"Rock, Indie, Alternative","Pop, Pop Punk"
"Rock, Indie, Alternative","Rock, Indie Rock"
"Rock, Indie, Alternative","Alternative, rock, indie"
"Rock, Indie, Alternative",Indie pop-rock
"Rock, Indie, Alternative","Folk-pop, Indie-pop"
"Rock, Indie, Alternative","Pop, K-pop, R&B"
"Rock, Indie, Alternative","Indie, Alternative"
"Rock, Indie, Alternative","Punk rock, Indie rock"
"Rock, Indie, Alternative","Alternative Rock, Indie Pop"
"Rock, Indie, Alternative","Rock, Indie & Alternative"
"Rock, Indie, Alternative","Pop, Indie-Rock"
"Rock, Indie, Alternative","K-pop, Pop Punk"
"Indie & Alt, Pop, Rock, Electronic",Alt-pop
"Indie & Alt, Pop, Rock, Electronic","Alt-pop, Rock"
"Indie & Alt, Pop, Rock, Electronic","Alt-pop, Pop"
"Indie & Alt, Pop, Rock, Electronic","Alternative, Alt-Pop"
"Indie & Alt, Pop, Rock, Electronic","Rap, Alt-pop"
"Indie & Alt, Pop, Rock, Electronic","Alt-pop, Rock, Electronic"
"Indie & Alt, Pop, Rock, Electronic","Electronic, Alt-pop"
"Post-Hardcore, Hardcore Punk, Rock",Hardcore / Punk / Rock
"Post-Hardcore, Hardcore Punk, Rock",Hardcore Punk
Nightlife,"Theater, Nightlife"
"Electronic, Synth, Rock",Electronic/Synth Rock
"Electronic, Synth, Rock","Electronic/Synth, Rock"
"Folk, Soul","Folk, Soul, R&B"
"Pop, Rock",Pop rock
"Pop, Rock","R&B, Pop, Rock"
"Pop, Rock",Pop/Rock
"Pop, Rock",Pop Rock
"Pop, Rock",Pop-Rock
"Music, Art, Culture",Art & Culture
"Music, Art, Culture","Art, Culture"
Rock & Roll,Rock ‘n Roll
Rock & Roll,Rock N Roll
Rock & Roll,Rock 'n' roll
"Parties, edm music","raves, parties, EDM, music"
"Tech House, House",Tech house
"Tech House, House","Techno, House, Tech House"
"Tech House, House",Tech House
"Tech House, House","house, tech-house"
"Tech House, House","Tech House, House, Techno"
"Garage rock, jazz rap, power pop-punk, lo-fi R&B","Garage rock, jazz rap, power pop-punk, lo-fi R&B."
"Food & Beverage, Not provided in source.","Food & Beverage, Performing Arts, Not provided in source."
"Pop, Electronic","Pop, Electronic, Classical"
"Punk rock, Hardcore","Punk Rock, Hardcore"
Literary Arts,"Literary, Arts"
Literary Arts,"Art, Literary Arts"
"Alternative, Metal, Hip Hop","alternative, metal, R&B, hip-hop"
"Alternative, Metal, Hip Hop","Alternative, R&B, Metal, Hip-Hop"
"Rock, Soul, R&B","R&B, Rock, Soul"
"R&B, Pop",Pop psicodélico
"R&B, Pop",POP
"R&B, Pop",Pop/R&B
"R&B, Pop","Pop, R&B"
"Comedy, Magic",Comedy Magic
"Comedy, Magic","Comedy, Magic, Variety"
"Country, Southern hip-hop, Rock","Country, Southern Hip-Hop"
"Country, Southern hip-hop, Rock","Country, Southern hip-hop"
"Metal, Thrash Metal","Heavy Metal, Thrash Metal"
"Metal, Thrash Metal",Thrash Metal
"Metal, Thrash Metal","Heavy metal, Thrash"
"Metal, Thrash Metal","Thrash, Metal"
"Art & Design, Exhibitions",Art & Design
"music performances, live music","Authors, Music & Performances"
"music performances, live music","music, performances, festivals"
"Rock, Pop, Funk, Soft Rock","Psychedelic, Soft Rock"
"Rock, Pop, Funk, Soft Rock","Pop, Soft Rock"
"Rock, Pop, Funk, Soft Rock","Soft Rock, Pop Rock"
"Rock, Pop, Funk, Soft Rock","Soft rock, pop, R&B"
Electronic Dance Music,Electronic dance music
"Americana, Alternative Rock","Americana, Alternative"
"Hood Rock, Go-Go",Go-go
"Hood Rock, Go-Go",Go Go
"Hood Rock, Go-Go","Jazz, Go-Go"
"Hood Rock, Go-Go",Go-Go
"Hood Rock, Go-Go","Spoken Word, Go-Go"
Traditional Irish music,Traditional Irish
Traditional Irish music,Traditional Irish Music
Literature (Not provided in source.),"Literature, Not provided in source."
"Alternative rock, reggae fusion","Alternative Rock, Reggae Fusion"
Pop & EDM,"K-Pop, EDM"
Contemporary Dance,contemporary dance
"Latin, Jazz",Latin Jazz
"Latin, Jazz",Latin jazz
music,"Music, Kindie"
music,Devotional Music
music,Music Creation
music,"Music, Parades"
music,Cafe Music
music,Vietnamese music
music,Handbell Music
"Art, Science","Music, Art, Science"
Club / DJ,"Club / DJ, Electronic"
Club / DJ,"Art, Club / DJ"
Jam band,"Jam Band, Live Music"
Jam band,"Psychedelic, Jam Band"
Jam band,Jam Band
Jam band,Jam / Jam Band / Rock
Jam band,"Gulf & Western, Jam Band"
Jam band,"Jam Band, Rock"
Jam band,"Jam band, Rock"
"Pop, Hip-Hop, Rock","Pop, Hip-Hop, Rock, Country"
"Pop, Hip-Hop, Rock","Pop, Hip-hop, Rock"
"Pop, Hip-Hop, Rock","Hip-hop, Rock"
"Pop, Hip-Hop, Rock","Hip-hop, Rock, Pop"
"Jazz, Hip-Hop, R&B","Jazz, R&B, Hip-Hop, Pop"
"Jazz, Hip-Hop, R&B","Jazz, R&B, Hip-Hop"
"Jazz, Hip-Hop, R&B","Jazz, Hip Hop"
"Alternative, Pop","Alternative, Pop Rock"
"Alternative, Pop",Alternative pop
"Alternative, Pop",Alternative Pop
"Alternative Rock, Indie Rock","Alternative Rock, Rock"
"Alternative Rock, Indie Rock","K-pop, Pop"
"Alternative Rock, Indie Rock","Alternative Rock, Indie"
"Alternative Rock, Indie Rock",Indie / Alternative / Rock
"Alternative Rock, Indie Rock","Alternative Rock, Indie Rock, Pop"
"Alternative Rock, Indie Rock","Pop, K-Pop"
"Alternative Rock, Indie Rock","K-Pop, Pop"
"Alternative Rock, Indie Rock","Alternative rock, indie rock"
"Alternative Rock, Indie Rock","Pop Rock, Indie Pop"
"Alternative Rock, Indie Rock","K-Pop, R&B, Pop"
"Alternative Rock, Indie Rock","Pop, Indie"
"Alternative Rock, Indie Rock","Country Pop, Indie Pop"
"Alternative Rock, Indie Rock","Pop, Indie Pop"
"Alternative Rock, Indie Rock","Rock, Indie Pop"
"Alternative Rock, Indie Rock","Indie Rock, Indie Pop"
"Alternative Rock, Indie Rock","Alternative Rock, Indie Pop, Indie Rock"
"Alternative Rock, Indie Rock","Folk Rock, Indie Rock"
"Alternative Rock, Indie Rock",Indie pop/rock
"Alternative Rock, Indie Rock","Pop, Pop Punk"
"Alternative Rock, Indie Rock","Rock, Indie Rock"
"Alternative Rock, Indie Rock","Alternative, rock, indie"
"Alternative Rock, Indie Rock",Indie pop-rock
"Alternative Rock, Indie Rock","Folk-pop, Indie-pop"
"Alternative Rock, Indie Rock","Pop, K-pop, R&B"
"Alternative Rock, Indie Rock","Indie, Alternative"
"Alternative Rock, Indie Rock","Punk rock, Indie rock"
"Alternative Rock, Indie Rock","Alternative Rock, Indie Pop"
"Alternative Rock, Indie Rock","Rock, Indie & Alternative"
"Alternative Rock, Indie Rock","Pop, Indie-Rock"
"Alternative Rock, Indie Rock","K-pop, Pop Punk"
"Pop, Not provided in source.","Rock, Pop, Not provided in source."
"Pop, Not provided in source.","Reggaeton, Rock, Pop, Not provided in source."
"Pop, Not provided in source.","Texican rock & roll, Not provided in source."
"music, poetry, comedy","Art, Music, Poetry, Comedy"
"music, poetry, comedy","Music, Poetry, Comedy"
"music, poetry, comedy","Art, Music, Poetry"
"Jazz, Go-Go",Go-go
"Jazz, Go-Go",Go Go
"Jazz, Go-Go",Go-Go
"Jazz, Go-Go","Spoken Word, Go-Go"
Gospel,"R&B, Gospel"
Gospel,Gospel-flavored blues
"Alt-pop, Rock",Alt-pop
"Alt-pop, Rock","Alt-pop, Pop"
"Alt-pop, Rock","Alternative, Alt-Pop"
"Alt-pop, Rock","Rap, Alt-pop"
"Alt-pop, Rock","Alt-pop, Rock, Electronic"
"Alt-pop, Rock","Electronic, Alt-pop"
"Comedy, Family Theater","Comedy, Family, Theater"
"Comedy, Family Theater",Family Theater
"Dancing, Live Music, DJ","Fundraiser, Dancing, Live Music, DJ"
Irish Music,"Live music, Irish music"
Irish Music,Irish music
Irish Music,"Irish Music, Dance"
Irish Music,"Irish, Music"
"Latin Music, Salsa","Latin music, Salsa"
"Latin Music, Salsa","Latin music, salsa"
"Indie-pop, R&B, Jazz","Indie Pop, Jazz"
"Hip-Hop/Rap, Comedy","Electronic, Hip-Hop/Rap"
"Hip-Hop/Rap, Comedy",Hip-Hop / Rap
"Hip-Hop/Rap, Comedy","Hip-Hop, Rap"
"Hip-Hop/Rap, Comedy",Hip-hop/Rap
"Hip-Hop/Rap, Comedy",Hip Hop/Rap
"Hip-Hop/Rap, Comedy","Hip-Hop/Rap, Jazz"
"Hip-Hop/Rap, Comedy","Hip-hop, Rap"
"Hip-Hop/Rap, Comedy","Hip-Hop/Rap, Indie Rock"
Alt-pop,"Alt-pop, Pop"
Alt-pop,"Alternative, Alt-Pop"
Alt-pop,"Rap, Alt-pop"
Alt-pop,"Alt-pop, Rock, Electronic"
Alt-pop,"Electronic, Alt-pop"
"emo, post-hardcore","Alternative, Emo, Post-Hardcore"
Horror,"Rock, Horror"
"Live Music, Club / DJ","Art, Live Music, Club/DJ"
"Live Music, Club / DJ","Live Music, Club / DJ, Comedy"
"Film, Noir",Film Noir
"Trap, Rap",Trap
"Trap, Rap","Dance, Trap"
"Trap, Rap","R&B, TRAP"
"Trap, Rap","R&B, Trap"
"Music, Storytime",Storytime
"Folk, Indie-Rock","Folk, Indie"
"Folk, Indie-Rock","Indie Folk, Indie Rock, Pop"
"Folk, Indie-Rock","Indie Folk, Indie Rock, Indie Alternative"
"Rock, Darkwave, Goth, Synth-pop","Rock, Darkwave, Goth, Synth-Pop"
"Tribute, New Wave",New Wave
Tech House,Tech house
Tech House,"Techno, House, Tech House"
Tech House,"house, tech-house"
Tech House,"Tech House, House, Techno"
"Punk, Pop Punk, Ska","Punk, Pop Punk, Ska Punk"
"Punk, Pop Punk, Ska","Punk, Pop-punk, Ska"
"R&B, soul","Soul, Inspirational"
"R&B, soul",R&B & Soul
"R&B, soul","R&B, Soul"
"R&B, soul","Soul, R&B"
"R&B, soul","Soul, Philly Soul"
"Folk & Blues, Indie & Alt","Rock, Folk & Blues, Indie & Alt"
"Music, Jazz, Classical, Pop","Jazz, Classical, Pop"
"Music, Jazz, Classical, Pop","Jazz, classical, pop"
"Rap, Pop",Cloud rap
"Rap, Pop","Comedy, Rap"
"Comedy, Parody","Comedy, Parody, Musical"
Blues Rock,Blues / Rock
Blues Rock,Blues/Rock
Blues Rock,Blues-Rock
Blues Rock,Blues-rock
Blues Rock,"Blues, Rock"
Blues Rock,"R&B, Blues-Rock"
Blues Rock,"Blues, Rock, R&B"
Blues Rock,"Blues rock, Album rock"
"Fine arts, Performing arts, Live music","Artistic, Fine Arts, Performing Arts"
Health & Wellness,"Dance, Health & Wellness"
Singer-Songwriter,Singer/Songwriter
Singer-Songwriter,Singer-songwriter
"Folk rock, Country","Jazz, Folk, Rock, Country"
"Folk rock, Country","Folk-rock, Country"
"house, tech-house",Tech house
"house, tech-house","Techno, House, Tech House"
"house, tech-house","Tech House, House, Techno"
"Americana, Country/Folk/Bluegrass","Americana, Country-Folk"
"Americana, Country/Folk/Bluegrass","Americana, Country, Folk, Rock"
"Americana, Country/Folk/Bluegrass","Americana, Country"
"Americana, Country/Folk/Bluegrass","Americana, country, folk, rock"
"Americana, Country/Folk/Bluegrass","Americana, Country, Folk"
"Pop, Hip-Hop","Pop, Hip-hop"
"Pop, Hip-Hop","K-pop, R&B, Hip-Hop"
Collage Art,"skincare, art, training"
Collage Art,"Art, Tattoos"
Collage Art,"Art, Paranormal"
Collage Art,"Art, Auction"
"Dance, Karaoke","Karaoke, Emo"
Indie funk-rock,"Indie funk-rock, R&B/Soul/Funk"
"Pop-punk, Rock","Pop, Punk Rock"
"Pop-punk, Rock","Pop Punk, Rock"
"Hip hop, R&B, Soul","Hip-hop, Soul, Funk, R&B"
"Hip hop, R&B, Soul","Jazz, Hip-Hop, R&B, Soul"
"Hip hop, R&B, Soul","Hip-hop, Soul"
Photography,"Film, Photography"
"Alternative Rock, Rock","K-pop, Pop"
"Alternative Rock, Rock","Alternative Rock, Indie"
"Alternative Rock, Rock",Indie / Alternative / Rock
"Alternative Rock, Rock","Alternative Rock, Indie Rock, Pop"
"Alternative Rock, Rock","Pop, K-Pop"
"Alternative Rock, Rock","K-Pop, Pop"
"Alternative Rock, Rock","Alternative rock, indie rock"
"Alternative Rock, Rock","Pop Rock, Indie Pop"
"Alternative Rock, Rock","K-Pop, R&B, Pop"
"Alternative Rock, Rock","Pop, Indie"
"Alternative Rock, Rock","Country Pop, Indie Pop"
"Alternative Rock, Rock","Pop, Indie Pop"
"Alternative Rock, Rock","Rock, Indie Pop"
"Alternative Rock, Rock","Indie Rock, Indie Pop"
"Alternative Rock, Rock","Alternative Rock, Indie Pop, Indie Rock"
"Alternative Rock, Rock","Folk Rock, Indie Rock"
"Alternative Rock, Rock",Indie pop/rock
"Alternative Rock, Rock","Pop, Pop Punk"
"Alternative Rock, Rock","Rock, Indie Rock"
"Alternative Rock, Rock","Alternative, rock, indie"
"Alternative Rock, Rock",Indie pop-rock
"Alternative Rock, Rock","Folk-pop, Indie-pop"
"Alternative Rock, Rock","Pop, K-pop, R&B"
"Alternative Rock, Rock","Indie, Alternative"
"Alternative Rock, Rock","Punk rock, Indie rock"
"Alternative Rock, Rock","Alternative Rock, Indie Pop"
"Alternative Rock, Rock","Rock, Indie & Alternative"
"Alternative Rock, Rock","Pop, Indie-Rock"
"Alternative Rock, Rock","K-pop, Pop Punk"
Bass house,Bass House
"Hip-hop, R&B, Soulection, House",Hip-Hop & R&B
"Hip-hop, R&B, Soulection, House",hip hop
"Hip-hop, R&B, Soulection, House","hip-hop, R&B"
"Hip-hop, R&B, Soulection, House","hip hop, R&B"
"Hip-hop, R&B, Soulection, House","Hip-Hop, Classical"
"Hip-hop, R&B, Soulection, House",Female hip-hop
"Hip-hop, R&B, Soulection, House","R&B, hip-hop"
"Hip-hop, R&B, Soulection, House",Hip hop
Folk Rock,"Folk, Rock"
Folk Rock,Folk-Rock
Folk Rock,Folk rock
Folk Rock,"Theater, Folk-Rock"
"Cumbia, Salsa, Rock en español","Cumbia, salsa, rock en español"
"Psychedelic, Soft Rock","Pop, Soft Rock"
"Psychedelic, Soft Rock","Soft Rock, Pop Rock"
"Psychedelic, Soft Rock","Soft rock, pop, R&B"
Concerts & Live Music,"Concerts / Live Music, Holiday"
Soul jazz,"Jazz, Soul Jazz"
Soul jazz,soul jazz
"Spoken word poetry, Not provided in source.","Spoken Word, Poetry, Not provided in source."
"Spoken word poetry, Not provided in source.","Storytelling, Poetry, Not provided in source."
Future Bass,"Electronic, Indie, Future Bass"
"Punk, Pop-punk, Ska","Punk, Pop Punk, Ska Punk"
Holiday music,Holiday Music
"Americana, Folk","Americana, Folk, Rock, Country"
"Americana, Folk","Americana, folk-rock"
"Americana, Folk","Americana, Folk, Folk Rock"
"Americana, Folk","Americana, Folk-Rock"
"House, Techno","House, Techno, Jazz"
"Reggae, Punk, Ska, Folk","Reggae, punk, ska, folk"
"Blues, Rock N Roll","Blues, Rock & Roll"
"Cultural, Folk",Cultural
Music Festival,"Live music, festival"
Music Festival,"Live music, Festival"
"Latin hits, Reggaeton, Hip-hop","Reggaeton, Hip Hop, Latin hits"
"Latin hits, Reggaeton, Hip-hop","Reggaeton, Hip Hop, Latin Hits"
Electronic pop,"Electronic, Pop"
Pop/Soul,"Pop, Soul"
Pop/Soul,Pop-Soul
Pop/Soul,"Pop, Soul, R&B"
Indie-pop,Indie pop
Indie-pop,"Indie, Pop, R&B"
Indie-pop,"Indie Pop, R&B"
Indie-pop,Indie Pop
Indie-pop,indie pop
"Soul, R&B, Pop, Rock","Soul, R&B, Pop"
"Soul, R&B, Pop, Rock","R&B, Soul, Pop"
Indie Folk,"Indie, Folk"
Indie Folk,Indie folk
Indie Folk,Indie-Folk
Indie Folk,"Indie/Folk, Poetry"
"Metal, Hardcore","Metal, Hardcore Punk"
Hard techno,HARD TECHNO
"Reggaeton, Hip Hop, Latin Hits","Reggaeton, Hip Hop, Latin hits"
"Electronic, Funk, Jam","Electronic, Funk"
Family Theater,"Comedy, Family, Theater"
Soul-Blues,"Soul, R&B, Blues"
DJ/Dance,"Bollywood, DJ, Dance"
"Bluegrass, Country","Folk, Bluegrass, Country"
"Electronic/Synth, Rock",Electronic/Synth Rock
"Arts, Crafts & Hobbies","Arts, Crafts & Hobbies, Games"
"Theater & Performance, Performance Art","Theater, Performance Art"
"Theater & Performance, Performance Art",Theater & Performance
"Theater & Performance, Performance Art","Theater & Performance, Lunar New Year"
"Theater & Performance, Performance Art","Ballet, Theater & Performance"
"Guitar, Rock, Flamenco, Classical, Polynesian","Flamenco, Classical"
"Latin, Hip-Hop, R&B","Latin, R&B, Hip Hop"
Folk Music,Folk music
Folk Music,"Folksinger, Folk music"
Comedy Rock,"Country, Comedy Rock"
Comedy Rock,"Comedy, Rock"
"Gulf & Western, Jam Band","Jam Band, Live Music"
"Gulf & Western, Jam Band","Psychedelic, Jam Band"
"Gulf & Western, Jam Band",Jam Band
"Gulf & Western, Jam Band",Jam / Jam Band / Rock
"Gulf & Western, Jam Band","Jam Band, Rock"
"Gulf & Western, Jam Band","Jam band, Rock"
"Heavy Metal, Rock","Punk, Heavy Metal, Rock 'n' Roll"
"Heavy Metal, Rock","Heavy metal, Rock"
"Heavy Metal, Rock","Heavy Metal, Rock & Roll"
"Reggaeton, Rock, Pop, Not provided in source.","Rock, Pop, Not provided in source."
"Reggaeton, Rock, Pop, Not provided in source.","Texican rock & roll, Not provided in source."
"pop-punk, emo","Punk, Emo"
Drum & Bass,Drum & bass
Drum & Bass,"Drum & Bass, Jungle"
Drum & Bass,Drum N Bass
Drum & Bass,"Electronic, Drum & Bass"
"Hardcore Punk, Heavy Metal","Hardcore punk, Heavy metal"
"Film, Outdoor & Nature, Community Events","Film, Outdoor & Nature"
"Live music, festival","Live music, Festival"
"Garage/UK Garage, House, Tech House, Bass House, Afro House, Jungle House, Amapiano, Juke, Footwork, Club Edits","Garage/ UK Garage, House, Tech House, Bass house, Afro House, Jungle House, Amapiano, Juke, Footwork, Club Edits, Jungle, Hip-Hop, Trap"
Indie dream pop,Dream Pop
"Cabaret, Blues, Jazz","Kitschy Cabaret, Blues"
"Indie folk, Folk rock","Indie Folk, Folk-Rock"
High-energy music,High-energy nightlife sounds
"Comedy, Food Festival","Food festival, Music festival, Rock"
"Comedy, Food Festival","Music, Food Festival"
"Comedy, Food Festival",Food Festival
"Punk Rock, Pop","Punk rock, Pop"
"Indie Rock, Electronic","Indie Rock, Electronic Dance"
Hardcore / Punk / Rock,Hardcore Punk
"Latin, Reggaeton, Salsa, Cumbia, Vallenato","Reggaeton, Salsa, Cumbia, Vallenato"
Rock ‘n Roll,Rock N Roll
Rock ‘n Roll,Rock 'n' roll
"Soft Rock, Pop Rock","Pop, Soft Rock"
"Soft Rock, Pop Rock","Soft rock, pop, R&B"
"Poetry, Comedy, Music","poetry, comedy, music"
Gypsy Jazz,Roma/gypsy jazz
Gypsy Jazz,"Gypsy Jazz, Blues"
"Sports, Running",Ultra-running
"music, parties, edm, lgbt, pride","Parties, EDM, Dance, LGBT Pride"
"Scottish Gaelic, Folk",Scottish Folk
"Electronic, Rave","Punk, Electronic, Rave"
Smooth Jazz,"Jazz, Smooth Jazz, Instrumental R&B"
Smooth Jazz,Smooth jazz
"Hip-hop, Soul, Funk, R&B","Jazz, Hip-Hop, R&B, Soul"
"Hip-hop, Soul, Funk, R&B","Hip-hop, Soul"
"Alternative Rock, Indie Pop","K-pop, Pop"
"Alternative Rock, Indie Pop","Alternative Rock, Indie"
"Alternative Rock, Indie Pop",Indie / Alternative / Rock
"Alternative Rock, Indie Pop","Alternative Rock, Indie Rock, Pop"
"Alternative Rock, Indie Pop","Pop, K-Pop"
"Alternative Rock, Indie Pop","K-Pop, Pop"
"Alternative Rock, Indie Pop","Alternative rock, indie rock"
"Alternative Rock, Indie Pop","Pop Rock, Indie Pop"
"Alternative Rock, Indie Pop","K-Pop, R&B, Pop"
"Alternative Rock, Indie Pop","Pop, Indie"
"Alternative Rock, Indie Pop","Country Pop, Indie Pop"
"Alternative Rock, Indie Pop","Pop, Indie Pop"
"Alternative Rock, Indie Pop","Rock, Indie Pop"
"Alternative Rock, Indie Pop","Indie Rock, Indie Pop"
"Alternative Rock, Indie Pop","Alternative Rock, Indie Pop, Indie Rock"
"Alternative Rock, Indie Pop","Folk Rock, Indie Rock"
"Alternative Rock, Indie Pop",Indie pop/rock
"Alternative Rock, Indie Pop","Pop, Pop Punk"
"Alternative Rock, Indie Pop","Rock, Indie Rock"
"Alternative Rock, Indie Pop","Alternative, rock, indie"
"Alternative Rock, Indie Pop",Indie pop-rock
"Alternative Rock, Indie Pop","Folk-pop, Indie-pop"
"Alternative Rock, Indie Pop","Pop, K-pop, R&B"
"Alternative Rock, Indie Pop","Indie, Alternative"
"Alternative Rock, Indie Pop","Punk rock, Indie rock"
"Alternative Rock, Indie Pop","Rock, Indie & Alternative"
"Alternative Rock, Indie Pop","Pop, Indie-Rock"
"Alternative Rock, Indie Pop","K-pop, Pop Punk"
"House, funk, disco","House, Funk, Disco"
"Blues, Rock",Blues / Rock
"Blues, Rock",Blues/Rock
"Blues, Rock",Blues-Rock
"Blues, Rock",Blues-rock
"Blues, Rock","R&B, Blues-Rock"
"Blues, Rock","Blues, Rock, R&B"
"Blues, Rock","Blues rock, Album rock"
Indietronica,"Indie rock, Indietronica"
"Electronic/Synth, R&B/Soul/Funk","Rock, Electronic/Synth, R&B/Soul/Funk"
disco,"Disco, Occasionally"
disco,"R&B, Disco"
classical music,"Classical, Music"
"Jazz, Funk, Hip Hop","Jazz, funk, hip-hop, EDM"
"Jazz, Funk, Hip Hop","Jazz, Funk, Hip Hop, Rap"
"Hip Hop, Latin","Hip-hop, Latin rap, R&B"
World Music,"Virtuoso, World Music"
World Music,World music
Rap/Hip-Hop,"Rap, Hip Hop"
Rap/Hip-Hop,"R&B, Rap, Hip-Hop"
Rap/Hip-Hop,"Rap, Hip-Hop"
Rap/Hip-Hop,Rap / Hip Hop
"Jazz, Holiday",Holiday
"Jazz, Holiday","Holiday, Jazz"
Food & Drink,"Food & Drink, Wine"
Food & Drink,"Food & Drink, Tasting, Wine Festivals"
"Irish Music, Dance","Live music, Irish music"
"Irish Music, Dance",Irish music
"Irish Music, Dance","Irish, Music"
"Comedy, Performing Arts","Comedy, Performing Arts, Music"
"Comedy, Performing Arts","Performing Arts, Music"
"Comedy, Performing Arts","Comedy, Performing Arts, Music, Live Music"
"Literature, Fiction","Literature, Fiction, Poetry"
Cooking,"Cooking, Dance"
"Blues rock, Album rock",Blues / Rock
"Blues rock, Album rock",Blues/Rock
"Blues rock, Album rock",Blues-Rock
"Blues rock, Album rock",Blues-rock
"Blues rock, Album rock","R&B, Blues-Rock"
"Blues rock, Album rock","Blues, Rock, R&B"
Blues-rock,Blues / Rock
Blues-rock,Blues/Rock
Blues-rock,Blues-Rock
Blues-rock,"R&B, Blues-Rock"
Blues-rock,"Blues, Rock, R&B"
Hip hop,Hip-Hop & R&B
Hip hop,hip hop
Hip hop,"hip-hop, R&B"
Hip hop,"hip hop, R&B"
Hip hop,"Hip-Hop, Classical"
Hip hop,Female hip-hop
Hip hop,"R&B, hip-hop"
Indie pop,"Indie, Pop, R&B"
Indie pop,"Indie Pop, R&B"
Indie pop,Indie Pop
Indie pop,indie pop
80's New Wave,80's new wave
"Alternative R&B, Hip-Hop/Rap","Alternative, Hip-Hop"
"Alternative R&B, Hip-Hop/Rap",Alternative hip hop
"Alternative R&B, Hip-Hop/Rap","Alternative, R&B, Hip Hop"
"Alternative R&B, Hip-Hop/Rap","Alternative, Hip-Hop/Rap"
"Alternative R&B, Hip-Hop/Rap",Alternative Hip-Hop
post-post-hardcore,"Post Hardcore, Post Punk"
post-post-hardcore,Post-hardcore
post-post-hardcore,Post-Hardcore
Experimental,Experimental Folk
"Soul, R&B","Soul, Inspirational"
"Soul, R&B",R&B & Soul
"Soul, R&B","R&B, Soul"
"Soul, R&B","Soul, Philly Soul"
"Blues, Rock and Roll",Rock and Roll
"Blues, Rock and Roll","Americana, R&B, Rock and Roll"
"Blues, Rock and Roll",Indie rock and roll
"Blues, Rock and Roll",Rock and roll
"Blues, Rock and Roll","Rock and Roll, R&B"
Folk-Rock,"Folk, Rock"
Folk-Rock,Folk rock
Folk-Rock,"Theater, Folk-Rock"
"Art & Museums, Workshops","Art & Museums, LGBTQ+"
"Garage Rock, Punk","Rock, Garage Rock, Punk"
"Indie, Alt Rock","Rock, Indie, Alt"
"Indie, Alt Rock","Rock, Indie & Alt"
"Indie, Alt Rock","Rock, Indie & Alt, Country"
Rock and roll,Rock and Roll
Rock and roll,"Americana, R&B, Rock and Roll"
Rock and roll,Indie rock and roll
Rock and roll,"Rock and Roll, R&B"
Performance art,"Horror, Performance Art"
Performance art,Performance Art
"R&B, Pop, Rock",Pop rock
"R&B, Pop, Rock",Pop/Rock
"R&B, Pop, Rock",Pop Rock
"R&B, Pop, Rock",Pop-Rock
"Live Music, Holiday","Live music, Holiday"
"Live Music, Holiday","Live Music, Holiday Music"
Celtic Punk,Celtic punk
"Hip-hop, Rock, Pop","Hip-hop, Rock"
"Hip-hop, Rock, Pop","Pop, Hip-Hop, Rock, Country"
"Hip-hop, Rock, Pop","Pop, Hip-hop, Rock"
Electronic Music,Electronic music
Presentation/Discussion,History Presentation/Discussion
"exhibitions, technology, car shows","Exhibitions, Car Shows, Motorcycling"
Power metal,Power Metal
"Comedy, Rap",Cloud rap
"Electronic, House, Afropolitan House","Electronic, House"
Experimental Music,"Comedy, Experimental Music"
Conscious hip hop,"Conscious Hip-Hop, Reggae"
"Folk, Americana, Rock","Country, Folk, Americana"
"Folk, Americana, Rock","Pop, Folk, Americana, Rock"
"Country, Outlaw Country",Outlaw Country
"R&B, hip-hop",Hip-Hop & R&B
"R&B, hip-hop",hip hop
"R&B, hip-hop","hip-hop, R&B"
"R&B, hip-hop","hip hop, R&B"
"R&B, hip-hop","Hip-Hop, Classical"
"R&B, hip-hop",Female hip-hop
"Hip-Hop, R&B, Reggae Fusion","Hip-Hop, Reggae Fusion"
"Dubstep, Trap","EDM, hardstyle, dubstep, trap"
"Cumbia, reggae, R&B, contemporary Mexican music",Mexican music
"Afrobeats, Amapiano, Dancehall, R&B","Reggae, Afrobeats, Amapiano, Dancehall"
"Rock ’n’ Roll, Country, Blues","Rock-n-Roll, Country"
Roma/gypsy jazz,"Gypsy Jazz, Blues"
Rap / Hip Hop,"Rap, Hip Hop"
Rap / Hip Hop,"R&B, Rap, Hip-Hop"
Rap / Hip Hop,"Rap, Hip-Hop"
"Jazz, Classical, Pop","Jazz, classical, pop"
"Indie Folk, Americana","Indie, Folk, Americana"
"Alternative, Pop Rock",Alternative Pop
"Alternative, Pop Rock",Alternative pop
"Alternative Rock, Pop Rock","Alternative Rock, Pop Rock, Pop Punk"
"Alternative Rock, Pop Rock","Alternative Rock, Pop"
"Alternative Rock, Pop Rock","Alternative, Rock, Pop"
"Jazz, R&B/Soul/Funk","Jazz, Soul, Funk, R&B"
"Jazz, Funk, Blues","Jazz, Funk, Blues, Rock"
"Alternative Rock, Indie","K-pop, Pop"
"Alternative Rock, Indie",Indie / Alternative / Rock
"Alternative Rock, Indie","Alternative Rock, Indie Rock, Pop"
"Alternative Rock, Indie","Pop, K-Pop"
"Alternative Rock, Indie","K-Pop, Pop"
"Alternative Rock, Indie","Alternative rock, indie rock"
"Alternative Rock, Indie","Pop Rock, Indie Pop"
"Alternative Rock, Indie","K-Pop, R&B, Pop"
"Alternative Rock, Indie","Pop, Indie"
"Alternative Rock, Indie","Country Pop, Indie Pop"
"Alternative Rock, Indie","Pop, Indie Pop"
"Alternative Rock, Indie","Rock, Indie Pop"
"Alternative Rock, Indie","Indie Rock, Indie Pop"
"Alternative Rock, Indie","Alternative Rock, Indie Pop, Indie Rock"
"Alternative Rock, Indie","Folk Rock, Indie Rock"
"Alternative Rock, Indie",Indie pop/rock
"Alternative Rock, Indie","Pop, Pop Punk"
"Alternative Rock, Indie","Rock, Indie Rock"
"Alternative Rock, Indie","Alternative, rock, indie"
"Alternative Rock, Indie",Indie pop-rock
"Alternative Rock, Indie","Folk-pop, Indie-pop"
"Alternative Rock, Indie","Pop, K-pop, R&B"
"Alternative Rock, Indie","Indie, Alternative"
"Alternative Rock, Indie","Punk rock, Indie rock"
"Alternative Rock, Indie","Rock, Indie & Alternative"
"Alternative Rock, Indie","Pop, Indie-Rock"
"Alternative Rock, Indie","K-pop, Pop Punk"
"Dance music, House music","Dance Music, House Music"
"Rock, funk, Latin, jazz","Funk, Latin Jazz"
"Music, Food Festival","Food festival, Music festival, Rock"
"Music, Food Festival",Food Festival
Indie-Rock,indie rock
"Jazz, Latin Jazz, Salsa","Latin jazz, Salsa"
"Readings & Talks, Politics/Current Issues","Readings, Talks, History, Politics/Current Issues"
"Readings & Talks, Politics/Current Issues","Readings & Talks, Politics/Current Issues, Memoir/Biography"
"Irish Dance, Folk","Irish Dance, Folk Music"
"STEAM, Computers and Technology",Computers and technology
"STEAM, Computers and Technology","Computers and technology, STEAM"
"STEAM, Computers and Technology","Computers and technology, Educational"
"STEAM, Computers and Technology","STEAM, Computers and technology"
"Rock, Folk",Rock-folk
"Reggaeton, Hip Hop, Top 40","House Music, Hip Hop, Top 40"
"Reggaeton, Hip Hop, Top 40","Hip Hop, Top 40, R&B"
"Flamenco, Latin, Pop",Latin Pop
"Heavy Metal, Death Metal, Black Metal, Rock","Black Metal, Death Metal"
"Heavy Metal, Death Metal, Black Metal, Rock",Death metal
"Heavy Metal, Death Metal, Black Metal, Rock",Metal / Death Metal
"Heavy Metal, Death Metal, Black Metal, Rock","Death Metal, Black Metal, Heavy Metal, Alternative"
"Heavy Metal, Death Metal, Black Metal, Rock","Death Metal, Black Metal, Heavy Metal"
"Heavy Metal, Death Metal, Black Metal, Rock","Metal, Death Metal, Black Metal, Heavy Metal"
"Heavy Metal, Death Metal, Black Metal, Rock","Death Metal, Black Metal"
"Heavy Metal, Pop Rock","Heavy Metal, Pop"
Pop music,Pop Music
"Americana, Country","Americana, Country-Folk"
"Americana, Country","Americana, Country, Folk, Rock"
"Americana, Country","Americana, country, folk, rock"
"Americana, Country","Americana, Country, Folk"
Independent rock,"Independent rock, slowcore, pop"
Rock and Roll,"Americana, R&B, Rock and Roll"
Rock and Roll,Indie rock and roll
Rock and Roll,"Rock and Roll, R&B"
Musical Improv,"Musical improv, comedy"
"Ballet, Theater & Performance","Theater, Performance Art"
"Ballet, Theater & Performance",Theater & Performance
"Ballet, Theater & Performance","Theater & Performance, Lunar New Year"
"Musicals, Soundtrack",Musicals
Attractions,Arts & Attractions
Attractions,"Art, Attractions"
Pop rock,Pop/Rock
Pop rock,Pop Rock
Pop rock,Pop-Rock
"Ska, Reggae, Pop, Punk","Ska, Reggae, Pop"
"Ska, Reggae, Pop, Punk","Ska, Reggae, Pop, Rock"
"Fairs & Festivals, Holiday","Live Music, Fairs & Festivals, Holiday"
"Fairs & Festivals, Holiday","Live Music, Fairs & Festivals"
Latin Jazz,Latin jazz
"Hip-hop, Rap","Electronic, Hip-Hop/Rap"
"Hip-hop, Rap",Hip-Hop / Rap
"Hip-hop, Rap","Hip-Hop, Rap"
"Hip-hop, Rap",Hip-hop/Rap
"Hip-hop, Rap",Hip Hop/Rap
"Hip-hop, Rap","Hip-Hop/Rap, Jazz"
"Hip-hop, Rap","Hip-Hop/Rap, Indie Rock"
"Bluegrass, Folk, Country, Americana","Bluegrass, Folk, Country"
"soul, jazz, funk","R&B, pop, soul, jazz"
"soul, jazz, funk","Pop/Soul, Jazz-Funk"
"soul, jazz, funk","Soul, Jazz, Funk"
Fashion,"Music, Fashion"
Fashion,"Modeling, Fashion"
Fashion,"Comedy, Fashion"
Fashion,"Fashion, R&B"
Fashion,"Fashion, Film"
"Live Music, DJ","Live music, DJ"
"Alternative, Folk, Americana","Alternative Folk, Americana, Folk"
"Alternative, Folk, Americana","Alternative Folk, Americana"
"Jazz, Contemporary","Classical, jazz, contemporary"
"Electronic/Synth, Ambient","Electronic, Synth Pop"
"Indie Pop, Alternative","Indie Pop, Alternative Rock"
"Indie Pop, Alternative","Pop, Alternative, Indie Pop"
"Indie Pop, Alternative","Alternative, Indie Pop"
Power Soca | Bouyon | Jab Jab | R&B | Trap | Dancehall | Kompa | Afrobeats,"Soca, Power Soca, Bouyon, Jab Jab, R&B, Trap, Dancehall, Kompa, Afrobeats"
"Punk rock, Indie rock","K-pop, Pop"
"Punk rock, Indie rock",Indie / Alternative / Rock
"Punk rock, Indie rock","Alternative Rock, Indie Rock, Pop"
"Punk rock, Indie rock","Pop, K-Pop"
"Punk rock, Indie rock","K-Pop, Pop"
"Punk rock, Indie rock","Alternative rock, indie rock"
"Punk rock, Indie rock","Pop Rock, Indie Pop"
"Punk rock, Indie rock","K-Pop, R&B, Pop"
"Punk rock, Indie rock","Pop, Indie"
"Punk rock, Indie rock","Country Pop, Indie Pop"
"Punk rock, Indie rock","Pop, Indie Pop"
"Punk rock, Indie rock","Rock, Indie Pop"
"Punk rock, Indie rock","Indie Rock, Indie Pop"
"Punk rock, Indie rock","Alternative Rock, Indie Pop, Indie Rock"
"Punk rock, Indie rock","Folk Rock, Indie Rock"
"Punk rock, Indie rock",Indie pop/rock
"Punk rock, Indie rock","Pop, Pop Punk"
"Punk rock, Indie rock","Rock, Indie Rock"
"Punk rock, Indie rock","Alternative, rock, indie"
"Punk rock, Indie rock",Indie pop-rock
"Punk rock, Indie rock","Folk-pop, Indie-pop"
"Punk rock, Indie rock","Pop, K-pop, R&B"
"Punk rock, Indie rock","Indie, Alternative"
"Punk rock, Indie rock","Rock, Indie & Alternative"
"Punk rock, Indie rock","Pop, Indie-Rock"
"Punk rock, Indie rock","K-pop, Pop Punk"
"Music, Performing Arts, Theatre","Comedy, Performing Arts, Theatre, Acting"
"Music, Performing Arts, Theatre","performing arts, theatre"
American music,Roots and American music
"Alt Pop, Indie Pop","Indie, Alt-Pop, Indie Pop, Alternative"
"Alt Pop, Indie Pop","Folk, Indie, Alt-Pop"
"Alt Pop, Indie Pop","Folk, Indie, Alt-Pop, Indie-Pop"
"Alt Pop, Indie Pop","Folk, Indie, Alt-pop"
"Roots reggae, hip-hop, rock, electronic pop","Reggae, Roots Reggae, Hip-Hop, Rock, Electronic Pop"
Fashion Show,Fashion show
Literary Fiction,"Literary Fiction, Realistic Fiction"
Literary Fiction,"Literary, Fiction"
"Music, Community","Live Music, Community"
Theatrical,"Theatrical, Musical"
Theatrical,Theatrical and Musical
Theatrical,"Theatrical, Comedy"
"Indie Rock, Post-Punk","Rock, Indie Rock, Post-Punk"
"Indie Rock, Post-Punk","Rock, post-punk"
"Celtic, Irish, Folk","Celtic, Irish"
"Jazz, Soul, R&B","Jazz, R&B, Soul"
"Reggaeton, Hip Hop, Bachata, Salsa, Merengue","Reggaeton, Hip Hop, Perreo, Bachata, Salsa, Merengue"
"Art, Live Music, Club/DJ","Live Music, Club / DJ, Comedy"
Alternative Pop,Alternative pop
"Live Music, Family","Music, Family"
"Indie music, singer-songwriter, bedroom pop, indie folk","Indie music, bedroom pop, indie folk"
"Indie music, singer-songwriter, bedroom pop, indie folk","Indie-folk, Bedroom pop"
"Comedy, Community, Family","Comedy, Community"
"Alt-pop, Dream-pop","Alt-pop, dream-pop"
Post-hardcore,Post-Hardcore
Post-hardcore,"Post Hardcore, Post Punk"
"Folk-rock, Country","Jazz, Folk, Rock, Country"
"Dance, Rock",Dance-Rock
"Comedy, Comedy/Drama","Comedy, Drama"
"Comedy, Comedy/Drama",Comedy/Drama
soul jazz,"Jazz, Soul Jazz"
"Classical, Rock, Pop","Classical, Rock"
Technology,"Art, Technology"
"R&B, jazz, funk, soul","Jazz, Funk, Soul, R&B"
"R&B, jazz, funk, soul","Jazz, R&B, Funk, Soul"
"Charity & Causes, Other",Charity & Causes
"R&B, soul, hip-hop","Soul, Hip Hop, Electronic"
"R&B, soul, hip-hop","Soul, Hip-Hop, R&B"
"R&B, soul, hip-hop","Soul, Hip-Hop, R&B, Jazz"
"R&B, soul, hip-hop","Funk, Jazz, Soul, Hip-Hop"
"R&B, soul, hip-hop","Jazz, Soul, R&B, Hip Hop, Rock"
"R&B, soul, hip-hop","R&B, jazz, soul, hip-hop"
"R&B, soul, hip-hop","Jazz, Soul, Hip-hop, R&B"
"Roots Rock, Swing",Roots rock
Holiday,"Holiday, Jazz"
Hip Hop/Rap,"Electronic, Hip-Hop/Rap"
Hip Hop/Rap,Hip-Hop / Rap
Hip Hop/Rap,"Hip-Hop, Rap"
Hip Hop/Rap,Hip-hop/Rap
Hip Hop/Rap,"Hip-Hop/Rap, Jazz"
Hip Hop/Rap,"Hip-Hop/Rap, Indie Rock"
"Indie Rock, Alternative","Indie, Rock, Alternative"
"Indie Rock, Alternative","Pop, Rock, Alternative"
"Indie Rock, Alternative","Indie rock, alternative rock, folk"
"Indie Rock, Alternative","indie rock, alternative, electronic"
"Indie Rock, Alternative","Indie Rock, Alternative Rock"
"Indie Rock, Alternative","Folk, Indie Rock, Alternative Rock"
"Indie Rock, Alternative","Rock, Alternative"
"Indie Rock, Alternative","Rock, Alternative Rock"
"Indie Rock, Alternative",Rock/Alternative
"Indie Rock, Alternative","Folk Rock, Alternative"
"Indie Rock, Alternative","Pop-rock, Alternative"
"Indie Rock, Alternative","Folk Rock, Alternative Rock"
"Music, Live Music, Concerts","Live music, concerts"
Culinary,"Jazz, Culinary"
"House, Techno, Bass","house, techno, bass"
"Rock, post-punk","Rock, Indie Rock, Post-Punk"
"Theatre, Performing Arts, Comedy","Theatre, Performing arts"
"Hip-hop, jazz, R&B, Broadway","Hip-hop, Jazz, R&B, Broadway"
"Pop punk, indie","Pop-punk, Indie Rock"
"Pop punk, indie","Pop punk, Indie"
"Rock, Musical",Rock Musical
"Indie/Folk, Poetry","Indie, Folk"
"Indie/Folk, Poetry",Indie folk
"Indie/Folk, Poetry",Indie-Folk
opera,"Opera, Chamber Opera"
opera,Cantonese Opera
"Folk, Rock, Americana","Folk Rock, Americana"
"Folk, Rock, Americana","Folk rock, Americana"
"Folk, Rock, Americana","Folk-rock, Americana"
"Psychedelic, Folk",Psychedelic Folk
"Psychedelic, Folk",Psychedelic Folk Pop
"Americana, Country-Folk","Americana, Country, Folk, Rock"
"Americana, Country-Folk","Americana, country, folk, rock"
"Americana, Country-Folk","Americana, Country, Folk"
"Metal, Avant-Garde Rock",Avant-Garde Rock
"Live Music, Holiday Music","Live music, Holiday"
"Black Metal, Death Metal",Death metal
"Black Metal, Death Metal",Metal / Death Metal
"Black Metal, Death Metal","Death Metal, Black Metal, Heavy Metal"
"Black Metal, Death Metal","Metal, Death Metal, Black Metal, Heavy Metal"
"Black Metal, Death Metal","Death Metal, Black Metal"
"Black Metal, Death Metal","Death Metal, Black Metal, Heavy Metal, Alternative"
"hip-hop, R&B",Hip-Hop & R&B
"hip-hop, R&B",hip hop
"hip-hop, R&B","hip hop, R&B"
"hip-hop, R&B","Hip-Hop, Classical"
"hip-hop, R&B",Female hip-hop
"Folk-pop, Indie-pop","K-pop, Pop"
"Folk-pop, Indie-pop",Indie / Alternative / Rock
"Folk-pop, Indie-pop","Alternative Rock, Indie Rock, Pop"
"Folk-pop, Indie-pop","Pop, K-Pop"
"Folk-pop, Indie-pop","K-Pop, Pop"
"Folk-pop, Indie-pop","Alternative rock, indie rock"
"Folk-pop, Indie-pop","Pop Rock, Indie Pop"
"Folk-pop, Indie-pop","K-Pop, R&B, Pop"
"Folk-pop, Indie-pop","Pop, Indie"
"Folk-pop, Indie-pop","Country Pop, Indie Pop"
"Folk-pop, Indie-pop","Pop, Indie Pop"
"Folk-pop, Indie-pop","Rock, Indie Pop"
"Folk-pop, Indie-pop","Indie Rock, Indie Pop"
"Folk-pop, Indie-pop","Alternative Rock, Indie Pop, Indie Rock"
"Folk-pop, Indie-pop","Folk Rock, Indie Rock"
"Folk-pop, Indie-pop",Indie pop/rock
"Folk-pop, Indie-pop","Pop, Pop Punk"
"Folk-pop, Indie-pop","Rock, Indie Rock"
"Folk-pop, Indie-pop","Alternative, rock, indie"
"Folk-pop, Indie-pop",Indie pop-rock
"Folk-pop, Indie-pop","Pop, K-pop, R&B"
"Folk-pop, Indie-pop","Indie, Alternative"
"Folk-pop, Indie-pop","Rock, Indie & Alternative"
"Folk-pop, Indie-pop","Pop, Indie-Rock"
"Folk-pop, Indie-pop","K-pop, Pop Punk"
Traditional music,"Flamenco, Traditional Music"
"Americana, folk-rock","Americana, Folk-Rock"
"Americana, folk-rock","Americana, Folk, Folk Rock"
"Americana, folk-rock","Americana, Folk, Rock, Country"
"Funk-Rock, Funk, Rock",Funk-rock
"Funk-Rock, Funk, Rock",Funk-Rock
"Música Eletrônica, Afro-beat",Afro Beat
Alt-indie,"ALT, INDIE ROCK"
"Rock, Alternative, Pop","Rock, alternative, pop"
"Dance, Theater","Interdisciplinary Performance, Dance, Theater"
"Punk, Punk Rock, Hardcore Punk, Garage Rock, Alternative Rock","Punk, Punk Rock, Alternative Rock, Garage Rock, Hardcore Punk"
"Art, Culture",Art & Culture
"Rock, Indie & Alternative","K-pop, Pop"
"Rock, Indie & Alternative",Indie / Alternative / Rock
"Rock, Indie & Alternative","Alternative Rock, Indie Rock, Pop"
"Rock, Indie & Alternative","Pop, K-Pop"
"Rock, Indie & Alternative","K-Pop, Pop"
"Rock, Indie & Alternative","Alternative rock, indie rock"
"Rock, Indie & Alternative","Pop Rock, Indie Pop"
"Rock, Indie & Alternative","K-Pop, R&B, Pop"
"Rock, Indie & Alternative","Pop, Indie"
"Rock, Indie & Alternative","Country Pop, Indie Pop"
"Rock, Indie & Alternative","Pop, Indie Pop"
"Rock, Indie & Alternative","Rock, Indie Pop"
"Rock, Indie & Alternative","Indie Rock, Indie Pop"
"Rock, Indie & Alternative","Alternative Rock, Indie Pop, Indie Rock"
"Rock, Indie & Alternative","Folk Rock, Indie Rock"
"Rock, Indie & Alternative",Indie pop/rock
"Rock, Indie & Alternative","Pop, Pop Punk"
"Rock, Indie & Alternative","Rock, Indie Rock"
"Rock, Indie & Alternative","Alternative, rock, indie"
"Rock, Indie & Alternative",Indie pop-rock
"Rock, Indie & Alternative","Pop, K-pop, R&B"
"Rock, Indie & Alternative","Indie, Alternative"
"Rock, Indie & Alternative","Pop, Indie-Rock"
"Rock, Indie & Alternative","K-pop, Pop Punk"
"Funk, Soul","Funk, Soul, R&B"
"Funk, Soul","R&B, Funk, Soul"
"Dance, Contemporary","Dance, Contemporary Dance, Classical"
"R&B, Soul","Soul, Inspirational"
"R&B, Soul",R&B & Soul
"R&B, Soul","Soul, Philly Soul"
"Techno, House, Tech House",Tech house
"Techno, House, Tech House","Tech House, House, Techno"
"Disco, Occasionally","R&B, Disco"
"Ska, Punk","Ska, punk"
"Ska, Punk",Ska Punk
"Folk Rock, Indie Rock","K-pop, Pop"
"Folk Rock, Indie Rock",Indie / Alternative / Rock
"Folk Rock, Indie Rock","Alternative Rock, Indie Rock, Pop"
"Folk Rock, Indie Rock","Pop, K-Pop"
"Folk Rock, Indie Rock","K-Pop, Pop"
"Folk Rock, Indie Rock","Alternative rock, indie rock"
"Folk Rock, Indie Rock","Pop Rock, Indie Pop"
"Folk Rock, Indie Rock","K-Pop, R&B, Pop"
"Folk Rock, Indie Rock","Pop, Indie"
"Folk Rock, Indie Rock","Country Pop, Indie Pop"
"Folk Rock, Indie Rock","Pop, Indie Pop"
"Folk Rock, Indie Rock","Rock, Indie Pop"
"Folk Rock, Indie Rock","Indie Rock, Indie Pop"
"Folk Rock, Indie Rock","Alternative Rock, Indie Pop, Indie Rock"
"Folk Rock, Indie Rock",Indie pop/rock
"Folk Rock, Indie Rock","Pop, Pop Punk"
"Folk Rock, Indie Rock","Rock, Indie Rock"
"Folk Rock, Indie Rock","Alternative, rock, indie"
"Folk Rock, Indie Rock",Indie pop-rock
"Folk Rock, Indie Rock","Pop, K-pop, R&B"
"Folk Rock, Indie Rock","Indie, Alternative"
"Folk Rock, Indie Rock","Pop, Indie-Rock"
"Folk Rock, Indie Rock","K-pop, Pop Punk"
Folk rock,"Folk, Rock"
Folk rock,"Theater, Folk-Rock"
jazz,"R&B, Jazz"
jazz,"Jazz, R&B"
"Blues, Funk","Blues, R&B, Funk"
"Blues, Soul, R&B","Blues, Soul"
"Indie Pop, R&B","Indie, Pop, R&B"
"Indie Pop, R&B",Indie Pop
"Indie Pop, R&B",indie pop
"Heavy Metal, Thrash Metal","Thrash, Metal"
"Heavy Metal, Thrash Metal",Thrash Metal
"Heavy Metal, Thrash Metal","Heavy metal, Thrash"
Drag Performance,"Drag, Performance"
Drag Performance,"Disco, Drag Performance"
"Alternative R&B, jazz, soul, house, dream pop","Alternative R&B, Jazz, Soul, House, Dream Pop"
"Indie rock, Emo","Indie Rock, Emo, Alt Rock"
"Folk-punk, Indie-pop","Punk, Indie Pop"
"Shoegaze, Alternative Rock","Shoegaze, alternative rock"
"Shoegaze, Alternative Rock","Shoegaze, Alternative"
"Musical, Asian-American, Contemporary","Musical, Asian-American"
"Literary, Fiction","Literary Fiction, Realistic Fiction"
"R&B, 90s Music",90s music
"R&B, 90s Music",90s Music
"Spoken word, Hip hop","Spoken Word, R&B, Hip-Hop, Soul"
"Shoegaze, Alternative","Shoegaze, alternative rock"
"Pop, Indie-Rock","K-pop, Pop"
"Pop, Indie-Rock",Indie / Alternative / Rock
"Pop, Indie-Rock","Alternative Rock, Indie Rock, Pop"
"Pop, Indie-Rock","Pop, K-Pop"
"Pop, Indie-Rock","K-Pop, Pop"
"Pop, Indie-Rock","Alternative rock, indie rock"
"Pop, Indie-Rock","Pop Rock, Indie Pop"
"Pop, Indie-Rock","K-Pop, R&B, Pop"
"Pop, Indie-Rock","Pop, Indie"
"Pop, Indie-Rock","Country Pop, Indie Pop"
"Pop, Indie-Rock","Pop, Indie Pop"
"Pop, Indie-Rock","Rock, Indie Pop"
"Pop, Indie-Rock","Indie Rock, Indie Pop"
"Pop, Indie-Rock","Alternative Rock, Indie Pop, Indie Rock"
"Pop, Indie-Rock",Indie pop/rock
"Pop, Indie-Rock","Pop, Pop Punk"
"Pop, Indie-Rock","Rock, Indie Rock"
"Pop, Indie-Rock","Alternative, rock, indie"
"Pop, Indie-Rock",Indie pop-rock
"Pop, Indie-Rock","Pop, K-pop, R&B"
"Pop, Indie-Rock","Indie, Alternative"
"Pop, Indie-Rock","K-pop, Pop Punk"
"Storytelling, Comedy","storytelling, comedy"
"R&B, Blues-Rock",Blues / Rock
"R&B, Blues-Rock",Blues/Rock
"R&B, Blues-Rock",Blues-Rock
"R&B, Blues-Rock","Blues, Rock, R&B"
"Spoken Word, Music","Spoken word, music"
"Indie, Pop, R&B",Indie Pop
"Indie, Pop, R&B",indie pop
"Broadway, Country","Broadway, Disney"
"Folk, Andalusian","Folk, Maritime"
"Rock, R&B, Blues","Rock, Blues"
"Rock, R&B, Blues","Indie rock, Blues rock"
"Rock, R&B, Blues","Blues-Rock, Blues"
"Rock, R&B, Blues","R&B, Rock, Blues"
Progressive Rock,"Progressive Rock, Alternative"
Progressive Rock,"Progressive, Rock"
"Choral, Baroque, Classical","Baroque, classical"
"Horror, Arts and Crafts",Arts and Crafts
Christian music,"Worship, Christian Music"
"Folk Rock, Indie Folk, Alt Rock","Indie Folk, Alt Rock"
Parties & Nightlife,"Karaoke, Parties & Nightlife"
90s music,90s Music
festivals,"Dance, Festivals"
festivals,Festivals
"Cosmic Country, Rock",Cosmic Country
"Electronic, Dance",Electronic / Dance
Deep House,"Deep House, Electronic"
Theater & Performance,"Theater, Performance Art"
Theater & Performance,"Theater & Performance, Lunar New Year"
"Folk, Rock","Theater, Folk-Rock"
Spoken word,Spoken Word
Spoken word,"Folk, Rock, Spoken-Word"
Spoken word,"Spoken Word, History"
Spoken word,"live music, spoken word, R&B"
Spoken word,"Spoken word, Dance, Music"
Spoken word,"Spoken Word, R&B"
Tabletop Roleplaying Game,Roleplaying Game
Tribute,"Musical, Tribute"
"Punk, Anarcho-punk","Punk, Anarcho-Punk"
Theatrical production,Theatrical Production
"Wellness, Yoga","Wellness, Yoga, Spiritual"
"Wellness, Yoga","Wellness, Yoga, Workshops"
Rock Music,Rock music
"Comedy, Drama",Comedy/Drama
"Hip-hop, R&B, Reggae","Hip-hop, Reggae"
"Music, Poetry, Comedy","Art, Music, Poetry, Comedy"
"Music, Poetry, Comedy","Art, Music, Poetry"
"Open Mic, Music, Poetry","Open Mic, Poetry, Music"
American Roots,American Roots Music
American Roots,"American roots, soul, blues, R&B"
American Roots,American Roots music
American Roots music,American Roots Music
American Roots music,"American roots, soul, blues, R&B"
"Americana, Bluegrass, Country, Soul, Blues, Funk, Jazz, Gospel","Americana, bluegrass, country, soul, blues, funk, jazz, gospel"
"Country-Americana, Rock, Blues, Soul, Gospel","Country, Americana, Rock, Blues, Soul, Gospel"
"Cumbia, Tejano","Cumbia, Tejano, Reggaeton"
"Fashion, Film","Music, Fashion"
"Fashion, Film","Modeling, Fashion"
"Fashion, Film","Fashion, R&B"
"Fashion, Film","Comedy, Fashion"
"Indie, Alternative","K-pop, Pop"
"Indie, Alternative",Indie / Alternative / Rock
"Indie, Alternative","Alternative Rock, Indie Rock, Pop"
"Indie, Alternative","Pop, K-Pop"
"Indie, Alternative","K-Pop, Pop"
"Indie, Alternative","Alternative rock, indie rock"
"Indie, Alternative","Pop Rock, Indie Pop"
"Indie, Alternative","K-Pop, R&B, Pop"
"Indie, Alternative","Pop, Indie"
"Indie, Alternative","Country Pop, Indie Pop"
"Indie, Alternative","Pop, Indie Pop"
"Indie, Alternative","Rock, Indie Pop"
"Indie, Alternative","Indie Rock, Indie Pop"
"Indie, Alternative","Alternative Rock, Indie Pop, Indie Rock"
"Indie, Alternative",Indie pop/rock
"Indie, Alternative","Pop, Pop Punk"
"Indie, Alternative","Rock, Indie Rock"
"Indie, Alternative","Alternative, rock, indie"
"Indie, Alternative",Indie pop-rock
"Indie, Alternative","Pop, K-pop, R&B"
"Indie, Alternative","K-pop, Pop Punk"
"Craft, Art",Craft
"R&B, funk, soul, rock, jazz, blues","Funk, Soul, Rock, Jazz"
"R&B, funk, soul, rock, jazz, blues","Funk, R&B/Soul, Rock"
Post-Hardcore,"Post Hardcore, Post Punk"
"Electronic, Hip-Hop, Latin, Underground","Electronic, Hip-hop, Latin, Underground"
"Electronic, Hip-Hop, Latin, Underground","Electronic, hip-hop, Latin, underground"
"Live/Concert, DJ/Dance","Festival, Live/Concert, DJ/Dance"
"Burlesque, Drag","Burlesque, Drag, Cabaret"
"Burlesque, Drag","Cabaret & Burlesque, Drag"
Dance-pop,Dance Pop
Rock/Pop,"Rock, Pop, R&B"
"Alternative, rock, indie","K-pop, Pop"
"Alternative, rock, indie",Indie / Alternative / Rock
"Alternative, rock, indie","Alternative Rock, Indie Rock, Pop"
"Alternative, rock, indie","Pop, K-Pop"
"Alternative, rock, indie","K-Pop, Pop"
"Alternative, rock, indie","Alternative rock, indie rock"
"Alternative, rock, indie","Pop Rock, Indie Pop"
"Alternative, rock, indie","K-Pop, R&B, Pop"
"Alternative, rock, indie","Pop, Indie"
"Alternative, rock, indie","Country Pop, Indie Pop"
"Alternative, rock, indie","Pop, Indie Pop"
"Alternative, rock, indie","Rock, Indie Pop"
"Alternative, rock, indie","Indie Rock, Indie Pop"
"Alternative, rock, indie","Alternative Rock, Indie Pop, Indie Rock"
"Alternative, rock, indie",Indie pop/rock
"Alternative, rock, indie","Pop, Pop Punk"
"Alternative, rock, indie","Rock, Indie Rock"
"Alternative, rock, indie",Indie pop-rock
"Alternative, rock, indie","Pop, K-pop, R&B"
"Alternative, rock, indie","K-pop, Pop Punk"
Irish music,"Live music, Irish music"
Irish music,"Irish, Music"
"Poetry, Spoken Word, Comedy","poetry, spoken word"
Indie music,Indie Music
"Folk, Traditional","Jazz, Folk, Traditional"
"Experimental, Ambient",Experimental/Ambient
"Funk, Jazz, Soul","Funk, Jazz, Soul, R&B"
"Art, Tattoos","skincare, art, training"
"Art, Tattoos","Art, Paranormal"
"Art, Tattoos","Art, Auction"
"Fine Arts, Wine","Fine Arts, Workshops"
"Fine Arts, Wine","Workshops, Fine Arts"
"Fine Arts, Wine","Ballet, Fine Arts"
"Fine Arts, Wine","Fine Arts, Art"
"Cultural, Performance","Acrobatics, Cultural Performance"
"Hip Hop, Reggaeton","Hip-Hop, Reggaeton"
"Theater, Performing Arts","Ballet, Performing arts"
"Theater, Performing Arts",Performing arts
"Theater, Performing Arts","Film, Performing Arts"
"Theater, Performing Arts","Theater, Shakespeare, Performing Arts"
"Theater, Performing Arts","Performing Arts, Drama"
"Folk, Electronica, Rock","Electronica, Dance"
"Folk, Electronica, Rock",Electronica
"Pop, K-pop, R&B","K-pop, Pop"
"Pop, K-pop, R&B",Indie / Alternative / Rock
"Pop, K-pop, R&B","Alternative Rock, Indie Rock, Pop"
"Pop, K-pop, R&B","Pop, K-Pop"
"Pop, K-pop, R&B","K-Pop, Pop"
"Pop, K-pop, R&B","Alternative rock, indie rock"
"Pop, K-pop, R&B","Pop Rock, Indie Pop"
"Pop, K-pop, R&B","K-Pop, R&B, Pop"
"Pop, K-pop, R&B","Pop, Indie"
"Pop, K-pop, R&B","Country Pop, Indie Pop"
"Pop, K-pop, R&B","Pop, Indie Pop"
"Pop, K-pop, R&B","Rock, Indie Pop"
"Pop, K-pop, R&B","Indie Rock, Indie Pop"
"Pop, K-pop, R&B","Alternative Rock, Indie Pop, Indie Rock"
"Pop, K-pop, R&B",Indie pop/rock
"Pop, K-pop, R&B","Pop, Pop Punk"
"Pop, K-pop, R&B","Rock, Indie Rock"
"Pop, K-pop, R&B",Indie pop-rock
"Pop, K-pop, R&B","K-pop, Pop Punk"
"Pop punk, Indie","Pop-punk, Indie Rock"
Industrial rock,Industrial Rock
"Klezmer, Yiddish music, Dance","Klezmer, Yiddish music, antifolk"
"Klezmer, Yiddish music, Dance","Klezmer, Yiddish Music"
"Pop, R&B",Pop psicodélico
"Pop, R&B",POP
"Pop, R&B",Pop/R&B
"Live Music, Comedy","Live music, comedy, wellness"
Festivals,"Dance, Festivals"
"Country, Rock, Hip-Hop, Pop","Country, Rock, Hip Hop"
"Afrobeats, R&B","R&B, Afrobeats"
"Bluegrass, Folk-Americana",Bluegrass / Folk / Americana
"Community, Fairs & Festivals","Art, Fairs & Festivals"
Music/Comedy,Music Comedy
"Alternative Rock, Pop","Alternative Rock, Pop Rock, Pop Punk"
"Alternative Rock, Pop","Alternative, Rock, Pop"
"Jazz, Indie, Psych, Electroswing","Funk, jazz, indie, psych, electroswing"
"Lecture, Art History","Art History, Archeology"
"Heavy rock, shock rock","Heavy rock, Shock rock"
"Alternative, Hip-Hop",Alternative hip hop
"Alternative, Hip-Hop","Alternative, R&B, Hip Hop"
"Alternative, Hip-Hop","Alternative, Hip-Hop/Rap"
"Alternative, Hip-Hop",Alternative Hip-Hop
"Ballet, Dance",Ballet & Dance
"Food & Drink, Wine","Food & Drink, Tasting, Wine Festivals"
"Latin music, Salsa","Latin music, salsa"
"Country, Rock",Country rock
"Country, Rock",Country-Rock
"Country, Rock",Country Rock
"Country, Rock",Country-rock
"Performing Arts, Dance","Performing arts, dance, music"
"Pop, Soft Rock","Soft rock, pop, R&B"
Ska Punk,"Ska, punk"
Música Urbana,"Música urbana, R&B, Pop, Country"
Música Urbana,"Música urbana, Punk Rock"
"Live music, Community event","Live Music, Community Event"
"Live music, Community event","Festive, Community Event"
"Live music, Community event","Music, Community Event"
"Live music, Community event","Art, Live Music, Community Event"
"Live music, Community event","Art, Community Event"
"Synth-pop, electronic","Synth Pop, Electronic"
Power pop,Power Pop
"Emo, Pop Punk","Emo, Pop-Punk"
"Emo, Pop Punk",Emo / Pop-Punk
"Emo, Pop Punk","emo, pop-punk"
"Fitness, Wellness","Health, Fitness, Wellness"
"Alternative Rock, Pop Punk, Punk Rock","Punk, Punk Rock"
"Alternative Rock, Pop Punk, Punk Rock","Pop-punk, Punk Rock"
"Free improvisation, noise, free jazz","Free improvisation, noise, free jazz, experimental music"
"Rock, Pop, Not provided in source.","Texican rock & roll, Not provided in source."
Indie pop/rock,"K-pop, Pop"
Indie pop/rock,Indie / Alternative / Rock
Indie pop/rock,"Alternative Rock, Indie Rock, Pop"
Indie pop/rock,"Pop, K-Pop"
Indie pop/rock,"K-Pop, Pop"
Indie pop/rock,"Alternative rock, indie rock"
Indie pop/rock,"Pop Rock, Indie Pop"
Indie pop/rock,"K-Pop, R&B, Pop"
Indie pop/rock,"Pop, Indie"
Indie pop/rock,"Country Pop, Indie Pop"
Indie pop/rock,"Pop, Indie Pop"
Indie pop/rock,"Rock, Indie Pop"
Indie pop/rock,"Indie Rock, Indie Pop"
Indie pop/rock,"Alternative Rock, Indie Pop, Indie Rock"
Indie pop/rock,"Pop, Pop Punk"
Indie pop/rock,"Rock, Indie Rock"
Indie pop/rock,Indie pop-rock
Indie pop/rock,"K-pop, Pop Punk"
punk-funk gothic-r&b,"Punk-funk, gothic R&B"
"Bluegrass, Honky-Tonk","Bluegrass, Honky-tonk"
"Bluegrass, Honky-Tonk",Honky Tonk
"Bluegrass, Honky-Tonk","Line Dance, Honky Tonk"
"Cultural Performance, Traditional Arts","Cultural performance, Traditional"
"Outlaw country, Western, indie-folk, Americana","Outlaw Country, Western, Indie-Folk"
"Indie Rock, Alt-Rock","Rock, Alt-rock"
"Indie Rock, Alt-Rock","Indie-rock, Alt-rock"
"Indie Rock, Alt-Rock","Punk, Indie-rock, Alt-rock"
Dancehall,"R&B, Dancehall"
"Folk, Indie, Alt-Pop","Indie, Alt-Pop, Indie Pop, Alternative"
"Folk, Indie, Alt-Pop","Folk, Indie, Alt-Pop, Indie-Pop"
"Folk, Indie, Alt-Pop","Folk, Indie, Alt-pop"
"Dance, Music, Performing Arts","Music, Performing Arts, Irish"
"Dance, Music, Performing Arts","Live music, Performing arts"
Arts & Theater,"Performing Arts, Theater"
"R&B, Jazz, Funk",Jazz Funk
"R&B, Jazz, Funk","Jazz, Funk, R&B"
"R&B, Jazz, Funk","Jazz, Funk"
"Community, Art","Music, Community, Art"
Singer/Songwriter,Singer-songwriter
"Irish, Dance",Irish dance
"R&B, Hip Hop, Reggae, House, Juke, Afrobeats","R&B, hip-hop, reggae, house"
"Pop, LGBTQ+","Pop, LGBTQ+ anthems"
"Pop, Soul",Pop-Soul
"Pop, Soul","Pop, Soul, R&B"
"Folk-pop, Musical Theatre","Pop, Musical Theatre"
"Hip-Hop, Pop","Hip-Hop, R&B, Pop"
"Hip-Hop, Pop","Hip Hop, K-Pop"
"Hip-Hop, Pop","Hip-hop, Pop"
"Hip-Hop, Pop","Christian, Hip Hop, Pop"
Post-emo,"Emo, Post-emo"
"Hip-hop, rap, soul, Latin","Rock, Hip-Hop/Rap, R&B/Soul/Funk"
"Hip-hop, rap, soul, Latin","Hip-Hop/Rap, R&B/Soul/Funk"
Middle Eastern music,"Folk, Middle Eastern, Persian"
"Rock, Country","Rock, Country-Rock"
"Rock, Country","Rock, Country Rock"
"Jazz, Funk, Soul, R&B","Jazz, R&B, Funk, Soul"
"Hip hop, funk, dance","hip hop, funk, dance"
"Rhythm & Blues, Urban",Rhythm & Blues
"Folk, Bluegrass, Jazz","Country, Folk, Bluegrass, Jazz"
"Rock, Indie Rock","K-pop, Pop"
"Rock, Indie Rock",Indie / Alternative / Rock
"Rock, Indie Rock","Alternative Rock, Indie Rock, Pop"
"Rock, Indie Rock","Pop, K-Pop"
"Rock, Indie Rock","K-Pop, Pop"
"Rock, Indie Rock","Alternative rock, indie rock"
"Rock, Indie Rock","Pop Rock, Indie Pop"
"Rock, Indie Rock","K-Pop, R&B, Pop"
"Rock, Indie Rock","Pop, Indie"
"Rock, Indie Rock","Country Pop, Indie Pop"
"Rock, Indie Rock","Pop, Indie Pop"
"Rock, Indie Rock","Rock, Indie Pop"
"Rock, Indie Rock","Indie Rock, Indie Pop"
"Rock, Indie Rock","Alternative Rock, Indie Pop, Indie Rock"
"Rock, Indie Rock","Pop, Pop Punk"
"Rock, Indie Rock",Indie pop-rock
"Rock, Indie Rock","K-pop, Pop Punk"
"Fine Arts, Workshops","Workshops, Fine Arts"
"Fine Arts, Workshops","Ballet, Fine Arts"
"Fine Arts, Workshops","Fine Arts, Art"
"House, Minimalist, Techno",Minimalist / Techno
"House, Disco, Funk","House, Disco, R&B, Funk, Soul"
"Reggaeton, Dembow","Reggaeton, Dembow, HipHop"
'80s New Wave,"Rock, 80s New Wave"
'80s New Wave,80s New Wave
"Funk, Soul, Not provided in source.","R&B/Soul, Not provided in source."
"Funk, Soul, Not provided in source.","Hip-hop, Blues, Funk, Soul, Not provided in source."
Food & Wine Pairing,"Celebration, Wine, Food & Wine Pairing"
"Alternative rock, funk, R&B","Rock, Funk"
"Spoken Word, Poetry, Not provided in source.","Storytelling, Poetry, Not provided in source."
World,"World, Electronic"
"Film, Rock","Film, Erotic"
"Theater, Mystery, Thriller",Mystery/Thriller
"Rock, Indie, Alt","Rock, Indie & Alt"
"Rock, Indie, Alt","Rock, Indie & Alt, Country"
"Electronic, Drum & Bass",Drum & bass
"Electronic, Drum & Bass","Drum & Bass, Jungle"
"Electronic, Drum & Bass",Drum N Bass
Pop Rock,Pop/Rock
Pop Rock,Pop-Rock
"Music, Food & Beverage, Performing Arts, Electronic","Food & Beverage, Performing Arts, Music"
"Blues, Rock, R&B",Blues / Rock
"Blues, Rock, R&B",Blues/Rock
"Blues, Rock, R&B",Blues-Rock
"Alternative Folk, Americana","Alternative Folk, Americana, Folk"
Alternative hip hop,"Alternative, R&B, Hip Hop"
Alternative hip hop,"Alternative, Hip-Hop/Rap"
Alternative hip hop,Alternative Hip-Hop
"jazz, orchestra","Orchestra, Music"
Dancing,"Blues, Dancing"
"Hip-hop, Pop","Hip-Hop, R&B, Pop"
"Hip-hop, Pop","Hip Hop, K-Pop"
"Hip-hop, Pop","Christian, Hip Hop, Pop"
"Folk, Indie, Singer-Songwriter","Indie Rock, R&B, Indie, Singer/Songwriter"
Electro Pop,"Electro-pop, R&B"
Go Go,Go-go
Go Go,Go-Go
Go Go,"Spoken Word, Go-Go"
Experimental Rock,"Experimental, Rock"
"Dance, Country Music","Dance, Country"
"Folk, Indie, Alt-pop","Indie, Alt-Pop, Indie Pop, Alternative"
"Folk, Indie, Alt-pop","Folk, Indie, Alt-Pop, Indie-Pop"
"Indie, Rock, Alternative","Pop, Rock, Alternative"
"Indie, Rock, Alternative","Indie rock, alternative rock, folk"
"Indie, Rock, Alternative","indie rock, alternative, electronic"
"Indie, Rock, Alternative","Indie Rock, Alternative Rock"
"Indie, Rock, Alternative","Folk, Indie Rock, Alternative Rock"
"Indie, Rock, Alternative","Rock, Alternative"
"Indie, Rock, Alternative","Rock, Alternative Rock"
"Indie, Rock, Alternative",Rock/Alternative
"Indie, Rock, Alternative","Folk Rock, Alternative"
"Indie, Rock, Alternative","Pop-rock, Alternative"
"Indie, Rock, Alternative","Folk Rock, Alternative Rock"
"live music, art","Live Music, Art"
"jazz, swing","Jazz, Swing"
Traditional Irish,Traditional Irish Music
Country rock,Country-rock
Country rock,Country-Rock
Country rock,Country Rock
Theatrical Performance,"Theatrical performance, Jazz"
Theatrical Performance,Theatrical performance art
"Celtic Music, Dance",Celtic music
"Celtic Music, Dance",Celtic Music
"music, performances, festivals","Authors, Music & Performances"
"Alternative, Rock, Pop","Alternative Rock, Pop Rock, Pop Punk"
"Circus, Afro-Jazz","Circus, Afro-jazz"
Emo rock,"Emo, Rock"
Emo rock,"R&B, Emo Rock"
"Live Music, Q&As","Reggae, live music"
"Live Music, Q&As","Film, Live Music"
"Live Music, Q&As","Live Music, Vinahouse"
"Live Music, Q&As","Polka, Live Music"
"Live Music, Q&As","jazz, live music"
"Live Music, Q&As",live music
"Ballet, Performing arts",Performing arts
"Ballet, Performing arts","Film, Performing Arts"
"Ballet, Performing arts","Theater, Shakespeare, Performing Arts"
"Ballet, Performing arts","Performing Arts, Drama"
"Soul, Gospel","Soul, Gospel, Americana"
"Soul, Gospel","Soul, R&B, Gospel, Pop"
"Soul, Gospel","Jazz, Soul, Gospel"
"Americana, country, folk, rock","Americana, Country, Folk, Rock"
"Americana, country, folk, rock","Americana, Country, Folk"
"Dance, Pop, Hip-hop, New Wave, R&B","Dance, Pop, Hip-Hop, New Wave, R&B"
"Soul, Blues, Folk, Hip-Hop, R&B","soul, blues, folk, hip-hop, R&B"
"Folk Rock, Alternative Rock","Pop, Rock, Alternative"
"Folk Rock, Alternative Rock","Indie rock, alternative rock, folk"
"Folk Rock, Alternative Rock","indie rock, alternative, electronic"
"Folk Rock, Alternative Rock","Indie Rock, Alternative Rock"
"Folk Rock, Alternative Rock","Folk, Indie Rock, Alternative Rock"
"Folk Rock, Alternative Rock","Rock, Alternative"
"Folk Rock, Alternative Rock","Rock, Alternative Rock"
"Folk Rock, Alternative Rock",Rock/Alternative
"Folk Rock, Alternative Rock","Folk Rock, Alternative"
"Folk Rock, Alternative Rock","Pop-rock, Alternative"
"Comedy, Musical","Comedy, Musical Comedy"
Jazz Pop,"Jazz, Pop, Rock"
"Comedy, Rock","Country, Comedy Rock"
Films,Classic Films
"Classic rock, folk, funk, soul, jazz","Classic Rock, Folk, Funk, Soul, Jazz"
"Funk, Jazz, Soul, Hip-Hop","Soul, Hip Hop, Electronic"
"Funk, Jazz, Soul, Hip-Hop","Soul, Hip-Hop, R&B"
"Funk, Jazz, Soul, Hip-Hop","Soul, Hip-Hop, R&B, Jazz"
"Funk, Jazz, Soul, Hip-Hop","Jazz, Soul, R&B, Hip Hop, Rock"
"Funk, Jazz, Soul, Hip-Hop","R&B, jazz, soul, hip-hop"
"Funk, Jazz, Soul, Hip-Hop","Jazz, Soul, Hip-hop, R&B"
"Fashion, R&B","Music, Fashion"
"Fashion, R&B","Comedy, Fashion"
"Fashion, R&B","Modeling, Fashion"
"HipHop, Trap, RnB, Reggaeton, Dancehall","HipHop, Trap, RnB, Reggaeton, Dancehall, NOLA Bounce"
"Emo, Pop-Punk",Emo / Pop-Punk
"Emo, Pop-Punk","emo, pop-punk"
"Art, Club / DJ","Club / DJ, Electronic"
"R&B, Funk, Soul","Funk, Soul, R&B"
"Rap, Alt-pop","Alt-pop, Pop"
"Rap, Alt-pop","Alternative, Alt-Pop"
"Rap, Alt-pop","Alt-pop, Rock, Electronic"
"Rap, Alt-pop","Electronic, Alt-pop"
"Pop, Singer-Songwriter","Country, Pop, Singer-Songwriter"
"Pop, Singer-Songwriter","Indie Pop, Singer-Songwriter"
"Classical, Ballet",Classical Ballet
"Folk Rock, Alternative","Pop, Rock, Alternative"
"Folk Rock, Alternative","Indie rock, alternative rock, folk"
"Folk Rock, Alternative","Indie Rock, Alternative Rock"
"Folk Rock, Alternative","Folk, Indie Rock, Alternative Rock"
"Folk Rock, Alternative","Rock, Alternative"
"Folk Rock, Alternative","Rock, Alternative Rock"
"Folk Rock, Alternative",Rock/Alternative
"Folk Rock, Alternative","indie rock, alternative, electronic"
"Folk Rock, Alternative","Pop-rock, Alternative"
"Jazz, R&B","R&B, Jazz"
"Country, Southern Hip-Hop","Country, Southern hip-hop"
"Hip-Hop, Classical",Hip-Hop & R&B
"Hip-Hop, Classical",hip hop
"Hip-Hop, Classical","hip hop, R&B"
"Hip-Hop, Classical",Female hip-hop
"hip-hop, blues, funk, soul","Hip-Hop, Blues, Funk, Soul"
"hip-hop, blues, funk, soul","Hip-hop, blues, funk, soul"
Alternative Folk-rock,Alternative Folk-Rock
Alternative Folk-rock,"Alternative, Folk Rock"
"Hip-hop, Blues, Funk, Soul, Not provided in source.","R&B/Soul, Not provided in source."
Music Theater,Music-theater
"Punk, Punk Rock","Pop-punk, Punk Rock"
"Metal, Death Metal, Black Metal, Heavy Metal",Death metal
"Metal, Death Metal, Black Metal, Heavy Metal",Metal / Death Metal
"Metal, Death Metal, Black Metal, Heavy Metal","Death Metal, Black Metal, Heavy Metal"
"Metal, Death Metal, Black Metal, Heavy Metal","Death Metal, Black Metal"
"Metal, Death Metal, Black Metal, Heavy Metal","Death Metal, Black Metal, Heavy Metal, Alternative"
Folk music,"Folksinger, Folk music"
"Indie music, bedroom pop, indie folk","Indie-folk, Bedroom pop"
Indie pop-rock,"K-pop, Pop"
Indie pop-rock,Indie / Alternative / Rock
Indie pop-rock,"Alternative Rock, Indie Rock, Pop"
Indie pop-rock,"Pop, K-Pop"
Indie pop-rock,"K-Pop, Pop"
Indie pop-rock,"Alternative rock, indie rock"
Indie pop-rock,"Pop Rock, Indie Pop"
Indie pop-rock,"K-Pop, R&B, Pop"
Indie pop-rock,"Pop, Indie"
Indie pop-rock,"Country Pop, Indie Pop"
Indie pop-rock,"Pop, Indie Pop"
Indie pop-rock,"Rock, Indie Pop"
Indie pop-rock,"Indie Rock, Indie Pop"
Indie pop-rock,"Alternative Rock, Indie Pop, Indie Rock"
Indie pop-rock,"Pop, Pop Punk"
Indie pop-rock,"K-pop, Pop Punk"
"Indie rock, Americana, blues","R&B, rock, Americana, blues"
Theatrical performance art,"Theatrical performance, Jazz"
Pop Punk,Pop/Punk
Pop Punk,"Neon pop punk, Anthem emo"
"Blues, Folk-Rock","Blues, Folk"
"Open Format (Hip-Hop, Top 40, Party Hits)","Hip-Hop, Top 40, Party Hits"
Role-playing games,Games
"Live Music, Vinahouse","Reggae, live music"
"Live Music, Vinahouse","Film, Live Music"
"Live Music, Vinahouse","Polka, Live Music"
"Live Music, Vinahouse","jazz, live music"
"Live Music, Vinahouse",live music
"Drum & Bass, Jungle",Drum & bass
"Drum & Bass, Jungle",Drum N Bass
hip hop music,Hip-Hop Music
"R&B, Reggae, Dancehall, Soca, Classic House, Hip Hop","R&B, Reggae, Dancehall, Soca, Classic House"
"Workshops, Fine Arts","Ballet, Fine Arts"
"Workshops, Fine Arts","Fine Arts, Art"
Rock 'n' roll,Rock N Roll
"Theater & Performance, Lunar New Year","Theater, Performance Art"
Music Festivals,"Music, Festivals"
Music Festivals,Music festivals
Folk-blues,Folk-Blues
"Jazz, Hip Hop","Jazz, R&B, Hip-Hop, Pop"
"Jazz, Hip Hop","Jazz, R&B, Hip-Hop"
"Drama, Comedy","Drama, Comedy, Documentary"
"Drag show, Performance",Drag show
"Drag show, Performance",Drag Show
"Deep Dubstep, Bass Music","Dubstep, Bass Music"
"Deep Dubstep, Bass Music","Dubstep, Bass"
"Pop, Indie Pop","K-pop, Pop"
"Pop, Indie Pop",Indie / Alternative / Rock
"Pop, Indie Pop","Alternative Rock, Indie Rock, Pop"
"Pop, Indie Pop","Pop, K-Pop"
"Pop, Indie Pop","K-Pop, Pop"
"Pop, Indie Pop","Alternative rock, indie rock"
"Pop, Indie Pop","Pop Rock, Indie Pop"
"Pop, Indie Pop","K-Pop, R&B, Pop"
"Pop, Indie Pop","Pop, Indie"
"Pop, Indie Pop","Country Pop, Indie Pop"
"Pop, Indie Pop","Rock, Indie Pop"
"Pop, Indie Pop","Indie Rock, Indie Pop"
"Pop, Indie Pop","Alternative Rock, Indie Pop, Indie Rock"
"Pop, Indie Pop","Pop, Pop Punk"
"Pop, Indie Pop","K-pop, Pop Punk"
"Country, Southern Rock","Country, Southern rock, Pop"
"Singer-Songwriter, Folk & Blues","Singer-Songwriter, Folk"
"Singer-Songwriter, Folk & Blues","Singer-Songwriter, Folk, Blues"
"Pop, Rock, Americana","Rock, Americana"
"Pop, Rock, Americana","Rock, Americana, Folk"
"Pop, Rock, Americana","Indie Rock, Americana"
"Wellness, Fitness, Recovery","Wellness, Fitness"
"Festive, Community Event","Live Music, Community Event"
"Festive, Community Event","Music, Community Event"
"Festive, Community Event","Art, Live Music, Community Event"
"Festive, Community Event","Art, Community Event"
"Literary, Arts","Art, Literary Arts"
"Rock, Soul, Blues","Rock 'n' Soul, Blues"
"Pop, glam rock, psychedelia, funk, indie rock","Glam rock, Psychedelia, Funk, Indie rock"
"Pop, glam rock, psychedelia, funk, indie rock","Glam rock, psychedelia, funk, indie rock"
Alt R&B,alt R&B
"Indie rock, folk, indie pop","Rock, Folk, Indie"
Food Festival,"Food festival, Music festival, Rock"
Spoken Word,"Folk, Rock, Spoken-Word"
Spoken Word,"Spoken Word, History"
Spoken Word,"live music, spoken word, R&B"
Spoken Word,"Spoken word, Dance, Music"
Spoken Word,"Spoken Word, R&B"
Country-Rock,Country-rock
Country-Rock,Country Rock
Trap,"Dance, Trap"
Trap,"R&B, TRAP"
Trap,"R&B, Trap"
Crime Fiction,"Books, Crime Fiction"
Experimental jazz,"Experimental, Jazz"
Irish traditional music,"Irish Traditional Music, Folk"
Irish traditional music,Irish Traditional Music
Irish traditional music,Irish Traditional
Tango,"Tango, Jazz"
Electronica,"Electronica, Dance"
"Wine, Wine Tasting, Cocktails","Comedy, Wine Tasting"
"Wine, Wine Tasting, Cocktails","Festivals, Wine Tasting, Comedy"
"Live Music, Community Event","Music, Community Event"
"Live Music, Community Event","Art, Live Music, Community Event"
"Live Music, Community Event","Art, Community Event"
"Comedy, Performing Arts, Theatre, Acting","performing arts, theatre"
Swing Dance,"Jazz, Swing, Dance"
"Punk, Heavy Metal, Rock 'n' Roll","Heavy Metal, Rock & Roll"
"Punk, Heavy Metal, Rock 'n' Roll","Heavy metal, Rock"
"Rock, Hip-Hop, Indie, Pop Punk","R&B, hip-hop, indie pop"
"edm, dance, electronic, dj, nightlife","edm, dance, electronic, dj"
"Bluegrass, Americana","Bluegrass, Americana, Rock"
Animals,"Animals, Holiday"
"Hip Hop, EDM","Hip hop, EDM"
"Hip Hop, EDM","K-pop, Hip-hop, EDM, Pop"
"Hip Hop, EDM","Pop, Hip-Hop, EDM"
"Rock, Indie & Alt, Country","Rock, Indie & Alt"
"Dance, Family","Music, Dance, Family"
"Shoegaze, alt rock, grunge, dream pop, emo, darkwave, j-rock, indie, nu metal","Shoegaze, emo, darkwave, j-rock, indie, nu metal, grunge, dream pop"
"Art, Painting, Cocktail Party","Art, Painting, Workshops"
"Hip-Hop, Rap","Electronic, Hip-Hop/Rap"
"Hip-Hop, Rap",Hip-Hop / Rap
"Hip-Hop, Rap",Hip-hop/Rap
"Hip-Hop, Rap","Hip-Hop/Rap, Jazz"
"Hip-Hop, Rap","Hip-Hop/Rap, Indie Rock"
Blues/Rock,Blues / Rock
Blues/Rock,Blues-Rock
"Alternative, Folk Rock",Alternative Folk-Rock
"Sports & Recreation, Biking",Sports & Recreation (Baseball)
"Sports & Recreation, Biking",Sports & Recreation
"Metal, Heavy Metal","Blues, Heavy Metal"
"Metal, Heavy Metal","EDM, Heavy Metal"
"Pop/Soul, Jazz-Funk","R&B, pop, soul, jazz"
"Pop/Soul, Jazz-Funk","Soul, Jazz, Funk"
"Indie, Folk",Indie folk
"Indie, Folk",Indie-Folk
Alternative Hip-Hop,"Alternative, R&B, Hip Hop"
Alternative Hip-Hop,"Alternative, Hip-Hop/Rap"
"psychedelic cumbia, soul, funk, experimental R&B, atmospheric electronic, modern tropicalia","Psychedelic cumbia, soul, funk, experimental R&B, atmospheric electronic, modern tropicalia"
"Rap, Rap-Metal","Hip-Hop/Rap, Rap-Metal"
"Dance, Cardio",Square Dance
"Rock, Country Rock","Rock, Country-Rock"
"Irish, Celtic, Folk",Irish; Celtic
"Irish, Celtic, Folk","Irish, Celtic"
"Painting, Art Class","Painting, Art"
"Latin, Funk, Afrobeat","LATIN, FUNK, AFROBEAT"
"Jazz, Blues, Ska","Jazz, Blues, Large Ensembles"
"Jazz, Blues, Ska","Jazz, Blues, Salsa"
Acoustic,Acoustic Punk
Acoustic,"Electronic, Acoustic"
Chill pop,Chill r&b
"Disco, Drag Performance","Drag, Performance"
"Theatrical, Comedy","Theatrical, Musical"
"Theatrical, Comedy",Theatrical and Musical
"Country, Roots, Rock","Country, Roots"
"Country, Roots, Rock","Folk, Country, Roots Rock"
"R&B, Afrobeats, hip hop, Dancehall","Afrobeats, Hip-Hop, Dancehall"
"Virtuoso, World Music",World music
"Jam Band, Live Music","Psychedelic, Jam Band"
"Jam Band, Live Music",Jam Band
"Jam Band, Live Music",Jam / Jam Band / Rock
"Jam Band, Live Music","Jam Band, Rock"
"Jam Band, Live Music","Jam band, Rock"
Food and Drink Festival,Food and drink festival
"Punk, Indie-rock, Alt-rock","Rock, Alt-rock"
"Punk, Indie-rock, Alt-rock","Indie-rock, Alt-rock"
"R&B, Emo Rock","Emo, Rock"
"poetry, art","music, poetry, art"
"poetry, art","Poetry, Art, Contemplative"
"Spoken Word, R&B","Folk, Rock, Spoken-Word"
"Spoken Word, R&B","Spoken Word, History"
"Spoken Word, R&B","live music, spoken word, R&B"
"Spoken Word, R&B","Spoken word, Dance, Music"
"Crafts, Workshops","DIY, Crafts, Workshops"
documentary film,"Documentary, Film"
"Indie pop, folk, country","Indie, Pop, Folk"
"Indie pop, folk, country","Indie-pop, Folk"
"Comedy, Performing Arts, Music","Performing Arts, Music"
"Comedy, Performing Arts, Music","Comedy, Performing Arts, Music, Live Music"
"Punk, Alternative Rock","Punk, Alternative"
"Punk, Alternative Rock","Pop-Punk, Alternative Rock"
"Hip hop, EDM","K-pop, Hip-hop, EDM, Pop"
"Hip hop, EDM","Pop, Hip-Hop, EDM"
"Indie, Pop, Folk","Indie-pop, Folk"
"Hip Hop, Reggaeton, Latin Hits, Afrobeats, Top 40, Club Anthems","Hip Hop, Reggaeton, Latin Hits, Afrobeats, Top 40 Club Anthems"
Choral Music,"Choral music, Classical"
"Ballet, Fine Arts","Fine Arts, Art"
"Orchestra, Live Music","Orchestra, Live Music, Dance"
"Blues, Swing","Jazz, Blues, Swing"
"Rock, Blues","Indie rock, Blues rock"
"Rock, Blues","Blues-Rock, Blues"
"Rock, Blues","R&B, Rock, Blues"
"Post-punk, punk, post-hardcore","Post-punk, post-hardcore punk, punk"
80s New Wave,"Rock, 80s New Wave"
"Bolero, psychedelic, cumbia","Instrumental Rock, bolero, psychedelic, cumbia"
"Pop, Alternative, Indie Pop","Indie Pop, Alternative Rock"
"Pop, Alternative, Indie Pop","Alternative, Indie Pop"
"Jazz, R&B, Hip-Hop, Pop","Jazz, R&B, Hip-Hop"
"Heavy Metal, Rock & Roll","Heavy metal, Rock"
Indie Pop,indie pop
"Pop Punk, Rock","Pop, Punk Rock"
"Hip-Hop/Rap, Indie Rock","Electronic, Hip-Hop/Rap"
"Hip-Hop/Rap, Indie Rock",Hip-Hop / Rap
"Hip-Hop/Rap, Indie Rock",Hip-hop/Rap
"Hip-Hop/Rap, Indie Rock","Hip-Hop/Rap, Jazz"
Comedy > Stand Up,stand up comedy
Comedy > Stand Up,"Comedy, Stand-Up Comedy"
Comedy > Stand Up,"Comedy, Stand up"
Comedy > Stand Up,stand-up comedy
Comedy > Stand Up,"Comedy, Stand-up Comedy"
Comedy > Stand Up,Stand-up
Female hip-hop,Hip-Hop & R&B
Female hip-hop,hip hop
Female hip-hop,"hip hop, R&B"
"Soul, Jazz, Funk","R&B, pop, soul, jazz"
"Hip Hop, R&B, Afro Beats, Reggae","Hip-Hop, R&B, Afro Beats"
"Hip Hop, R&B, Afro Beats, Reggae","Hip Hop, R&B, Afro Beats"
"Hip Hop, R&B, Afro Beats, Reggae","R&B, Hip Hop, Afro Beats"
"Funk, Soul, Jazz, Rock","Funk, Soul, R&B, Jazz, Classical"
"Funk, Soul, Jazz, Rock","Funk, Soul, Jazz, Rock, Hip-Hop"
"Funk, Soul, Jazz, Rock","Folk, Funk, Soul, Jazz, Rock"
"Funk, Soul, Jazz, Rock","Funk, Soul Jazz, Rock, Hip Hop, Jazz"
"Funk, Soul, Jazz, Rock","Funk, Soul, R&B, Jazz"
"Funk, Soul, Jazz, Rock","Funk, soul, jazz, rock, hip-hop"
Reggae rock,Reggae/Rock
"Rock, Americana","Indie Rock, Americana"
"Rock, Americana","Rock, Americana, Folk"
Blues-Rock,Blues / Rock
Stand-up,stand up comedy
Stand-up,"Comedy, Stand-Up Comedy"
Stand-up,"Comedy, Stand up"
Stand-up,stand-up comedy
Stand-up,"Comedy, Stand-up Comedy"
"Hip-hop, trap, rock, pop","hip hop, trap"
"Hiphop, R&B","HipHop, R&B"
"Folk, Americana, Singer-Songwriter","Americana, Singer-Songwriter"
Political Satire,"Comedy, Political Satire"
Cantonese Opera,"Opera, Chamber Opera"
"Indie Rock, Emo, 90s Alt-Rock","Indie rock, emo, 90s alt-rock"
"K-Pop, R&B, Pop","K-pop, Pop"
"K-Pop, R&B, Pop",Indie / Alternative / Rock
"K-Pop, R&B, Pop","Alternative Rock, Indie Rock, Pop"
"K-Pop, R&B, Pop","Pop, K-Pop"
"K-Pop, R&B, Pop","K-Pop, Pop"
"K-Pop, R&B, Pop","Alternative rock, indie rock"
"K-Pop, R&B, Pop","Pop Rock, Indie Pop"
"K-Pop, R&B, Pop","Pop, Indie"
"K-Pop, R&B, Pop","Country Pop, Indie Pop"
"K-Pop, R&B, Pop","Rock, Indie Pop"
"K-Pop, R&B, Pop","Indie Rock, Indie Pop"
"K-Pop, R&B, Pop","Alternative Rock, Indie Pop, Indie Rock"
"K-Pop, R&B, Pop","Pop, Pop Punk"
"K-Pop, R&B, Pop","K-pop, Pop Punk"
"Jazz, Smooth Jazz, Instrumental R&B",Smooth jazz
"Electro-pop, Hip-hop","Electro-pop, Hip-Hop, Alternative"
"Klezmer, Yiddish Music","Klezmer, Yiddish music, antifolk"
"Art, Craft & DIY, Family","Craft & DIY, Family"
"Art, Craft & DIY, Family","Art, Craft & DIY"
"Pop, Hip-Hop, EDM","K-pop, Hip-hop, EDM, Pop"
"Tech House, House, Techno",Tech house
"Cabaret, Musical Comedy, Jazz","Cabaret, Musical Theater"
"Cabaret, Musical Comedy, Jazz","Cabaret, Musical"
Rock opera,"Rock, Opera"
"Music, Mystical, Community Gathering",Community
American Roots Music,"American roots, soul, blues, R&B"
"Readings & Talks, Politics/Current Issues, Memoir/Biography","Readings, Talks, History, Politics/Current Issues"
"Dance, Theatre","Classical Music, Dance, Theatre"
"Ska, Reggae, Pop","Ska, Reggae, Pop, Rock"
"Folk, Indie Rock, Alternative Rock","Pop, Rock, Alternative"
"Folk, Indie Rock, Alternative Rock","Indie rock, alternative rock, folk"
"Folk, Indie Rock, Alternative Rock","indie rock, alternative, electronic"
"Folk, Indie Rock, Alternative Rock","Indie Rock, Alternative Rock"
"Folk, Indie Rock, Alternative Rock","Rock, Alternative Rock"
"Folk, Indie Rock, Alternative Rock","Rock, Alternative"
"Folk, Indie Rock, Alternative Rock",Rock/Alternative
"Folk, Indie Rock, Alternative Rock","Pop-rock, Alternative"
"music, live music","Rock music, Live music"
"music, live music","Music, Live Music"
Cumbia,Psychadelic Amazonian cumbia
"Horror, Performance Art",Performance Art
"Glam rock, psychedelia, funk, indie rock","Glam rock, Psychedelia, Funk, Indie rock"
Celtic Music,Celtic music
hip hop,Hip-Hop & R&B
hip hop,"hip hop, R&B"
CULINARY Arts,Culinary arts
CULINARY Arts,"Cooking, Culinary Arts"
"House music, EDM, Dance","Music, EDM, Dance"
"Electronic/Synth, EDM, House, Techno","Electronic/Synth, EDM/House/Techno"
Country-rock,Country Rock
"Electroclash, Dance-punk, Electronic","Electroclash, Dance-punk"
"Educational, Interactive, Light Based","Interactive, Light Based"
Thrash Metal,"Thrash, Metal"
Thrash Metal,"Heavy metal, Thrash"
Country-pop,Country Pop
"Computers and technology, STEAM",Computers and technology
"Computers and technology, STEAM","STEAM, Computers and technology"
"Computers and technology, STEAM","Computers and technology, Educational"
"Progressive, Rock","Progressive Rock, Alternative"
"Rock, Activism & Social Justice",Activism & Social Justice
"Rock, Activism & Social Justice","Readings & Talks, Activism & Social Justice"
"Rock, Activism & Social Justice","Film, Activism & Social Justice"
"Art, Community Event","Music, Community Event"
"Art, Community Event","Art, Live Music, Community Event"
"music, edm","Music, EDM"
"Alternative, Pop, Electronic","Alternative, pop, electronic"
"Cabaret, Musical Theater","Cabaret, Musical"
"Hip hop, RnB","Hip Hop, RnB"
Indie folk,Indie-Folk
Country Soul,"Country, Soul"
"Hip Hop, K-Pop","Hip-Hop, R&B, Pop"
"Hip Hop, K-Pop","Christian, Hip Hop, Pop"
"Hip Hop, Dance, R&B",Hip Hop Dance
"Hip Hop, Dance, R&B","Hip-hop, Dance"
Indie / Folk-Rock,Indie/Folk Rock
Indie / Folk-Rock,"Indie Folk, Rock"
Indie / Folk-Rock,Indie Folk Rock
Indie / Folk-Rock,"Pop, Indie-Folk, Rock"
"Poetry, LGBTQIA",poetry
LGBTQ+,LGBTQ+ Theater
LGBTQ+,LGBTQ+ Music
"Folk, Americana, Ambient Instrumental","Folk, Americana, Ambient instrumental"
"Comedy, Stand up",stand up comedy
"Comedy, Stand up","Comedy, Stand-Up Comedy"
"Comedy, Stand up",stand-up comedy
"Comedy, Stand up","Comedy, Stand-up Comedy"
Creative Arts,"Creative Arts, Craft"
"Comedy, Stand-up Comedy",stand up comedy
"Comedy, Stand-up Comedy","Comedy, Stand-Up Comedy"
"Comedy, Stand-up Comedy",stand-up comedy
Synthwave,"Folk, synthwave, comedy"
"Folk, Folk-Punk, Emo-inflected Folk Punk, Cabaret Punk","Folk, Folk Punk, Emo-inflected Punk, Cabaret Punk"
"Country Music, Sertanejo","Country music, Bluegrass"
"Country Music, Sertanejo","Country, Music"
Acoustic Punk,"Electronic, Acoustic"
"Funk, R&B",introverted funk
"Rock, Folk, Pop","Pop, Rock, Folk-Pop"
"Funk, R&B/Soul, Rock","Funk, Soul, Rock, Jazz"
Public Art,"Public Art, Fundraiser"
"Community, Shopping, Vintage/Antique Market","Vintage, Community Market"
"R&B, Gospel",Gospel-flavored blues
"Indie Rock, Experimental Rock","Alternative Rock, Experimental Rock, Indie Rock"
"Live music, rock music","Live Music, Rock"
"Live music, rock music","Music, Rock"
Animation,"Animation, Film"
Drum and Bass,dnb (drum and bass)
"Indie Rock, Alternative Rock","Pop, Rock, Alternative"
"Indie Rock, Alternative Rock","Indie rock, alternative rock, folk"
"Indie Rock, Alternative Rock","indie rock, alternative, electronic"
"Indie Rock, Alternative Rock","Rock, Alternative"
"Indie Rock, Alternative Rock","Rock, Alternative Rock"
"Indie Rock, Alternative Rock",Rock/Alternative
"Indie Rock, Alternative Rock","Pop-rock, Alternative"
"Rock, Americana, Folk","Indie Rock, Americana"
"Art, Live Music, Community Event","Music, Community Event"
"Broadway, Comedy","Broadway, Comedy, Music"
"Slack key guitar, Hawaiian music","Hawaiian music, slack key guitar, traditional"
"Slack key guitar, Hawaiian music","Hawaiian, Slack Key Guitar"
"Americana, Country, Folk, Rock","Americana, Country, Folk"
Irish Folk,"Irish Folk, Punk"
"Americana, Folk-Rock","Americana, Folk, Folk Rock"
"Americana, Folk-Rock","Americana, Folk, Rock, Country"
"R&B, Trap","Dance, Trap"
"R&B, Trap","R&B, TRAP"
"R&B, Hip Hop, Afro Beats","Hip-Hop, R&B, Afro Beats"
"R&B, Hip Hop, Afro Beats","Hip Hop, R&B, Afro Beats"
"Funk, Soul, Jazz, Rock, Hip-Hop","Funk, Soul, R&B, Jazz, Classical"
"Funk, Soul, Jazz, Rock, Hip-Hop","Folk, Funk, Soul, Jazz, Rock"
"Funk, Soul, Jazz, Rock, Hip-Hop","Funk, Soul Jazz, Rock, Hip Hop, Jazz"
"Funk, Soul, Jazz, Rock, Hip-Hop","Funk, Soul, R&B, Jazz"
"Funk, Soul, Jazz, Rock, Hip-Hop","Funk, soul, jazz, rock, hip-hop"
Jam Band,"Psychedelic, Jam Band"
Jam Band,Jam / Jam Band / Rock
Jam Band,"Jam Band, Rock"
Jam Band,"Jam band, Rock"
"Indie rock, Blues rock","Blues-Rock, Blues"
"Indie rock, Blues rock","R&B, Rock, Blues"
"Soul, R&B, Funk","Soul, Funk"
Karaoke Music,"Karaoke, Music"
"Comedy, Fashion","Music, Fashion"
"Comedy, Fashion","Modeling, Fashion"
"Hawaiian music, slack key guitar, traditional","Hawaiian, Slack Key Guitar"
"STEAM, Computers and technology",Computers and technology
"STEAM, Computers and technology","Computers and technology, Educational"
"Food & Drinks, Festivals","Food & Drinks, Festivals, Entertainment"
"Rock, Hard rock, Heavy metal","Rock, Heavy Metal"
"Rock, Hard rock, Heavy metal","Hard rock, heavy metal"
"Rock, Hard rock, Heavy metal","Hard rock, Heavy metal"
R&B & Soul,"Soul, Inspirational"
R&B & Soul,"Soul, Philly Soul"
Devotional Music,"Music, Kindie"
Devotional Music,Music Creation
Devotional Music,"Music, Parades"
Devotional Music,Cafe Music
Devotional Music,Vietnamese music
Devotional Music,Handbell Music
Afro House,"House music, Afro-House"
"Rock and Roll, R&B","Americana, R&B, Rock and Roll"
"Rock and Roll, R&B",Indie rock and roll
"Folk, Country, Roots Rock","Country, Roots"
"Rock, Power Pop","Indie rock, power pop"
"Rock, Power Pop","Pop-Rock, Power Pop"
"Rock, Power Pop","Alt-rock, power pop-rock"
"Rock, Power Pop","Alt Rock, Power Pop, Dad Rock"
"Rock, Power Pop","Rock, Power-pop"
Children's literature,"Children's literature, Nature"
Children's literature,Children's Literature
"Indie Rock, Indie Pop","K-pop, Pop"
"Indie Rock, Indie Pop",Indie / Alternative / Rock
"Indie Rock, Indie Pop","Alternative Rock, Indie Rock, Pop"
"Indie Rock, Indie Pop","Pop, K-Pop"
"Indie Rock, Indie Pop","K-Pop, Pop"
"Indie Rock, Indie Pop","Alternative rock, indie rock"
"Indie Rock, Indie Pop","Pop Rock, Indie Pop"
"Indie Rock, Indie Pop","Pop, Indie"
"Indie Rock, Indie Pop","Country Pop, Indie Pop"
"Indie Rock, Indie Pop","Rock, Indie Pop"
"Indie Rock, Indie Pop","Alternative Rock, Indie Pop, Indie Rock"
"Indie Rock, Indie Pop","Pop, Pop Punk"
"Indie Rock, Indie Pop","K-pop, Pop Punk"
"music, poetry, art","Poetry, Art, Contemplative"
"Wellness, Yoga, Workshops","Wellness, Yoga, Spiritual"
"Music, Festivals",Music festivals
"Hip-Hop, R&B, Pop","Christian, Hip Hop, Pop"
"Hip-hop, RnB, Afro beats, Reggae & Soca","Afro beats, Reggae, Soca, Hip-Hop"
"Classic rock, roots music, indie, psych, blues","Classic rock ‘n’ roll, roots music, indie, psych, blues"
Celtic/British Isles,Celtic/ British Isles
Celtic/British Isles,"Celtic/British Isles, Classic Folk"
Celtic/British Isles,"Celtic/British Isles, World Music"
"Pop-Rock, Power Pop","Indie rock, power pop"
"Pop-Rock, Power Pop","Alt-rock, power pop-rock"
"Pop-Rock, Power Pop","Alt Rock, Power Pop, Dad Rock"
"Pop-Rock, Power Pop","Rock, Power-pop"
Art and Painting,Art and Pastels
"Community, Visual Art","Murals, Visual Art"
"Performing arts, magic show","Magic Show, Performing Arts"
Drag show,Drag Show
Islamic Events,Art Events
"Pop-rock, Alternative","Pop, Rock, Alternative"
"Pop-rock, Alternative","Indie rock, alternative rock, folk"
"Pop-rock, Alternative","indie rock, alternative, electronic"
"Pop-rock, Alternative","Rock, Alternative"
"Pop-rock, Alternative","Rock, Alternative Rock"
"Pop-rock, Alternative",Rock/Alternative
"Live Music, Theater & Performance, Community","Live Music, Theater & Performance"
"Urban, Reggaeton",Latin urban
"Urban, Reggaeton",Urban
"Pop, Soul, R&B",Pop-Soul
"Arts, STEM",STEM
"Country, Hip-Hop","Country, Hip-hop"
"Classical, Historical",Historical Commemoration
"Classical, Historical","Musical, Historical"
"Musical, Historical",Historical Commemoration
"Jazz, Rock, Jazz-rock","Jazz, Rock"
"Jazz, Rock, Jazz-rock",Jazz-Rock
"Film, Family, Drama","Film, Family"
"Bass music, electronic music","Bass music, electronic"
Musica costarricense,Musica folk irlandese
"Books, Meetups","Books, Meetups, Parties"
Pop/Rock,Pop-Rock
Celtic/ British Isles,"Celtic/British Isles, Classic Folk"
Celtic/ British Isles,"Celtic/British Isles, World Music"
"Rock, Alt-rock","Indie-rock, Alt-rock"
"Pop, Indie","K-pop, Pop"
"Pop, Indie",Indie / Alternative / Rock
"Pop, Indie","Alternative Rock, Indie Rock, Pop"
"Pop, Indie","Pop, K-Pop"
"Pop, Indie","K-Pop, Pop"
"Pop, Indie","Alternative rock, indie rock"
"Pop, Indie","Pop Rock, Indie Pop"
"Pop, Indie","Country Pop, Indie Pop"
"Pop, Indie","Rock, Indie Pop"
"Pop, Indie","Alternative Rock, Indie Pop, Indie Rock"
"Pop, Indie","Pop, Pop Punk"
"Pop, Indie","K-pop, Pop Punk"
"Jazz, Not provided in source.","Jazz, R&B, Not provided in source."
"Jazz, Not provided in source.","Rock, Jazz, Not provided in source."
Synth pop,Synth-pop
"Music festivals, live music","Music festivals, Live music, Beer festivals"
"Soul, Philly Soul","Soul, Inspirational"
"House, Deep House, Melodic Techno","Deep House, Melodic Techno"
"House, Deep House, Melodic Techno","House, Deep House, Melodic Techno, Indie Dance"
"History & Art, Lectures & Presentations",History & Art
"Música urbana, Punk Rock","Música urbana, R&B, Pop, Country"
"Jazz, Hip-Hop, R&B, Soul","Hip-hop, Soul"
"Classical, Jazz, World Music","Jazz, World Music"
"alternative, metal, R&B, hip-hop","Alternative, R&B, Metal, Hip-Hop"
"Rock, Americana, Alternative Country","Americana, Alternative Country"
"Alt-pop, Pop","Alternative, Alt-Pop"
"Alt-pop, Pop","Alt-pop, Rock, Electronic"
"Alt-pop, Pop","Electronic, Alt-pop"
"Food & Beverage, Festivals & Fairs, Performing Arts","Food & Beverage, Festivals & Fairs, Music"
"K-pop, Pop",Indie / Alternative / Rock
"K-pop, Pop","Alternative Rock, Indie Rock, Pop"
"K-pop, Pop","Pop, K-Pop"
"K-pop, Pop","K-Pop, Pop"
"K-pop, Pop","Alternative rock, indie rock"
"K-pop, Pop","Pop Rock, Indie Pop"
"K-pop, Pop","Country Pop, Indie Pop"
"K-pop, Pop","Rock, Indie Pop"
"K-pop, Pop","Alternative Rock, Indie Pop, Indie Rock"
"K-pop, Pop","Pop, Pop Punk"
"K-pop, Pop","K-pop, Pop Punk"
Graphic Novels,Graphic Novels / Comics
"Folk, Rock, Spoken-Word","Spoken Word, History"
"Folk, Rock, Spoken-Word","live music, spoken word, R&B"
"Folk, Rock, Spoken-Word","Spoken word, Dance, Music"
"Spoken Word, Poetry, Music",Spoken word poetry
"Spoken Word, Poetry, Music",Spoken Word Poetry
"Spoken Word, Poetry, Music","Spoken Word, Poetry, Comedy"
"Spoken Word, Poetry, Music","Spoken word, Poetry, Music, Comedy"
"Psychedelic rock, Grateful Dead Tribute",Psychedelic Rock
"Psychedelic rock, Grateful Dead Tribute","Psychedelic, Rock"
"Psychedelic rock, Grateful Dead Tribute","psychedelic, rock"
"Indie Pop, Singer-Songwriter","Country, Pop, Singer-Songwriter"
"Funk, Soul Jazz, Rock, Hip Hop, Jazz","Funk, Soul, R&B, Jazz, Classical"
"Funk, Soul Jazz, Rock, Hip Hop, Jazz","Folk, Funk, Soul, Jazz, Rock"
"Funk, Soul Jazz, Rock, Hip Hop, Jazz","Funk, Soul, R&B, Jazz"
"Funk, Soul Jazz, Rock, Hip Hop, Jazz","Funk, soul, jazz, rock, hip-hop"
"Rock, Heavy Metal","Hard rock, heavy metal"
"Rock, Heavy Metal","Hard rock, Heavy metal"
stand up comedy,"Comedy, Stand-Up Comedy"
stand up comedy,stand-up comedy
"Jam Band, Rock","Psychedelic, Jam Band"
"Jam Band, Rock",Jam / Jam Band / Rock
"Jam Band, Rock","Jam band, Rock"
"Soul, R&B, Pop","R&B, Soul, Pop"
Film Festivals,"Festivals, Film"
"Alt Rock, Power Pop, Dad Rock","Indie rock, power pop"
"Alt Rock, Power Pop, Dad Rock","Alt-rock, power pop-rock"
"Alt Rock, Power Pop, Dad Rock","Rock, Power-pop"
"Folk, Roots","Blues, Folk, Roots"
"Jazz, Alternative","Jazz, Alternative Rock"
"RnB, Hip Hop","RnB, Hip-Hop"
"Fitness, Food",Fitness
"Pop, Hip-hop","K-pop, R&B, Hip-Hop"
"Music, Dance","Music, Dance, EDM"
"Americana, Folk, Folk Rock","Americana, Folk, Rock, Country"
"Reggaeton, Hip Hop, Latin","Reggaeton, Hip-Hop, Latin EDM"
"Reggaeton, Hip Hop, Latin","Hip Hop, Latin, EDM"
"Americana/Alt-Country, Rock/Pop",Americana/Alt-Country
"Folk, Americana, Jangly Folk Rock",Jangly Folk Rock
"Film, Activism & Social Justice",Activism & Social Justice
"Film, Activism & Social Justice","Readings & Talks, Activism & Social Justice"
Brostep,"Brostep, Livetronica"
Honky Tonk,"Bluegrass, Honky-tonk"
Honky Tonk,"Line Dance, Honky Tonk"
"Folk Punk, Rock, Pop, Funk, R&B, Jazz, Latin Rock, Ska, Punk, Indie Rock","Folk punk, Rock, Pop, Funk, R&B, Jazz, Latin rock, Ska, Punk, Indie rock"
"Theater, Poetry, Improvisation",Improvisation theater
"Jazz, Improv Comedy, Folk","Jazz, Improv"
"Swing music, Lindy Hop","Swing Music, Lindy Hop"
"Pop, K-Pop",Indie / Alternative / Rock
"Pop, K-Pop","Alternative Rock, Indie Rock, Pop"
"Pop, K-Pop","K-Pop, Pop"
"Pop, K-Pop","Alternative rock, indie rock"
"Pop, K-Pop","Pop Rock, Indie Pop"
"Pop, K-Pop","Country Pop, Indie Pop"
"Pop, K-Pop","Rock, Indie Pop"
"Pop, K-Pop","Alternative Rock, Indie Pop, Indie Rock"
"Pop, K-Pop","Pop, Pop Punk"
"Pop, K-Pop","K-pop, Pop Punk"
Drum N Bass,Drum & bass
"Alternative, Hip-Hop/Rap","Alternative, R&B, Hip Hop"
"Pop, Rock, Alternative","Indie rock, alternative rock, folk"
"Pop, Rock, Alternative","indie rock, alternative, electronic"
"Pop, Rock, Alternative","Rock, Alternative"
"Pop, Rock, Alternative","Rock, Alternative Rock"
"Pop, Rock, Alternative",Rock/Alternative
"Soul, Gospel, Americana","Soul, R&B, Gospel, Pop"
"Soul, Gospel, Americana","Jazz, Soul, Gospel"
"Punk, Alternative Rock, Garage Rock, Blues Rock","Indie rock, blues rock, garage rock"
"Dance, Cirque, Family",Family
"Rock, Acoustic","Alternative rock, Acoustic"
"Rap, Hip-Hop","Rap, Hip Hop"
"Rap, Hip-Hop","R&B, Rap, Hip-Hop"
KPOP,KPop
KPOP,Kpop
Colombian pop,Colombian indie
"R&B, Americana, pop","Country, Americana, Pop"
"Indie Pop, Country Pop, Folk Pop","Indie pop, country pop, folk pop"
"Indie Pop, Country Pop, Folk Pop","Indie pop, Country pop, Folk pop"
"Drag Show, Bingo","Drag Show, Bingo, Pride"
"Folk-rock, Americana","Folk Rock, Americana"
"Folk-rock, Americana","Folk rock, Americana"
"Art, Workshop",Art workshop
KPop,Kpop
Doo Wop,"Musical, Doo-wop"
Doo Wop,"Doo Wop, Broadway"
"Soul, Hip-Hop, R&B, Jazz","Soul, Hip Hop, Electronic"
"Soul, Hip-Hop, R&B, Jazz","Soul, Hip-Hop, R&B"
"Soul, Hip-Hop, R&B, Jazz","Jazz, Soul, R&B, Hip Hop, Rock"
"Soul, Hip-Hop, R&B, Jazz","R&B, jazz, soul, hip-hop"
"Soul, Hip-Hop, R&B, Jazz","Jazz, Soul, Hip-hop, R&B"
Creating & Making Technology,"Creating & Making, Technology, Music, Art"
"Alternative Rock, Indie Pop, Indie Rock",Indie / Alternative / Rock
"Alternative Rock, Indie Pop, Indie Rock","Alternative Rock, Indie Rock, Pop"
"Alternative Rock, Indie Pop, Indie Rock","K-Pop, Pop"
"Alternative Rock, Indie Pop, Indie Rock","Alternative rock, indie rock"
"Alternative Rock, Indie Pop, Indie Rock","Pop Rock, Indie Pop"
"Alternative Rock, Indie Pop, Indie Rock","Country Pop, Indie Pop"
"Alternative Rock, Indie Pop, Indie Rock","Rock, Indie Pop"
"Alternative Rock, Indie Pop, Indie Rock","Pop, Pop Punk"
"Alternative Rock, Indie Pop, Indie Rock","K-pop, Pop Punk"
"Big Room, Electronic, Trap",Big Room
"Big Room, Electronic, Trap",Big Room House
"Orchestra, Classical Music","Orchestra, Classical"
"Spoken Word, Poetry, Comedy",Spoken word poetry
"Spoken Word, Poetry, Comedy",Spoken Word Poetry
"Spoken Word, Poetry, Comedy","Spoken word, Poetry, Music, Comedy"
"Film, Performing Arts",Performing arts
"Film, Performing Arts","Theater, Shakespeare, Performing Arts"
"Film, Performing Arts","Performing Arts, Drama"
"Death Metal, Black Metal, Heavy Metal",Death metal
"Death Metal, Black Metal, Heavy Metal",Metal / Death Metal
"Death Metal, Black Metal, Heavy Metal","Death Metal, Black Metal"
"Death Metal, Black Metal, Heavy Metal","Death Metal, Black Metal, Heavy Metal, Alternative"
"Alternative, Indie Pop","Indie Pop, Alternative Rock"
"Emo, Indie Rock","Emo, Indie"
HipHop & RnB,"Oldschool HipHop, RnB"
"House, Deep House, Melodic Techno, Indie Dance","Deep House, Melodic Techno"
Hip-Hop & R&B,"hip hop, R&B"
"Classical, Early Music, Historical Dance","Classical, Early Music"
"EDM, Heavy Metal","Blues, Heavy Metal"
"Reggae, Punk Rock","Reggae, Punk Rock, Pop"
"Hip-Hop/Rap, R&B/Soul/Funk","Rock, Hip-Hop/Rap, R&B/Soul/Funk"
"Electronic, Alt-pop","Alternative, Alt-Pop"
"Electronic, Alt-pop","Alt-pop, Rock, Electronic"
"Irish Traditional Music, Folk",Irish Traditional Music
"Irish Traditional Music, Folk",Irish Traditional
"Comedy, Musical, Parody","Comedy, Musical Parody"
Hip-Hop / Rap,"Electronic, Hip-Hop/Rap"
Hip-Hop / Rap,Hip-hop/Rap
Hip-Hop / Rap,"Hip-Hop/Rap, Jazz"
"House, Disco","House, Disco, Club"
Pop/R&B,Pop psicodélico
Pop/R&B,POP
Urban,Latin urban
Activism & Social Justice,"Readings & Talks, Activism & Social Justice"
"Dubstep, Bass","Dubstep, Bass Music"
"Art, Fine Arts, Exhibitions","Performance Art, Fine Arts"
"Art, Fine Arts, Exhibitions","Art, Fine Arts"
"Death Metal, Black Metal",Death metal
"Death Metal, Black Metal",Metal / Death Metal
"Death Metal, Black Metal","Death Metal, Black Metal, Heavy Metal, Alternative"
"Circus, Music","Comedy, Circus"
"jazz, live music","Reggae, live music"
"jazz, live music","Film, Live Music"
"jazz, live music","Polka, Live Music"
"jazz, live music",live music
"Sufi, Qawwali","Bollywood, Ghazals, Sufi, Qawwali"
Psychedelic Rock,"Psychedelic, Rock"
Psychedelic Rock,"psychedelic, rock"
Native American dance,Native American Dance
"Country, Americana, Bluegrass","Americana, bluegrass"
"Folk, Funk, Soul, Jazz, Rock","Funk, Soul, R&B, Jazz, Classical"
"Folk, Funk, Soul, Jazz, Rock","Funk, Soul, R&B, Jazz"
"Folk, Funk, Soul, Jazz, Rock","Funk, soul, jazz, rock, hip-hop"
"Roller Derby, Sports","roller derby, sports"
"Roller Derby, Sports",Sports > Roller Derby
"Comedy, Performing Arts, Music, Live Music","Performing Arts, Music"
"Indie, Surf, Post-Punk",Indie surf
Sports > Roller Derby,"roller derby, sports"
"Hip-Hop, Blues, Funk, Soul","Hip-hop, blues, funk, soul"
"House Music, Hip Hop, Top 40","Hip Hop, Top 40, R&B"
"Hip-hop, Dance",Hip Hop Dance
"Electronic, Indie","Electronic, R&B, Indie Rock"
Death metal,Metal / Death Metal
Death metal,"Death Metal, Black Metal, Heavy Metal, Alternative"
"Yoga, Meditation","Yoga, Meditation, Pilates"
"Live Music, Rock","Music, Rock"
"Film, Live Music","Reggae, live music"
"Film, Live Music","Polka, Live Music"
"Film, Live Music",live music
"Reggae, live music","Polka, Live Music"
"Reggae, live music",live music
"skincare, art, training","Art, Paranormal"
"skincare, art, training","Art, Auction"
"Soul, Hip-Hop, R&B","Soul, Hip Hop, Electronic"
"Soul, Hip-Hop, R&B","Jazz, Soul, R&B, Hip Hop, Rock"
"Soul, Hip-Hop, R&B","R&B, jazz, soul, hip-hop"
"Soul, Hip-Hop, R&B","Jazz, Soul, Hip-hop, R&B"
Performing arts,"Theater, Shakespeare, Performing Arts"
Performing arts,"Performing Arts, Drama"
Theatrical and Musical,"Theatrical, Musical"
"Noise rock, indie rock","Noise rock, indie rock, punk"
Irish Traditional,Irish Traditional Music
"Comedy, Interactive Theatre","Comedy, Interactive Dinner Theatre"
"Singer-Songwriter, Folk","Singer-Songwriter, Folk, Blues"
"Neo-soul, R&B",Neo Soul
"Alt-pop, Rock, Electronic","Alternative, Alt-Pop"
"Arts, Health, Wellness, & Mindfulness, STEM","Arts, Health, Wellness & Mindfulness"
"Arts, Health, Wellness, & Mindfulness, STEM","Health, Wellness & Mindfulness"
"Art, Craft & DIY","Craft & DIY, Family"
"Comedy, Theatre","Music, Comedy, Theatre"
Arts & Culture,"Community, Arts & Culture"
"Pop, Pop Punk",Indie / Alternative / Rock
"Pop, Pop Punk","Alternative Rock, Indie Rock, Pop"
"Pop, Pop Punk","K-Pop, Pop"
"Pop, Pop Punk","Alternative rock, indie rock"
"Pop, Pop Punk","Pop Rock, Indie Pop"
"Pop, Pop Punk","Country Pop, Indie Pop"
"Pop, Pop Punk","Rock, Indie Pop"
"Pop, Pop Punk","K-pop, Pop Punk"
"Latin fusion, DJ","Latin fusion, Califas Mestizo Music"
"Folk, Indie","Indie Folk, Indie Rock, Pop"
"Folk, Indie","Indie Folk, Indie Rock, Indie Alternative"
Go-go,Go-Go
Go-go,"Spoken Word, Go-Go"
"Art, Music, Poetry, Comedy","Art, Music, Poetry"
"Reggaeton, Hip-Hop, Latin EDM","Hip Hop, Latin, EDM"
"Wellness, Sound Healing, Reiki","Wellness, Sound Healing"
Hip-hop/Rap,"Electronic, Hip-Hop/Rap"
Hip-hop/Rap,"Hip-Hop/Rap, Jazz"
"Broadway, Cabaret","Broadway, Cabaret, Jazz"
"Metal, Rock",Metal / Rock
"Funkified rock, Southern soul","Funk, Rock, Southern Soul"
"Arts, Health, Wellness & Mindfulness","Health, Wellness & Mindfulness"
"Rock, Metal, Classical","Indie Rock, Metal"
POP,Pop psicodélico
"Poetry, Open Mic","Poetry, Open Mic, Performances"
"Jazz, Blues, Salsa","Jazz, Blues, Large Ensembles"
"R&B, Rap, Hip-Hop","Rap, Hip Hop"
"Festivals, Wine Tasting, Comedy","Comedy, Wine Tasting"
"Lo-fi folk, indie","Lo-fi, Folk"
"EDM, Reggaeton, Hip-Hop","EDM, Reggaeton, Hip Hop"
"Alternative R&B, Neo-Soul","Alternative R&B, Neo-Soul, Hip-Hop"
"Musical, Doo-wop","Doo Wop, Broadway"
"Folk, Indie, Alt-Pop, Indie-Pop","Indie, Alt-Pop, Indie Pop, Alternative"
"Irish, Music","Live music, Irish music"
"Bollywood, Bhangra","Bollywood, Bhangra, Romantic"
"Music, Film, Theater","Music, Film"
"Country, Folk, Americana","Pop, Folk, Americana, Rock"
"Americana, blues, folk, rock","Americana, Blues, Folk"
"Indie Folk, Indie Rock, Pop","Indie Folk, Indie Rock, Indie Alternative"
Children's Literature,"Children's literature, Nature"
Spiritual,Spiritual Poetry
"Art, Literature","Poetry, Literature"
"Jazz, Soul, R&B, Hip Hop, Rock","Soul, Hip Hop, Electronic"
"Jazz, Soul, R&B, Hip Hop, Rock","R&B, jazz, soul, hip-hop"
"Jazz, Soul, R&B, Hip Hop, Rock","Jazz, Soul, Hip-hop, R&B"
"Indie Rock, Folk","Indie-rock, Folk"
Big Room,Big Room House
"Alternative Rock, Psychedelic Rock","Rock, Psychedelic"
"Alternative Rock, Psychedelic Rock","Rock, Psychedelic Rock"
"Jazz, Soul, Hip-hop, R&B","Soul, Hip Hop, Electronic"
"Jazz, Soul, Hip-hop, R&B","R&B, jazz, soul, hip-hop"
"Music, Performing Arts, Irish","Live music, Performing arts"
"Cabaret & Burlesque, Drag","Burlesque, Drag, Cabaret"
"psychedelic, rock","Psychedelic, Rock"
Go-Go,"Spoken Word, Go-Go"
"Ambient Electronic, Experimental Jazz, Dub","Ambient Electronic, Experimental Jazz"
Comedy Magic,"Comedy, Magic, Variety"
"Books/Library, Educational, Kids Calendar, Storytime","Books/Library, Educational, Inclusive, Indoor, Kids Calendar, Storytime"
LGBTQ+ Music,LGBTQ+ Theater
"Rock, Indie Pop",Indie / Alternative / Rock
"Rock, Indie Pop","Alternative Rock, Indie Rock, Pop"
"Rock, Indie Pop","K-Pop, Pop"
"Rock, Indie Pop","Alternative rock, indie rock"
"Rock, Indie Pop","Pop Rock, Indie Pop"
"Rock, Indie Pop","Country Pop, Indie Pop"
"Rock, Indie Pop","K-pop, Pop Punk"
"Mindfulness, Meditation, Sound Bath, Wellness","Meditation, Sound Bath, Wellness"
"Spoken word, Comedy, Music","Spoken word, comedy, music"
Pop/Punk,"Neon pop punk, Anthem emo"
Folk/Country,"Folk, Country"
Mixed Martial Arts,"Workshops, Martial Arts"
Cross-genre chamber music,"Chamber music, Cross-genre, Rock, Jazz"
"Live Music, Fairs & Festivals, Holiday","Live Music, Fairs & Festivals"
"Country, Indie Rock","Country, Indie Rock, Folk"
"Sludge, Doom Metal","Sludge, Doom"
"Visual Arts, Multimedia","Workshops, Visual Arts"
"Alternative rock, indie rock",Indie / Alternative / Rock
"Alternative rock, indie rock","Alternative Rock, Indie Rock, Pop"
"Alternative rock, indie rock","K-Pop, Pop"
"Alternative rock, indie rock","Pop Rock, Indie Pop"
"Alternative rock, indie rock","Country Pop, Indie Pop"
"Alternative rock, indie rock","K-pop, Pop Punk"
live music,"Polka, Live Music"
stand-up comedy,"Comedy, Stand-Up Comedy"
"R&B, jazz, soul, hip-hop","Soul, Hip Hop, Electronic"
Jazz Funk,"Jazz, Funk"
Jazz Funk,"Jazz, Funk, R&B"
"Theater, Shakespeare, Performing Arts","Performing Arts, Drama"
RNB,RnB
"gothic, industrial, synthpop","gothic, industrial, synthpop, noise, ambient"
"Rock, Alternative","Indie rock, alternative rock, folk"
"Rock, Alternative","indie rock, alternative, electronic"
"Rock, Alternative","Rock, Alternative Rock"
"Rock, Alternative",Rock/Alternative
"Punk, Alternative","Pop-Punk, Alternative Rock"
"Food & Drinks, Culinary Arts, Fine Arts","Food & Drinks, Culinary Arts"
Science,"Film, Science"
Entertainment,"Art, Entertainment"
Sports & Recreation (Baseball),Sports & Recreation
"Jazz, funk, hip-hop, EDM","Jazz, Funk, Hip Hop, Rap"
Funk-Rock,Funk-rock
"Jazz, R&B, Not provided in source.","Rock, Jazz, Not provided in source."
"Pop, Indie-Folk, Rock",Indie/Folk Rock
"Pop, Indie-Folk, Rock","Indie Folk, Rock"
"Pop, Indie-Folk, Rock",Indie Folk Rock
Spoken word poetry,Spoken Word Poetry
Spoken word poetry,"Spoken word, Poetry, Music, Comedy"
"Indie, Americana, Folk, Rock, Pop, Jazz, Alt-Country","Americana, folk, rock, pop, jazz, alt-country"
"Indie, Americana, Folk, Rock, Pop, Jazz, Alt-Country","Indie music, Americana, Folk, Rock, Pop, Jazz, Alt-country"
"Spoken Word, History","live music, spoken word, R&B"
"Spoken Word, History","Spoken word, Dance, Music"
"emo, pop-punk",Emo / Pop-Punk
"Folk, Country, Rock, Blues, Americana","Folk, Country, Rock, Blues"
"Indie pop, Country pop, Folk pop","Indie pop, country pop, folk pop"
Caribbean Music,Caribbean music
"Jazz, Funk, R&B","Jazz, Funk"
"K-Pop, Pop",Indie / Alternative / Rock
"K-Pop, Pop","Alternative Rock, Indie Rock, Pop"
"K-Pop, Pop","Pop Rock, Indie Pop"
"K-Pop, Pop","Country Pop, Indie Pop"
"K-Pop, Pop","K-pop, Pop Punk"
"Country, Music","Country music, Bluegrass"
Southern Rock,classic/southern rock
"Indie music, Americana, Folk, Rock, Pop, Jazz, Alt-country","Americana, folk, rock, pop, jazz, alt-country"
"Hip-hop, Rock","Pop, Hip-Hop, Rock, Country"
"Hip-hop, Rock","Pop, Hip-hop, Rock"
"Jam band, Rock","Psychedelic, Jam Band"
"Jam band, Rock",Jam / Jam Band / Rock
"Electronic, Hip-hop, Latin, Underground","Electronic, hip-hop, Latin, underground"
"Live Music, Fundraiser","Live music, Fundraiser, Rave"
"Jazz, Soul, R&B, Blues","Jazz, Soul, Blues"
"Death Metal, Black Metal, Heavy Metal, Alternative",Metal / Death Metal
"Holiday, Jewish","Holiday, Jewish Music"
"Country Pop, Indie Pop",Indie / Alternative / Rock
"Country Pop, Indie Pop","Alternative Rock, Indie Rock, Pop"
"Country Pop, Indie Pop","Pop Rock, Indie Pop"
"Country Pop, Indie Pop","K-pop, Pop Punk"
Indie Soul / Pop,"Pop, Indie Soul-Pop"
Variety; Queer; BIPOC,"Poetry, BIPOC, Queer"
"Global Grooves, Latin Music",Global Grooves
True Crime,"Comedy, True Crime"
"Pop Rock, Indie Pop",Indie / Alternative / Rock
"Pop Rock, Indie Pop","Alternative Rock, Indie Rock, Pop"
"Pop Rock, Indie Pop","K-pop, Pop Punk"
"Art, Paranormal","Art, Auction"
"Indie rock, power pop","Alt-rock, power pop-rock"
"Indie rock, power pop","Rock, Power-pop"
"Psychedelic, Jam Band",Jam / Jam Band / Rock
"live music, spoken word, R&B","Spoken word, Dance, Music"
"indie rock, alternative, electronic","Indie rock, alternative rock, folk"
"indie rock, alternative, electronic","Rock, Alternative Rock"
"indie rock, alternative, electronic",Rock/Alternative
"Jazz, Blues, Gospel, R&B","Blues, Gospel"
"Funk, Soul, R&B, Jazz, Classical","Funk, Soul, R&B, Jazz"
"Funk, Soul, R&B, Jazz, Classical","Funk, soul, jazz, rock, hip-hop"
"Alternative, Dream Pop","Alternative, Dream, Pop, Punk"
"Indie rock, alternative rock, folk","Rock, Alternative Rock"
"Indie rock, alternative rock, folk",Rock/Alternative
"Alt-rock, power pop-rock","Rock, Power-pop"
"Rock, Psychedelic Rock","Rock, Psychedelic"
"R&B, Rock, Blues","Blues-Rock, Blues"
"Folk rock, Americana","Folk Rock, Americana"
"Pop, Hip-hop, Rock","Pop, Hip-Hop, Rock, Country"
Indie / Alternative / Rock,"Alternative Rock, Indie Rock, Pop"
Indie / Alternative / Rock,"K-pop, Pop Punk"
"Funk, Soul, R&B, Jazz","Funk, soul, jazz, rock, hip-hop"
"Music, Parades","Music, Kindie"
"Music, Parades",Music Creation
"Music, Parades",Cafe Music
"Music, Parades",Vietnamese music
"Music, Parades",Handbell Music
"Music, Art","music, art"
"K-pop, Pop Punk","Alternative Rock, Indie Rock, Pop"
"Computers and technology, Educational",Computers and technology
Indie rock and roll,"Americana, R&B, Rock and Roll"
Indie Folk Rock,Indie/Folk Rock
Indie Folk Rock,"Indie Folk, Rock"
"Progressive metal, funk, blues, jazz, bluegrass, avant-garde","Progressive metal, funk, blues, jazz, bluegrass, avant-garde music"
"Performance Art, Fine Arts","Art, Fine Arts"
"Hard rock, heavy metal","Hard rock, Heavy metal"
"Electronic, Hip-Hop/Rap","Hip-Hop/Rap, Jazz"
"orchestra, theatre","Orchestra, Theatre"
"Music, Kindie",Music Creation
"Music, Kindie",Cafe Music
"Music, Kindie",Vietnamese music
"Music, Kindie",Handbell Music
Psychedelic Folk,Psychedelic Folk Pop
"Irish, Celtic",Irish; Celtic
"Funk, Jazz, Americana, Progressive Rock","Psychedelic, Funk, Jazz, Americana, Progressive Rock"
"Music, Fashion","Modeling, Fashion"
Handbell Music,Music Creation
Handbell Music,Cafe Music
Handbell Music,Vietnamese music
"Celtic, Rock",Celtic Rock
Arts & Attractions,"Art, Attractions"
"Rock, Country, Blues","Rock, Country, Blues, Folk"
"Musical Theater, Drag","Hip-hop, musical theater"
"Irish Americana, Traditional Irish",Irish Americana
"Rock, Alternative Rock",Rock/Alternative
Plays,"Plays, Comedy"
"Jazz, Soul, Gospel","Soul, R&B, Gospel, Pop"
Spoken Word Poetry,"Spoken word, Poetry, Music, Comedy"
"Indie rock, Punk","Indie Rock, Punk"
Music Creation,Cafe Music
Music Creation,Vietnamese music
"Music, Live Music","Rock music, Live music"
"Indie rock, bossa nova, jazz, chamber pop","Indie rock, Emo, Bossa nova, Jazz, Chamber pop"
Indie/Folk Rock,"Indie Folk, Rock"
"Indie Rock, Folk, Singer/Songwriter","Folk, Singer-songwriter"
"Pop, Folk Rock","Pop, Folk-Rock"
"Pop, World, Latin","Pop, World/Latin"
"Alternative, Rock, R&B","Alternative, Rock"
"Hip Hop, R&B, Afro Beats","Hip-Hop, R&B, Afro Beats"
"Jazz, Rock",Jazz-Rock
"Celtic/British Isles, World Music","Celtic/British Isles, Classic Folk"
"Thrash, Metal","Heavy metal, Thrash"
rock,Arena Rock
"Theatre, Music","Theatre, Music, Dance"
Culinary arts,"Cooking, Culinary Arts"
Cafe Music,Vietnamese music
"Dance, Trap","R&B, TRAP"
"Bluegrass, Honky-tonk","Line Dance, Honky Tonk"
"Theatre, Art","theatre, art"
