source,target
10news.com,A hantavirus case has been found in a mouse near a specific ranch house in 2026.
2026-01-16,A hantavirus case has been found in a mouse near a specific ranch house in 2026.
hantavirus,A hantavirus case has been found in a mouse near a specific ranch house in 2026.
mouse,A hantavirus case has been found in a mouse near a specific ranch house in 2026.
ranch house,A hantavirus case has been found in a mouse near a specific ranch house in 2026.
be.headtopics.com,Hantavirus is a disease transmitted to humans by
2026-05-03,Hantavirus is a disease transmitted to humans by
headtopics.com,Hantavirus is a disease transmitted to humans by
pt.headtopics.com,Hantavirus outbreak on cruise ship causes two deaths
2026-05-03,Hantavirus outbreak on cruise ship causes two deaths
cruise ship,Hantavirus outbreak on cruise ship causes two deaths
Hantavirus,Hantavirus outbreak on cruise ship causes two deaths
headtopics.com,Hantavirus outbreak on cruise ship causes two deaths
ar.headtopics.com,Hantavirus outbreak on a luxury cruise leading to two deaths
2026-05-03,Hantavirus outbreak on a luxury cruise leading to two deaths
Hantavirus,Hantavirus outbreak on a luxury cruise leading to two deaths
luxury cruise,Hantavirus outbreak on a luxury cruise leading to two deaths
headtopics.com,Hantavirus outbreak on a luxury cruise leading to two deaths
pt.headtopics.com,Hantavirus outbreak on a cruise in the Atlantic confirmed by WHO
2026-05-03,Hantavirus outbreak on a cruise in the Atlantic confirmed by WHO
cruise,Hantavirus outbreak on a cruise in the Atlantic confirmed by WHO
WHO,Hantavirus outbreak on a cruise in the Atlantic confirmed by WHO
Atlantic,Hantavirus outbreak on a cruise in the Atlantic confirmed by WHO
Hantavirus,Hantavirus outbreak on a cruise in the Atlantic confirmed by WHO
Earth,Hantavirus outbreak on a cruise in the Atlantic confirmed by WHO
Atlantic Ocean,Hantavirus outbreak on a cruise in the Atlantic confirmed by WHO
headtopics.com,Hantavirus outbreak on a cruise in the Atlantic confirmed by WHO
fr.headtopics.com,Infection cases of hantavirus reported on a cruise ship.
2026-05-03,Infection cases of hantavirus reported on a cruise ship.
cruise ship,Infection cases of hantavirus reported on a cruise ship.
hantavirus,Infection cases of hantavirus reported on a cruise ship.
headtopics.com,Infection cases of hantavirus reported on a cruise ship.
ie.headtopics.com,Hantavirus outbreak on cruise ship results in three deaths.
2026-05-03,Hantavirus outbreak on cruise ship results in three deaths.
cruise ship,Hantavirus outbreak on cruise ship results in three deaths.
Hantavirus,Hantavirus outbreak on cruise ship results in three deaths.
headtopics.com,Hantavirus outbreak on cruise ship results in three deaths.
independent.co.uk,Explains what hantavirus is and its association with rodents and lung disease
2026-05-03,Explains what hantavirus is and its association with rodents and lung disease
rodents,Explains what hantavirus is and its association with rodents and lung disease
hantavirus,Explains what hantavirus is and its association with rodents and lung disease
lung disease,Explains what hantavirus is and its association with rodents and lung disease
ar.headtopics.com,Three dead due to a hantavirus outbreak on a cruise ship.
2026-05-03,Three dead due to a hantavirus outbreak on a cruise ship.
cruise ship,Three dead due to a hantavirus outbreak on a cruise ship.
hantavirus,Three dead due to a hantavirus outbreak on a cruise ship.
headtopics.com,Three dead due to a hantavirus outbreak on a cruise ship.
ca.headtopics.com,A suspected hantavirus outbreak on a cruise ship.
2026-05-03,A suspected hantavirus outbreak on a cruise ship.
cruise ship,A suspected hantavirus outbreak on a cruise ship.
hantavirus,A suspected hantavirus outbreak on a cruise ship.
headtopics.com,A suspected hantavirus outbreak on a cruise ship.
fr.headtopics.com,Three deaths linked to a possible hantavirus outbreak.
2026-05-03,Three deaths linked to a possible hantavirus outbreak.
deaths,Three deaths linked to a possible hantavirus outbreak.
hantavirus outbreak,Three deaths linked to a possible hantavirus outbreak.
headtopics.com,Three deaths linked to a possible hantavirus outbreak.
fr.headtopics.com,A deadly cruise trip and a possible focal point of hantavirus.
2026-05-03,A deadly cruise trip and a possible focal point of hantavirus.
hantavirus,A deadly cruise trip and a possible focal point of hantavirus.
cruise trip,A deadly cruise trip and a possible focal point of hantavirus.
headtopics.com,A deadly cruise trip and a possible focal point of hantavirus.
mx.headtopics.com,Hantavirus outbreak on a cruise leaves two dead and one in critical condition.
2026-05-03,Hantavirus outbreak on a cruise leaves two dead and one in critical condition.
cruise,Hantavirus outbreak on a cruise leaves two dead and one in critical condition.
Hantavirus,Hantavirus outbreak on a cruise leaves two dead and one in critical condition.
headtopics.com,Hantavirus outbreak on a cruise leaves two dead and one in critical condition.
nl.headtopics.com,Three deaths due to a possible hantavirus on a cruise ship.
2026-05-03,Three deaths due to a possible hantavirus on a cruise ship.
cruise ship,Three deaths due to a possible hantavirus on a cruise ship.
hantavirus,Three deaths due to a possible hantavirus on a cruise ship.
headtopics.com,Three deaths due to a possible hantavirus on a cruise ship.
ph.headtopics.com,Hantavirus outbreak on a cruise ship results in three deaths.
2026-05-03,Hantavirus outbreak on a cruise ship results in three deaths.
cruise ship,Hantavirus outbreak on a cruise ship results in three deaths.
Hantavirus,Hantavirus outbreak on a cruise ship results in three deaths.
headtopics.com,Hantavirus outbreak on a cruise ship results in three deaths.
newsday.com,Reports on a hantavirus outbreak related to a cruise ship in South Africa
2026-05-03,Reports on a hantavirus outbreak related to a cruise ship in South Africa
cruise ship,Reports on a hantavirus outbreak related to a cruise ship in South Africa
hantavirus,Reports on a hantavirus outbreak related to a cruise ship in South Africa
South Africa,Reports on a hantavirus outbreak related to a cruise ship in South Africa
Africa,Reports on a hantavirus outbreak related to a cruise ship in South Africa
gbnews.com,"A hantavirus outbreak has occurred, causing a British tourist to fight for their life on a cruise ship, with three fatalities reported."
2026-05-03,"A hantavirus outbreak has occurred, causing a British tourist to fight for their life on a cruise ship, with three fatalities reported."
cruise ship,"A hantavirus outbreak has occurred, causing a British tourist to fight for their life on a cruise ship, with three fatalities reported."
British tourist,"A hantavirus outbreak has occurred, causing a British tourist to fight for their life on a cruise ship, with three fatalities reported."
Europe,"A hantavirus outbreak has occurred, causing a British tourist to fight for their life on a cruise ship, with three fatalities reported."
United Kingdom,"A hantavirus outbreak has occurred, causing a British tourist to fight for their life on a cruise ship, with three fatalities reported."
Britain,"A hantavirus outbreak has occurred, causing a British tourist to fight for their life on a cruise ship, with three fatalities reported."
theguardian.com,Three passengers dead after suspected hantavirus outbreak on cruise ship
2026-05-03,Three passengers dead after suspected hantavirus outbreak on cruise ship
passengers,Three passengers dead after suspected hantavirus outbreak on cruise ship
cruise ship,Three passengers dead after suspected hantavirus outbreak on cruise ship
alltop.com,Three passengers dead after suspected hantavirus outbreak on cruise ship
theguardian.com,Three passengers have died due to a suspected hantavirus outbreak on a cruise ship.
2026-05-03,Three passengers have died due to a suspected hantavirus outbreak on a cruise ship.
passengers,Three passengers have died due to a suspected hantavirus outbreak on a cruise ship.
cruise ship,Three passengers have died due to a suspected hantavirus outbreak on a cruise ship.
yahoo.com/news,There is a suspected hantavirus outbreak on a cruise ship
2026-05-03,There is a suspected hantavirus outbreak on a cruise ship
cruise ship,There is a suspected hantavirus outbreak on a cruise ship
elpais.com,Three deaths possibly linked to hantavirus outbreak on a cruise ship
2026-05-03,Three deaths possibly linked to hantavirus outbreak on a cruise ship
cruise ship,Three deaths possibly linked to hantavirus outbreak on a cruise ship
hantavirus,Three deaths possibly linked to hantavirus outbreak on a cruise ship
ca.headtopics.com,Suspected hantavirus outbreak kills three aboard a cruise ship.
2026-05-03,Suspected hantavirus outbreak kills three aboard a cruise ship.
cruise ship,Suspected hantavirus outbreak kills three aboard a cruise ship.
hantavirus,Suspected hantavirus outbreak kills three aboard a cruise ship.
headtopics.com,Suspected hantavirus outbreak kills three aboard a cruise ship.
uk.headtopics.com,Hantavirus outbreak on cruise ship leads to three British deaths.
2026-05-03,Hantavirus outbreak on cruise ship leads to three British deaths.
cruise ship,Hantavirus outbreak on cruise ship leads to three British deaths.
British,Hantavirus outbreak on cruise ship leads to three British deaths.
Hantavirus,Hantavirus outbreak on cruise ship leads to three British deaths.
North America,Hantavirus outbreak on cruise ship leads to three British deaths.
Canada,Hantavirus outbreak on cruise ship leads to three British deaths.
British Columbia,Hantavirus outbreak on cruise ship leads to three British deaths.
headtopics.com,Hantavirus outbreak on cruise ship leads to three British deaths.
us.headtopics.com,Suspected hantavirus outbreak on a cruise ship in the US.
2026-05-03,Suspected hantavirus outbreak on a cruise ship in the US.
US,Suspected hantavirus outbreak on a cruise ship in the US.
cruise ship,Suspected hantavirus outbreak on a cruise ship in the US.
United States,Suspected hantavirus outbreak on a cruise ship in the US.
North America,Suspected hantavirus outbreak on a cruise ship in the US.
headtopics.com,Suspected hantavirus outbreak on a cruise ship in the US.
boston.com,A hantavirus outbreak on a cruise ship has resulted in three deaths.
2026-05-03,A hantavirus outbreak on a cruise ship has resulted in three deaths.
cruise ship,A hantavirus outbreak on a cruise ship has resulted in three deaths.
hantavirus,A hantavirus outbreak on a cruise ship has resulted in three deaths.
ar.headtopics.com,Three people died from a hantavirus outbreak in an area
2026-05-03,Three people died from a hantavirus outbreak in an area
three people,Three people died from a hantavirus outbreak in an area
area,Three people died from a hantavirus outbreak in an area
hantavirus,Three people died from a hantavirus outbreak in an area
outbreak,Three people died from a hantavirus outbreak in an area
headtopics.com,Three people died from a hantavirus outbreak in an area
co.headtopics.com,Health alert for hantavirus on a cruise ship in the Atlantic
2026-05-03,Health alert for hantavirus on a cruise ship in the Atlantic
cruise ship,Health alert for hantavirus on a cruise ship in the Atlantic
hantavirus,Health alert for hantavirus on a cruise ship in the Atlantic
Atlantic,Health alert for hantavirus on a cruise ship in the Atlantic
headtopics.com,Health alert for hantavirus on a cruise ship in the Atlantic
us.headtopics.com,Suspected hantavirus outbreak on a cruise ship
2026-05-03,Suspected hantavirus outbreak on a cruise ship
cruise ship,Suspected hantavirus outbreak on a cruise ship
headtopics.com,Suspected hantavirus outbreak on a cruise ship
bostonherald.com,A suspected hantavirus outbreak on a cruise ship has resulted in the deaths of three people.
2026-05-03,A suspected hantavirus outbreak on a cruise ship has resulted in the deaths of three people.
three people,A suspected hantavirus outbreak on a cruise ship has resulted in the deaths of three people.
cruise ship,A suspected hantavirus outbreak on a cruise ship has resulted in the deaths of three people.
hantavirus,A suspected hantavirus outbreak on a cruise ship has resulted in the deaths of three people.
apnews.com,Gene Hackman's wife Betsy Arakawa linked to hantavirus death from rodent exposure
2026-05-03,Gene Hackman's wife Betsy Arakawa linked to hantavirus death from rodent exposure
rodent,Gene Hackman's wife Betsy Arakawa linked to hantavirus death from rodent exposure
hantavirus,Gene Hackman's wife Betsy Arakawa linked to hantavirus death from rodent exposure
Gene Hackman,Gene Hackman's wife Betsy Arakawa linked to hantavirus death from rodent exposure
Betsy Arakawa,Gene Hackman's wife Betsy Arakawa linked to hantavirus death from rodent exposure
livemint.com,"Hantavirus outbreak on a cruise ship in the Atlantic Ocean has resulted in 3 deaths, according to WHO."
2026-05-03,"Hantavirus outbreak on a cruise ship in the Atlantic Ocean has resulted in 3 deaths, according to WHO."
cruise ship,"Hantavirus outbreak on a cruise ship in the Atlantic Ocean has resulted in 3 deaths, according to WHO."
WHO,"Hantavirus outbreak on a cruise ship in the Atlantic Ocean has resulted in 3 deaths, according to WHO."
Atlantic Ocean,"Hantavirus outbreak on a cruise ship in the Atlantic Ocean has resulted in 3 deaths, according to WHO."
Hantavirus,"Hantavirus outbreak on a cruise ship in the Atlantic Ocean has resulted in 3 deaths, according to WHO."
Earth,"Hantavirus outbreak on a cruise ship in the Atlantic Ocean has resulted in 3 deaths, according to WHO."
yahoo.com/news,A hantavirus outbreak occurred on a cruise ship.
2026-05-03,A hantavirus outbreak occurred on a cruise ship.
cruise ship,A hantavirus outbreak occurred on a cruise ship.
hantavirus,A hantavirus outbreak occurred on a cruise ship.
nl.headtopics.com,Multiple deaths due to a suspected hantavirus in the Netherlands
2026-05-03,Multiple deaths due to a suspected hantavirus in the Netherlands
Netherlands,Multiple deaths due to a suspected hantavirus in the Netherlands
Europe,Multiple deaths due to a suspected hantavirus in the Netherlands
headtopics.com,Multiple deaths due to a suspected hantavirus in the Netherlands
aljazeera.com,Three people have died in a suspected hantavirus outbreak on an Atlantic cruise ship.
2026-05-03,Three people have died in a suspected hantavirus outbreak on an Atlantic cruise ship.
three people,Three people have died in a suspected hantavirus outbreak on an Atlantic cruise ship.
Atlantic cruise ship,Three people have died in a suspected hantavirus outbreak on an Atlantic cruise ship.
North America,Three people have died in a suspected hantavirus outbreak on an Atlantic cruise ship.
Atlantic Ocean,Three people have died in a suspected hantavirus outbreak on an Atlantic cruise ship.
alltop.com,Three people have died in a suspected hantavirus outbreak on an Atlantic cruise ship.
univision.com,An outbreak of hantavirus on a cruise in the Atlantic has resulted in three deaths and several illnesses.
2026-05-03,An outbreak of hantavirus on a cruise in the Atlantic has resulted in three deaths and several illnesses.
cruise,An outbreak of hantavirus on a cruise in the Atlantic has resulted in three deaths and several illnesses.
hantavirus,An outbreak of hantavirus on a cruise in the Atlantic has resulted in three deaths and several illnesses.
Atlantic,An outbreak of hantavirus on a cruise in the Atlantic has resulted in three deaths and several illnesses.
Atlantic Ocean,An outbreak of hantavirus on a cruise in the Atlantic has resulted in three deaths and several illnesses.
nytimes.com,Explains what hantavirus is in relation to a cruise ship
2026-05-03,Explains what hantavirus is in relation to a cruise ship
whdh.com,A suspected hantavirus outbreak on a cruise ship has resulted in 3 deaths.
2026-05-03,A suspected hantavirus outbreak on a cruise ship has resulted in 3 deaths.
cruise ship,A suspected hantavirus outbreak on a cruise ship has resulted in 3 deaths.
ie.headtopics.com,Hantavirus outbreak on cruise ship MV Hondius results in three deaths
2026-05-03,Hantavirus outbreak on cruise ship MV Hondius results in three deaths
MV Hondius,Hantavirus outbreak on cruise ship MV Hondius results in three deaths
Hantavirus,Hantavirus outbreak on cruise ship MV Hondius results in three deaths
headtopics.com,Hantavirus outbreak on cruise ship MV Hondius results in three deaths
uk.headtopics.com,Hantavirus outbreak on cruise ship confirmed with three deaths
2026-05-03,Hantavirus outbreak on cruise ship confirmed with three deaths
deaths,Hantavirus outbreak on cruise ship confirmed with three deaths
cruise ship,Hantavirus outbreak on cruise ship confirmed with three deaths
Hantavirus,Hantavirus outbreak on cruise ship confirmed with three deaths
headtopics.com,Hantavirus outbreak on cruise ship confirmed with three deaths
nbcnews.com,Three people are dead due to suspected hantavirus infections on a cruise ship.
2026-05-03,Three people are dead due to suspected hantavirus infections on a cruise ship.
people,Three people are dead due to suspected hantavirus infections on a cruise ship.
cruise ship,Three people are dead due to suspected hantavirus infections on a cruise ship.
abc7.com,A suspected outbreak of a rare hantavirus on a cruise ship in the Atlantic Ocean has led to the death of 3 people.
2026-05-03,A suspected outbreak of a rare hantavirus on a cruise ship in the Atlantic Ocean has led to the death of 3 people.
people,A suspected outbreak of a rare hantavirus on a cruise ship in the Atlantic Ocean has led to the death of 3 people.
cruise ship,A suspected outbreak of a rare hantavirus on a cruise ship in the Atlantic Ocean has led to the death of 3 people.
hantavirus,A suspected outbreak of a rare hantavirus on a cruise ship in the Atlantic Ocean has led to the death of 3 people.
Atlantic Ocean,A suspected outbreak of a rare hantavirus on a cruise ship in the Atlantic Ocean has led to the death of 3 people.
livemint.com,Three dead from hantavirus on a cruise ship confirmed by WHO.
2026-05-03,Three dead from hantavirus on a cruise ship confirmed by WHO.
WHO,Three dead from hantavirus on a cruise ship confirmed by WHO.
infonews.ca,A suspected outbreak of the rare hantavirus on a cruise ship in the Atlantic Ocean has killed 3 people.
2026-05-03,A suspected outbreak of the rare hantavirus on a cruise ship in the Atlantic Ocean has killed 3 people.
people,A suspected outbreak of the rare hantavirus on a cruise ship in the Atlantic Ocean has killed 3 people.
cruise ship,A suspected outbreak of the rare hantavirus on a cruise ship in the Atlantic Ocean has killed 3 people.
hantavirus,A suspected outbreak of the rare hantavirus on a cruise ship in the Atlantic Ocean has killed 3 people.
Atlantic Ocean,A suspected outbreak of the rare hantavirus on a cruise ship in the Atlantic Ocean has killed 3 people.
newsnow.co.uk,Information about Hantavirus and its impact on health
2026-05-04,Information about Hantavirus and its impact on health
cnnindonesia.com,WHO warns of 3 cruise ship passengers dying from hantavirus infection
2026-05-04,WHO warns of 3 cruise ship passengers dying from hantavirus infection
WHO,WHO warns of 3 cruise ship passengers dying from hantavirus infection
cruise ship passengers,WHO warns of 3 cruise ship passengers dying from hantavirus infection
abc7news.com,A suspected outbreak of a rare hantavirus on a cruise ship in the Atlantic Ocean has resulted in 3 deaths.
2026-05-04,A suspected outbreak of a rare hantavirus on a cruise ship in the Atlantic Ocean has resulted in 3 deaths.
cruise ship,A suspected outbreak of a rare hantavirus on a cruise ship in the Atlantic Ocean has resulted in 3 deaths.
hantavirus,A suspected outbreak of a rare hantavirus on a cruise ship in the Atlantic Ocean has resulted in 3 deaths.
outbreak,A suspected outbreak of a rare hantavirus on a cruise ship in the Atlantic Ocean has resulted in 3 deaths.
Atlantic Ocean,A suspected outbreak of a rare hantavirus on a cruise ship in the Atlantic Ocean has resulted in 3 deaths.
abc7chicago.com,A suspected outbreak of a rare hantavirus on a cruise ship in the Atlantic Ocean has resulted in the deaths of three people.
2026-05-04,A suspected outbreak of a rare hantavirus on a cruise ship in the Atlantic Ocean has resulted in the deaths of three people.
three people,A suspected outbreak of a rare hantavirus on a cruise ship in the Atlantic Ocean has resulted in the deaths of three people.
cruise ship,A suspected outbreak of a rare hantavirus on a cruise ship in the Atlantic Ocean has resulted in the deaths of three people.
Atlantic Ocean,A suspected outbreak of a rare hantavirus on a cruise ship in the Atlantic Ocean has resulted in the deaths of three people.
North America,A suspected outbreak of a rare hantavirus on a cruise ship in the Atlantic Ocean has resulted in the deaths of three people.
foxnews.com,Cruise ship outbreak has resulted in three deaths and raised hantavirus threats.
2026-05-04,Cruise ship outbreak has resulted in three deaths and raised hantavirus threats.
cruise ship,Cruise ship outbreak has resulted in three deaths and raised hantavirus threats.
noticias.foxnews.com,Cruise ship outbreak has resulted in three deaths and raised hantavirus threats.
es.headtopics.com,A hantavirus outbreak on a cruise has resulted in three deaths.
2026-05-04,A hantavirus outbreak on a cruise has resulted in three deaths.
cruise,A hantavirus outbreak on a cruise has resulted in three deaths.
hantavirus,A hantavirus outbreak on a cruise has resulted in three deaths.
headtopics.com,A hantavirus outbreak on a cruise has resulted in three deaths.
se.headtopics.com,A hantavirus outbreak on a cruise ship has led to three deaths and more cases.
2026-05-04,A hantavirus outbreak on a cruise ship has led to three deaths and more cases.
cruise ship,A hantavirus outbreak on a cruise ship has led to three deaths and more cases.
hantavirus,A hantavirus outbreak on a cruise ship has led to three deaths and more cases.
headtopics.com,A hantavirus outbreak on a cruise ship has led to three deaths and more cases.
iowapublicradio.org,"A hantavirus outbreak has resulted in 3 deaths on a cruise ship in the Atlantic Ocean, according to the WHO."
2026-05-04,"A hantavirus outbreak has resulted in 3 deaths on a cruise ship in the Atlantic Ocean, according to the WHO."
cruise ship,"A hantavirus outbreak has resulted in 3 deaths on a cruise ship in the Atlantic Ocean, according to the WHO."
hantavirus,"A hantavirus outbreak has resulted in 3 deaths on a cruise ship in the Atlantic Ocean, according to the WHO."
WHO,"A hantavirus outbreak has resulted in 3 deaths on a cruise ship in the Atlantic Ocean, according to the WHO."
Atlantic Ocean,"A hantavirus outbreak has resulted in 3 deaths on a cruise ship in the Atlantic Ocean, according to the WHO."
donate.ipr.org,"A hantavirus outbreak has resulted in 3 deaths on a cruise ship in the Atlantic Ocean, according to the WHO."
houstonpublicmedia.org,"A hantavirus outbreak has resulted in 3 deaths on a cruise ship in the Atlantic Ocean, according to WHO."
2026-05-04,"A hantavirus outbreak has resulted in 3 deaths on a cruise ship in the Atlantic Ocean, according to WHO."
cruise ship,"A hantavirus outbreak has resulted in 3 deaths on a cruise ship in the Atlantic Ocean, according to WHO."
hantavirus,"A hantavirus outbreak has resulted in 3 deaths on a cruise ship in the Atlantic Ocean, according to WHO."
WHO,"A hantavirus outbreak has resulted in 3 deaths on a cruise ship in the Atlantic Ocean, according to WHO."
Atlantic Ocean,"A hantavirus outbreak has resulted in 3 deaths on a cruise ship in the Atlantic Ocean, according to WHO."
za.headtopics.com,A cruise ship outbreak has resulted in three deaths and confirmed hantavirus cases.
2026-05-04,A cruise ship outbreak has resulted in three deaths and confirmed hantavirus cases.
cruise ship,A cruise ship outbreak has resulted in three deaths and confirmed hantavirus cases.
hantavirus,A cruise ship outbreak has resulted in three deaths and confirmed hantavirus cases.
headtopics.com,A cruise ship outbreak has resulted in three deaths and confirmed hantavirus cases.
michiganpublic.org,"A hantavirus outbreak has resulted in the deaths of 3 people on a cruise ship in the Atlantic Ocean, according to WHO."
2026-05-04,"A hantavirus outbreak has resulted in the deaths of 3 people on a cruise ship in the Atlantic Ocean, according to WHO."
cruise ship,"A hantavirus outbreak has resulted in the deaths of 3 people on a cruise ship in the Atlantic Ocean, according to WHO."
3 people,"A hantavirus outbreak has resulted in the deaths of 3 people on a cruise ship in the Atlantic Ocean, according to WHO."
hantavirus,"A hantavirus outbreak has resulted in the deaths of 3 people on a cruise ship in the Atlantic Ocean, according to WHO."
WHO,"A hantavirus outbreak has resulted in the deaths of 3 people on a cruise ship in the Atlantic Ocean, according to WHO."
Atlantic Ocean,"A hantavirus outbreak has resulted in the deaths of 3 people on a cruise ship in the Atlantic Ocean, according to WHO."
North America,"A hantavirus outbreak has resulted in the deaths of 3 people on a cruise ship in the Atlantic Ocean, according to WHO."
Earth,"A hantavirus outbreak has resulted in the deaths of 3 people on a cruise ship in the Atlantic Ocean, according to WHO."
sg.headtopics.com,Hantavirus outbreak on cruise ship results in deaths
2026-05-04,Hantavirus outbreak on cruise ship results in deaths
cruise ship,Hantavirus outbreak on cruise ship results in deaths
Hantavirus,Hantavirus outbreak on cruise ship results in deaths
headtopics.com,Hantavirus outbreak on cruise ship results in deaths
us.headtopics.com,Hantavirus outbreak on cruise ship results in three deaths
2026-05-04,Hantavirus outbreak on cruise ship results in three deaths
cruise ship,Hantavirus outbreak on cruise ship results in three deaths
Hantavirus,Hantavirus outbreak on cruise ship results in three deaths
headtopics.com,Hantavirus outbreak on cruise ship results in three deaths
huffpost.com,Covers a death linked to hantavirus on a cruise ship in South Africa.
2026-05-04,Covers a death linked to hantavirus on a cruise ship in South Africa.
cruise ship,Covers a death linked to hantavirus on a cruise ship in South Africa.
hantavirus,Covers a death linked to hantavirus on a cruise ship in South Africa.
South Africa,Covers a death linked to hantavirus on a cruise ship in South Africa.
Africa,Covers a death linked to hantavirus on a cruise ship in South Africa.
newsweek.com,Three people have died following a suspected hantavirus outbreak on a cruise ship.
2026-05-04,Three people have died following a suspected hantavirus outbreak on a cruise ship.
three people,Three people have died following a suspected hantavirus outbreak on a cruise ship.
cruise ship,Three people have died following a suspected hantavirus outbreak on a cruise ship.
hantavirus,Three people have died following a suspected hantavirus outbreak on a cruise ship.
nbcnews.com,Information about hantavirus and its implications for health
2026-05-04,Information about hantavirus and its implications for health
apnews.com,Information about hantavirus and cruise ships
2026-05-04,Information about hantavirus and cruise ships
news.yahoo.com,Information about hantavirus illness suspected on a cruise
2026-05-04,Information about hantavirus illness suspected on a cruise
cruise,Information about hantavirus illness suspected on a cruise
hantavirus,Information about hantavirus illness suspected on a cruise
news.yahoo.com,Three people have died due to suspected hantavirus cases
2026-05-04,Three people have died due to suspected hantavirus cases
people,Three people have died due to suspected hantavirus cases
infonews.ca,Hantavirus is suspected in an outbreak on a cruise ship and there are important details to know about the illness.
2026-05-04,Hantavirus is suspected in an outbreak on a cruise ship and there are important details to know about the illness.
cruise ship,Hantavirus is suspected in an outbreak on a cruise ship and there are important details to know about the illness.
Hantavirus,Hantavirus is suspected in an outbreak on a cruise ship and there are important details to know about the illness.
usatoday.com,Claims about Hantavirus outbreak concerns related to cruise ships.
2026-05-04,Claims about Hantavirus outbreak concerns related to cruise ships.
cruise ships,Claims about Hantavirus outbreak concerns related to cruise ships.
Hantavirus,Claims about Hantavirus outbreak concerns related to cruise ships.
cnnindonesia.com,"A cruise ship in the Atlantic has been hit by a hantavirus outbreak, resulting in the deaths of 3 passengers."
2026-05-04,"A cruise ship in the Atlantic has been hit by a hantavirus outbreak, resulting in the deaths of 3 passengers."
passengers,"A cruise ship in the Atlantic has been hit by a hantavirus outbreak, resulting in the deaths of 3 passengers."
cruise ship,"A cruise ship in the Atlantic has been hit by a hantavirus outbreak, resulting in the deaths of 3 passengers."
hantavirus,"A cruise ship in the Atlantic has been hit by a hantavirus outbreak, resulting in the deaths of 3 passengers."
Atlantic,"A cruise ship in the Atlantic has been hit by a hantavirus outbreak, resulting in the deaths of 3 passengers."
theguardian.com,Information about hantavirus and its impact on cruise ship passengers
2026-05-04,Information about hantavirus and its impact on cruise ship passengers
hantavirus,Information about hantavirus and its impact on cruise ship passengers
cruise ship passengers,Information about hantavirus and its impact on cruise ship passengers
newser.com,Three people have died in a suspected outbreak of hantavirus on a cruise.
2026-05-04,Three people have died in a suspected outbreak of hantavirus on a cruise.
three people,Three people have died in a suspected outbreak of hantavirus on a cruise.
cruise,Three people have died in a suspected outbreak of hantavirus on a cruise.
ca.headtopics.com,There is a suspected outbreak of the rare hantavirus on a cruise.
2026-05-04,There is a suspected outbreak of the rare hantavirus on a cruise.
cruise,There is a suspected outbreak of the rare hantavirus on a cruise.
hantavirus,There is a suspected outbreak of the rare hantavirus on a cruise.
suspected outbreak,There is a suspected outbreak of the rare hantavirus on a cruise.
headtopics.com,There is a suspected outbreak of the rare hantavirus on a cruise.
us.headtopics.com,A hantavirus outbreak on a cruise ship has resulted in deaths.
2026-05-04,A hantavirus outbreak on a cruise ship has resulted in deaths.
cruise ship,A hantavirus outbreak on a cruise ship has resulted in deaths.
hantavirus,A hantavirus outbreak on a cruise ship has resulted in deaths.
headtopics.com,A hantavirus outbreak on a cruise ship has resulted in deaths.
us.headtopics.com,Three dead after a suspected hantavirus outbreak on a cruise.
2026-05-04,Three dead after a suspected hantavirus outbreak on a cruise.
cruise,Three dead after a suspected hantavirus outbreak on a cruise.
hantavirus,Three dead after a suspected hantavirus outbreak on a cruise.
headtopics.com,Three dead after a suspected hantavirus outbreak on a cruise.
justthenews.com,A suspected hantavirus outbreak on a cruise ship has sickened passengers and killed three
2026-05-04,A suspected hantavirus outbreak on a cruise ship has sickened passengers and killed three
passengers,A suspected hantavirus outbreak on a cruise ship has sickened passengers and killed three
cruise ship,A suspected hantavirus outbreak on a cruise ship has sickened passengers and killed three
corriere.it,Information about hantavirus and its association with rodents and related disease outbreaks.
2026-05-04,Information about hantavirus and its association with rodents and related disease outbreaks.
rodents,Information about hantavirus and its association with rodents and related disease outbreaks.
hantavirus,Information about hantavirus and its association with rodents and related disease outbreaks.
it.headtopics.com,Hantavirus on cruise ship leads to three deaths in the Atlantic
2026-05-04,Hantavirus on cruise ship leads to three deaths in the Atlantic
cruise ship,Hantavirus on cruise ship leads to three deaths in the Atlantic
Atlantic,Hantavirus on cruise ship leads to three deaths in the Atlantic
Hantavirus,Hantavirus on cruise ship leads to three deaths in the Atlantic
Atlantic Ocean,Hantavirus on cruise ship leads to three deaths in the Atlantic
headtopics.com,Hantavirus on cruise ship leads to three deaths in the Atlantic
independent.co.uk,Information on hantavirus symptoms and treatment related to a cruise ship incident.
2026-05-04,Information on hantavirus symptoms and treatment related to a cruise ship incident.
cruise ship,Information on hantavirus symptoms and treatment related to a cruise ship incident.
hantavirus,Information on hantavirus symptoms and treatment related to a cruise ship incident.
at.headtopics.com,Hantavirus outbreak on cruise ship results in fatalities
2026-05-04,Hantavirus outbreak on cruise ship results in fatalities
cruise ship,Hantavirus outbreak on cruise ship results in fatalities
Hantavirus,Hantavirus outbreak on cruise ship results in fatalities
headtopics.com,Hantavirus outbreak on cruise ship results in fatalities
at.headtopics.com,No therapy; so dangerous is the hantavirus
2026-05-04,No therapy; so dangerous is the hantavirus
hantavirus,No therapy; so dangerous is the hantavirus
headtopics.com,No therapy; so dangerous is the hantavirus
washingtonexaminer.com,"Hantavirus outbreak on a cruise ship causing three deaths, but no immediate cause for panic"
2026-05-04,"Hantavirus outbreak on a cruise ship causing three deaths, but no immediate cause for panic"
cruise ship,"Hantavirus outbreak on a cruise ship causing three deaths, but no immediate cause for panic"
Hantavirus,"Hantavirus outbreak on a cruise ship causing three deaths, but no immediate cause for panic"
ie.headtopics.com,A hantavirus outbreak on a cruise ship has resulted in three deaths.
2026-05-04,A hantavirus outbreak on a cruise ship has resulted in three deaths.
headtopics.com,A hantavirus outbreak on a cruise ship has resulted in three deaths.
marca.com,Symptoms of hantavirus infection have led to the death of three people on a cruise heading to the Canary Islands.
2026-05-04,Symptoms of hantavirus infection have led to the death of three people on a cruise heading to the Canary Islands.
three people,Symptoms of hantavirus infection have led to the death of three people on a cruise heading to the Canary Islands.
cruise,Symptoms of hantavirus infection have led to the death of three people on a cruise heading to the Canary Islands.
hantavirus,Symptoms of hantavirus infection have led to the death of three people on a cruise heading to the Canary Islands.
Canary Islands,Symptoms of hantavirus infection have led to the death of three people on a cruise heading to the Canary Islands.
Europe,Symptoms of hantavirus infection have led to the death of three people on a cruise heading to the Canary Islands.
Spain,Symptoms of hantavirus infection have led to the death of three people on a cruise heading to the Canary Islands.
dailystar.co.uk,The article discusses what hantavirus is and its lethality related to rats.
2026-05-04,The article discusses what hantavirus is and its lethality related to rats.
rats,The article discusses what hantavirus is and its lethality related to rats.
hantavirus,The article discusses what hantavirus is and its lethality related to rats.
au.headtopics.com,A hantavirus outbreak on a cruise ship is associated with tourist deaths.
2026-05-04,A hantavirus outbreak on a cruise ship is associated with tourist deaths.
tourists,A hantavirus outbreak on a cruise ship is associated with tourist deaths.
cruise ship,A hantavirus outbreak on a cruise ship is associated with tourist deaths.
hantavirus,A hantavirus outbreak on a cruise ship is associated with tourist deaths.
headtopics.com,A hantavirus outbreak on a cruise ship is associated with tourist deaths.
es.headtopics.com,"Information about hantavirus, its symptoms, and transmission."
2026-05-04,"Information about hantavirus, its symptoms, and transmission."
headtopics.com,"Information about hantavirus, its symptoms, and transmission."
yahoo.com/news,A hantavirus outbreak has resulted in 3 deaths.
2026-05-04,A hantavirus outbreak has resulted in 3 deaths.
dailymail.co.uk,"Hantavirus infection linked to cruise passengers, causing three deaths and one Briton in critical condition."
2026-05-04,"Hantavirus infection linked to cruise passengers, causing three deaths and one Briton in critical condition."
cruise passengers,"Hantavirus infection linked to cruise passengers, causing three deaths and one Briton in critical condition."
Briton,"Hantavirus infection linked to cruise passengers, causing three deaths and one Briton in critical condition."
Hantavirus,"Hantavirus infection linked to cruise passengers, causing three deaths and one Briton in critical condition."
Europe,"Hantavirus infection linked to cruise passengers, causing three deaths and one Briton in critical condition."
United Kingdom,"Hantavirus infection linked to cruise passengers, causing three deaths and one Briton in critical condition."
marca.com,Article discussing hantavirus infections that have caused three deaths on a cruise ship
2026-05-04,Article discussing hantavirus infections that have caused three deaths on a cruise ship
cruise ship,Article discussing hantavirus infections that have caused three deaths on a cruise ship
hantavirus,Article discussing hantavirus infections that have caused three deaths on a cruise ship
6abc.com,Suspected hantavirus outbreak on a cruise ship results in three deaths
2026-05-04,Suspected hantavirus outbreak on a cruise ship results in three deaths
cruise ship,Suspected hantavirus outbreak on a cruise ship results in three deaths
lemonde.fr,"Information on hantavirus: origin, transmission, and symptoms."
2026-05-04,"Information on hantavirus: origin, transmission, and symptoms."
elpais.com,Cabo Verde is not allowing two symptomatic passengers to disembark from a cruise where three people have died from hantavirus.
2026-05-04,Cabo Verde is not allowing two symptomatic passengers to disembark from a cruise where three people have died from hantavirus.
passengers,Cabo Verde is not allowing two symptomatic passengers to disembark from a cruise where three people have died from hantavirus.
cruise,Cabo Verde is not allowing two symptomatic passengers to disembark from a cruise where three people have died from hantavirus.
hantavirus,Cabo Verde is not allowing two symptomatic passengers to disembark from a cruise where three people have died from hantavirus.
Cabo Verde,Cabo Verde is not allowing two symptomatic passengers to disembark from a cruise where three people have died from hantavirus.
Africa,Cabo Verde is not allowing two symptomatic passengers to disembark from a cruise where three people have died from hantavirus.
it.headtopics.com,Hantavirus transmitted by rodents: awareness is needed
2026-05-04,Hantavirus transmitted by rodents: awareness is needed
rodents,Hantavirus transmitted by rodents: awareness is needed
Hantavirus,Hantavirus transmitted by rodents: awareness is needed
headtopics.com,Hantavirus transmitted by rodents: awareness is needed
nl.headtopics.com,Tragic couple dies from hantavirus during cruise
2026-05-04,Tragic couple dies from hantavirus during cruise
couple,Tragic couple dies from hantavirus during cruise
headtopics.com,Tragic couple dies from hantavirus during cruise
us.headtopics.com,Suspected outbreak of rare hantavirus reported on a cruise
2026-05-04,Suspected outbreak of rare hantavirus reported on a cruise
cruise,Suspected outbreak of rare hantavirus reported on a cruise
hantavirus,Suspected outbreak of rare hantavirus reported on a cruise
headtopics.com,Suspected outbreak of rare hantavirus reported on a cruise
the-express.com,Concerns about hantavirus outbreak from a cruise ship
2026-05-04,Concerns about hantavirus outbreak from a cruise ship
cruise ship,Concerns about hantavirus outbreak from a cruise ship
hantavirus,Concerns about hantavirus outbreak from a cruise ship
abc7ny.com,A suspected outbreak of a rare hantavirus on a cruise ship in the Atlantic Ocean has resulted in 3 fatalities.
2026-05-04,A suspected outbreak of a rare hantavirus on a cruise ship in the Atlantic Ocean has resulted in 3 fatalities.
cruise ship,A suspected outbreak of a rare hantavirus on a cruise ship in the Atlantic Ocean has resulted in 3 fatalities.
Atlantic Ocean,A suspected outbreak of a rare hantavirus on a cruise ship in the Atlantic Ocean has resulted in 3 fatalities.
North America,A suspected outbreak of a rare hantavirus on a cruise ship in the Atlantic Ocean has resulted in 3 fatalities.
euractiv.com,A hantavirus outbreak on a cruise ship has led to a Dutch emergency operation.
2026-05-04,A hantavirus outbreak on a cruise ship has led to a Dutch emergency operation.
cruise ship,A hantavirus outbreak on a cruise ship has led to a Dutch emergency operation.
hantavirus,A hantavirus outbreak on a cruise ship has led to a Dutch emergency operation.
Dutch emergency operation,A hantavirus outbreak on a cruise ship has led to a Dutch emergency operation.
Europe,A hantavirus outbreak on a cruise ship has led to a Dutch emergency operation.
Netherlands,A hantavirus outbreak on a cruise ship has led to a Dutch emergency operation.
euractiv.com/section/aggregator,A hantavirus outbreak on a cruise ship has led to a Dutch emergency operation.
apnews.com,A hantavirus outbreak has been reported on a cruise ship traveling to Cape Verde.
2026-05-04,A hantavirus outbreak has been reported on a cruise ship traveling to Cape Verde.
cruise ship,A hantavirus outbreak has been reported on a cruise ship traveling to Cape Verde.
Cape Verde,A hantavirus outbreak has been reported on a cruise ship traveling to Cape Verde.
hantavirus,A hantavirus outbreak has been reported on a cruise ship traveling to Cape Verde.
Africa,A hantavirus outbreak has been reported on a cruise ship traveling to Cape Verde.
elpais.com,Information on hantavirus and its transmission relating to a quarantined cruise ship in Cape Verde.
2026-05-04,Information on hantavirus and its transmission relating to a quarantined cruise ship in Cape Verde.
cruise ship,Information on hantavirus and its transmission relating to a quarantined cruise ship in Cape Verde.
Cape Verde,Information on hantavirus and its transmission relating to a quarantined cruise ship in Cape Verde.
hantavirus,Information on hantavirus and its transmission relating to a quarantined cruise ship in Cape Verde.
Africa,Information on hantavirus and its transmission relating to a quarantined cruise ship in Cape Verde.
abcnews.com,A cruise ship is in limbo due to a suspected outbreak of a rare hantavirus.
2026-05-04,A cruise ship is in limbo due to a suspected outbreak of a rare hantavirus.
cruise ship,A cruise ship is in limbo due to a suspected outbreak of a rare hantavirus.
hantavirus,A cruise ship is in limbo due to a suspected outbreak of a rare hantavirus.
abcnews.go.com,A cruise ship is in limbo due to a suspected outbreak of a rare hantavirus.
abc7.com,Information about hantavirus illness linked to suspected cruise ship outbreak
2026-05-04,Information about hantavirus illness linked to suspected cruise ship outbreak
cruise ship,Information about hantavirus illness linked to suspected cruise ship outbreak
hantavirus,Information about hantavirus illness linked to suspected cruise ship outbreak
abc7chicago.com,Information about a suspected hantavirus outbreak associated with a cruise ship.
2026-05-04,Information about a suspected hantavirus outbreak associated with a cruise ship.
cruise ship,Information about a suspected hantavirus outbreak associated with a cruise ship.
hantavirus,Information about a suspected hantavirus outbreak associated with a cruise ship.
cbsnews.com,"A suspected hantavirus outbreak on a cruise ship has resulted in 3 deaths, according to health officials."
2026-05-04,"A suspected hantavirus outbreak on a cruise ship has resulted in 3 deaths, according to health officials."
cruise ship,"A suspected hantavirus outbreak on a cruise ship has resulted in 3 deaths, according to health officials."
health officials,"A suspected hantavirus outbreak on a cruise ship has resulted in 3 deaths, according to health officials."
hantavirus outbreak,"A suspected hantavirus outbreak on a cruise ship has resulted in 3 deaths, according to health officials."
abc7news.com,A hantavirus illness is suspected in an outbreak on a cruise ship.
2026-05-04,A hantavirus illness is suspected in an outbreak on a cruise ship.
cruise ship,A hantavirus illness is suspected in an outbreak on a cruise ship.
hantavirus,A hantavirus illness is suspected in an outbreak on a cruise ship.
abc7ny.com,Information about hantavirus illness related to a suspected outbreak on a cruise ship
2026-05-04,Information about hantavirus illness related to a suspected outbreak on a cruise ship
cruise ship,Information about hantavirus illness related to a suspected outbreak on a cruise ship
hantavirus,Information about hantavirus illness related to a suspected outbreak on a cruise ship
today.com,A rare hantavirus outbreak on a cruise ship has resulted in three deaths.
2026-05-04,A rare hantavirus outbreak on a cruise ship has resulted in three deaths.
cruise ship,A rare hantavirus outbreak on a cruise ship has resulted in three deaths.
hantavirus,A rare hantavirus outbreak on a cruise ship has resulted in three deaths.
nbcnews.com,A rare hantavirus outbreak on a cruise ship has resulted in three deaths.
ktvz.com,Key news highlights for May 4 including topics like hantavirus outbreak and gas prices
2026-05-04,Key news highlights for May 4 including topics like hantavirus outbreak and gas prices
gas prices,Key news highlights for May 4 including topics like hantavirus outbreak and gas prices
hantavirus outbreak,Key news highlights for May 4 including topics like hantavirus outbreak and gas prices
freep.com,Hantavirus outbreak linked to cruise ship
2026-05-04,Hantavirus outbreak linked to cruise ship
cruise ship,Hantavirus outbreak linked to cruise ship
Hantavirus,Hantavirus outbreak linked to cruise ship
infonews.ca,A cruise ship is experiencing a suspected outbreak of rare hantavirus that has resulted in three fatalities.
2026-05-04,A cruise ship is experiencing a suspected outbreak of rare hantavirus that has resulted in three fatalities.
cruise ship,A cruise ship is experiencing a suspected outbreak of rare hantavirus that has resulted in three fatalities.
hantavirus,A cruise ship is experiencing a suspected outbreak of rare hantavirus that has resulted in three fatalities.
lemonde.fr,"Alleged hantavirus outbreak on a cruise ship, with Cape Verde refusing disembarkation"
2026-05-04,"Alleged hantavirus outbreak on a cruise ship, with Cape Verde refusing disembarkation"
cruise ship,"Alleged hantavirus outbreak on a cruise ship, with Cape Verde refusing disembarkation"
Cape Verde,"Alleged hantavirus outbreak on a cruise ship, with Cape Verde refusing disembarkation"
Africa,"Alleged hantavirus outbreak on a cruise ship, with Cape Verde refusing disembarkation"
whdh.com,A cruise ship is in crisis due to a hantavirus outbreak that has resulted in three deaths.
2026-05-04,A cruise ship is in crisis due to a hantavirus outbreak that has resulted in three deaths.
cruise ship,A cruise ship is in crisis due to a hantavirus outbreak that has resulted in three deaths.
bostonglobe.com,There has been an outbreak of hantavirus on a cruise ship.
2026-05-04,There has been an outbreak of hantavirus on a cruise ship.
cruise ship,There has been an outbreak of hantavirus on a cruise ship.
boston.com,There has been an outbreak of hantavirus on a cruise ship.
abcnews.com,A deadly hantavirus outbreak is suspected aboard a cruise ship.
2026-05-04,A deadly hantavirus outbreak is suspected aboard a cruise ship.
cruise ship,A deadly hantavirus outbreak is suspected aboard a cruise ship.
hantavirus,A deadly hantavirus outbreak is suspected aboard a cruise ship.
abcnews.go.com,A deadly hantavirus outbreak is suspected aboard a cruise ship.
yahoo.com/news,There is a suspected outbreak of hantavirus that is deadly.
2026-05-04,There is a suspected outbreak of hantavirus that is deadly.
bostonherald.com,Information about hantavirus related to a cruise
2026-05-04,Information about hantavirus related to a cruise
1075kissfm.com,Three people died due to a hantavirus outbreak on a cruise ship.
2026-05-04,Three people died due to a hantavirus outbreak on a cruise ship.
people,Three people died due to a hantavirus outbreak on a cruise ship.
cruise ship,Three people died due to a hantavirus outbreak on a cruise ship.
independent.co.uk,Claim about hantavirus-related deaths on a cruise ship.
2026-05-04,Claim about hantavirus-related deaths on a cruise ship.
cruise ship,Claim about hantavirus-related deaths on a cruise ship.
hantavirus,Claim about hantavirus-related deaths on a cruise ship.
cbsnews.com,"A hantavirus outbreak has been reported on a cruise ship, resulting in fatalities."
2026-05-04,"A hantavirus outbreak has been reported on a cruise ship, resulting in fatalities."
cruise ship,"A hantavirus outbreak has been reported on a cruise ship, resulting in fatalities."
hantavirus,"A hantavirus outbreak has been reported on a cruise ship, resulting in fatalities."
10news.com,A suspected outbreak of hantavirus on a cruise ship has resulted in 3 deaths.
2026-05-04,A suspected outbreak of hantavirus on a cruise ship has resulted in 3 deaths.
cruise ship,A suspected outbreak of hantavirus on a cruise ship has resulted in 3 deaths.
today.com,Information about hantavirus symptoms related to a cruise ship outbreak.
2026-05-04,Information about hantavirus symptoms related to a cruise ship outbreak.
cruise ship,Information about hantavirus symptoms related to a cruise ship outbreak.
hantavirus,Information about hantavirus symptoms related to a cruise ship outbreak.
euronews.com,"Information about hantavirus symptoms, spread, and related cruise ship outbreak details."
2026-05-04,"Information about hantavirus symptoms, spread, and related cruise ship outbreak details."
cruise ship,"Information about hantavirus symptoms, spread, and related cruise ship outbreak details."
hantavirus,"Information about hantavirus symptoms, spread, and related cruise ship outbreak details."
euronews.com,Three people have died from suspected hantavirus infection on a cruise ship in the Atlantic.
2026-05-04,Three people have died from suspected hantavirus infection on a cruise ship in the Atlantic.
three people,Three people have died from suspected hantavirus infection on a cruise ship in the Atlantic.
cruise ship,Three people have died from suspected hantavirus infection on a cruise ship in the Atlantic.
hantavirus,Three people have died from suspected hantavirus infection on a cruise ship in the Atlantic.
Atlantic,Three people have died from suspected hantavirus infection on a cruise ship in the Atlantic.
ksl.com,A cruise ship is in need of assistance due to an outbreak of a rare hantavirus that has resulted in three deaths.
2026-05-04,A cruise ship is in need of assistance due to an outbreak of a rare hantavirus that has resulted in three deaths.
cruise ship,A cruise ship is in need of assistance due to an outbreak of a rare hantavirus that has resulted in three deaths.
hantavirus,A cruise ship is in need of assistance due to an outbreak of a rare hantavirus that has resulted in three deaths.
nypost.com,Passengers are frightened and seeking safety due to a hantavirus outbreak with fatalities.
2026-05-04,Passengers are frightened and seeking safety due to a hantavirus outbreak with fatalities.
passengers,Passengers are frightened and seeking safety due to a hantavirus outbreak with fatalities.
nypost.com,A cruise ship linked to a hantavirus outbreak has been denied docking permission.
2026-05-04,A cruise ship linked to a hantavirus outbreak has been denied docking permission.
cruise ship,A cruise ship linked to a hantavirus outbreak has been denied docking permission.
joemiller.us,Three cruise ship passengers dead and another fighting for their life after suspected hantavirus outbreak.
2026-05-04,Three cruise ship passengers dead and another fighting for their life after suspected hantavirus outbreak.
cruise ship passengers,Three cruise ship passengers dead and another fighting for their life after suspected hantavirus outbreak.
whatfinger.com,Three cruise ship passengers dead and another fighting for their life after suspected hantavirus outbreak.
univision.com,"The OMS confirms hantavirus cases on a cruise and prohibits disembarkation in Africa, with three deaths."
2026-05-04,"The OMS confirms hantavirus cases on a cruise and prohibits disembarkation in Africa, with three deaths."
cruise,"The OMS confirms hantavirus cases on a cruise and prohibits disembarkation in Africa, with three deaths."
Africa,"The OMS confirms hantavirus cases on a cruise and prohibits disembarkation in Africa, with three deaths."
OMS,"The OMS confirms hantavirus cases on a cruise and prohibits disembarkation in Africa, with three deaths."
laopinion.com,"Hantavirus infection is suspected of causing three deaths on a cruise ship from Ushuaia, Argentina."
2026-05-04,"Hantavirus infection is suspected of causing three deaths on a cruise ship from Ushuaia, Argentina."
cruise ship,"Hantavirus infection is suspected of causing three deaths on a cruise ship from Ushuaia, Argentina."
Argentina,"Hantavirus infection is suspected of causing three deaths on a cruise ship from Ushuaia, Argentina."
Ushuaia,"Hantavirus infection is suspected of causing three deaths on a cruise ship from Ushuaia, Argentina."
Hantavirus,"Hantavirus infection is suspected of causing three deaths on a cruise ship from Ushuaia, Argentina."
South America,"Hantavirus infection is suspected of causing three deaths on a cruise ship from Ushuaia, Argentina."
Tierra del Fuego,"Hantavirus infection is suspected of causing three deaths on a cruise ship from Ushuaia, Argentina."
cnnespanol.cnn.com,"Information about hantavirus causes, symptoms, and treatment related to rodents."
2026-05-04,"Information about hantavirus causes, symptoms, and treatment related to rodents."
rodents,"Information about hantavirus causes, symptoms, and treatment related to rodents."
hantavirus,"Information about hantavirus causes, symptoms, and treatment related to rodents."
edition.cnn.com,Explains the relationship between hantavirus and cruise ships.
2026-05-04,Explains the relationship between hantavirus and cruise ships.
yahoo.com/news,Claim regarding the spread of hantavirus.
2026-05-04,Claim regarding the spread of hantavirus.
marca.com,"14 Spaniards aboard the MV Hondius cruise have died, and three people were affected by a hantavirus outbreak."
2026-05-04,"14 Spaniards aboard the MV Hondius cruise have died, and three people were affected by a hantavirus outbreak."
people,"14 Spaniards aboard the MV Hondius cruise have died, and three people were affected by a hantavirus outbreak."
Spaniards,"14 Spaniards aboard the MV Hondius cruise have died, and three people were affected by a hantavirus outbreak."
MV Hondius,"14 Spaniards aboard the MV Hondius cruise have died, and three people were affected by a hantavirus outbreak."
Europe,"14 Spaniards aboard the MV Hondius cruise have died, and three people were affected by a hantavirus outbreak."
Spain,"14 Spaniards aboard the MV Hondius cruise have died, and three people were affected by a hantavirus outbreak."
yahoo.com/news,Article discusses a hantavirus outbreak in South Africa.
2026-05-04,Article discusses a hantavirus outbreak in South Africa.
hantavirus,Article discusses a hantavirus outbreak in South Africa.
South Africa,Article discusses a hantavirus outbreak in South Africa.
Africa,Article discusses a hantavirus outbreak in South Africa.
washingtonexaminer.com,There are important details to know about hantavirus as it relates to a cruise ship incident.
2026-05-04,There are important details to know about hantavirus as it relates to a cruise ship incident.
cruise ship,There are important details to know about hantavirus as it relates to a cruise ship incident.
hantavirus,There are important details to know about hantavirus as it relates to a cruise ship incident.
cbc.ca,There is a suspected hantavirus outbreak on a cruise ship.
2026-05-04,There is a suspected hantavirus outbreak on a cruise ship.
cruise ship,There is a suspected hantavirus outbreak on a cruise ship.
univision.com,"Explaining hantavirus, its symptoms, and transmission."
2026-05-04,"Explaining hantavirus, its symptoms, and transmission."
independent.co.uk,Hantavirus outbreak on a cruise ship leads to deaths
2026-05-04,Hantavirus outbreak on a cruise ship leads to deaths
cruise ship,Hantavirus outbreak on a cruise ship leads to deaths
Hantavirus,Hantavirus outbreak on a cruise ship leads to deaths
infonews.ca,A cruise ship is waiting for help after 3 people died in a suspected outbreak of the rare hantavirus.
2026-05-04,A cruise ship is waiting for help after 3 people died in a suspected outbreak of the rare hantavirus.
people,A cruise ship is waiting for help after 3 people died in a suspected outbreak of the rare hantavirus.
cruise ship,A cruise ship is waiting for help after 3 people died in a suspected outbreak of the rare hantavirus.
hantavirus,A cruise ship is waiting for help after 3 people died in a suspected outbreak of the rare hantavirus.
dedicatedissues.com,Information about hantavirus and an outbreak related to a cruise ship.
2026-05-04,Information about hantavirus and an outbreak related to a cruise ship.
cruise ship,Information about hantavirus and an outbreak related to a cruise ship.
hantavirus,Information about hantavirus and an outbreak related to a cruise ship.
whatfinger.com,Information about hantavirus and an outbreak related to a cruise ship.
fr.headtopics.com,Hantavirus outbreak: 3 deaths during a cruise
2026-05-04,Hantavirus outbreak: 3 deaths during a cruise
cruise,Hantavirus outbreak: 3 deaths during a cruise
Hantavirus,Hantavirus outbreak: 3 deaths during a cruise
headtopics.com,Hantavirus outbreak: 3 deaths during a cruise
mx.headtopics.com,Hantavirus outbreak on cruise kills 3 people
2026-05-04,Hantavirus outbreak on cruise kills 3 people
people,Hantavirus outbreak on cruise kills 3 people
cruise,Hantavirus outbreak on cruise kills 3 people
Hantavirus,Hantavirus outbreak on cruise kills 3 people
headtopics.com,Hantavirus outbreak on cruise kills 3 people
nl.headtopics.com,Three dead and several sick passengers due to hantavirus on cruise
2026-05-04,Three dead and several sick passengers due to hantavirus on cruise
passengers,Three dead and several sick passengers due to hantavirus on cruise
headtopics.com,Three dead and several sick passengers due to hantavirus on cruise
laopinion.com,The hantavirus has reemerged; the article discusses what this outbreak is about.
2026-05-04,The hantavirus has reemerged; the article discusses what this outbreak is about.
cbsnews.com,There has been a deadly hantavirus outbreak reported on a cruise ship.
2026-05-04,There has been a deadly hantavirus outbreak reported on a cruise ship.
cruise ship,There has been a deadly hantavirus outbreak reported on a cruise ship.
fr.headtopics.com,Hantavirus alert issued on a cruise ship involving three individuals.
2026-05-04,Hantavirus alert issued on a cruise ship involving three individuals.
individuals,Hantavirus alert issued on a cruise ship involving three individuals.
cruise ship,Hantavirus alert issued on a cruise ship involving three individuals.
Hantavirus,Hantavirus alert issued on a cruise ship involving three individuals.
headtopics.com,Hantavirus alert issued on a cruise ship involving three individuals.
edition.cnn.com,Three dead from hantavirus outbreak on cruise ship Hondius
2026-05-04,Three dead from hantavirus outbreak on cruise ship Hondius
hantavirus,Three dead from hantavirus outbreak on cruise ship Hondius
cruise ship Hondius,Three dead from hantavirus outbreak on cruise ship Hondius
scientificamerican.com,Information regarding hantavirus and its connection to a cruise ship outbreak.
2026-05-04,Information regarding hantavirus and its connection to a cruise ship outbreak.
hantavirus,Information regarding hantavirus and its connection to a cruise ship outbreak.
cruise ship outbreak,Information regarding hantavirus and its connection to a cruise ship outbreak.
foxnews.com,Hantavirus risks associated with cruise ships and rodents
2026-05-04,Hantavirus risks associated with cruise ships and rodents
rodents,Hantavirus risks associated with cruise ships and rodents
cruise ships,Hantavirus risks associated with cruise ships and rodents
noticias.foxnews.com,Hantavirus risks associated with cruise ships and rodents
be.headtopics.com,What's causing hantavirus linked to three deaths aboard?
2026-05-04,What's causing hantavirus linked to three deaths aboard?
hantavirus,What's causing hantavirus linked to three deaths aboard?
headtopics.com,What's causing hantavirus linked to three deaths aboard?
es.headtopics.com,What is hantavirus and how is it transmitted?
2026-05-04,What is hantavirus and how is it transmitted?
headtopics.com,What is hantavirus and how is it transmitted?
ph.headtopics.com,Evacuations planned due to suspected hantavirus outbreak.
2026-05-04,Evacuations planned due to suspected hantavirus outbreak.
evacuations,Evacuations planned due to suspected hantavirus outbreak.
headtopics.com,Evacuations planned due to suspected hantavirus outbreak.
accuweather.com,Report on a suspected hantavirus outbreak resulting in deaths and illnesses on a cruise ship
2026-05-04,Report on a suspected hantavirus outbreak resulting in deaths and illnesses on a cruise ship
cruise ship,Report on a suspected hantavirus outbreak resulting in deaths and illnesses on a cruise ship
hantavirus,Report on a suspected hantavirus outbreak resulting in deaths and illnesses on a cruise ship
dailymail.co.uk,"Dutch widow died from hantavirus during cruise, leaving 20 Brits trapped"
2026-05-04,"Dutch widow died from hantavirus during cruise, leaving 20 Brits trapped"
Brits,"Dutch widow died from hantavirus during cruise, leaving 20 Brits trapped"
Dutch widow,"Dutch widow died from hantavirus during cruise, leaving 20 Brits trapped"
Europe,"Dutch widow died from hantavirus during cruise, leaving 20 Brits trapped"
Netherlands,"Dutch widow died from hantavirus during cruise, leaving 20 Brits trapped"
co.headtopics.com,Explaining hantavirus: how it spreads and why it matters
2026-05-04,Explaining hantavirus: how it spreads and why it matters
headtopics.com,Explaining hantavirus: how it spreads and why it matters
cbc.ca,There is a hantavirus outbreak linked to rodents.
2026-05-04,There is a hantavirus outbreak linked to rodents.
rodents,There is a hantavirus outbreak linked to rodents.
hantavirus,There is a hantavirus outbreak linked to rodents.
ca.headtopics.com,Everything you need to know about hantavirus
2026-05-04,Everything you need to know about hantavirus
headtopics.com,Everything you need to know about hantavirus
us.headtopics.com,Giuliani hospitalized amid hantavirus outbreak and global concerns
2026-05-04,Giuliani hospitalized amid hantavirus outbreak and global concerns
hantavirus,Giuliani hospitalized amid hantavirus outbreak and global concerns
outbreak,Giuliani hospitalized amid hantavirus outbreak and global concerns
Giuliani,Giuliani hospitalized amid hantavirus outbreak and global concerns
headtopics.com,Giuliani hospitalized amid hantavirus outbreak and global concerns
dailymail.com,"A Dutch widow died from hantavirus during a cruise, leaving 20 British passengers stranded."
2026-05-04,"A Dutch widow died from hantavirus during a cruise, leaving 20 British passengers stranded."
Dutch widow,"A Dutch widow died from hantavirus during a cruise, leaving 20 British passengers stranded."
British passengers,"A Dutch widow died from hantavirus during a cruise, leaving 20 British passengers stranded."
Europe,"A Dutch widow died from hantavirus during a cruise, leaving 20 British passengers stranded."
United Kingdom,"A Dutch widow died from hantavirus during a cruise, leaving 20 British passengers stranded."
Netherlands,"A Dutch widow died from hantavirus during a cruise, leaving 20 British passengers stranded."
dailymail.co.uk,"A Dutch widow died from hantavirus during a cruise, leaving 20 British passengers stranded."
time.com,A hantavirus outbreak has been reported on a cruise ship.
2026-05-04,A hantavirus outbreak has been reported on a cruise ship.
cruise ship,A hantavirus outbreak has been reported on a cruise ship.
hantavirus,A hantavirus outbreak has been reported on a cruise ship.
dailycaller.com,Cruise ship passengers are trapped due to hantavirus-related deaths and critical illness from rat feces.
2026-05-04,Cruise ship passengers are trapped due to hantavirus-related deaths and critical illness from rat feces.
hantavirus,Cruise ship passengers are trapped due to hantavirus-related deaths and critical illness from rat feces.
cruise ship passengers,Cruise ship passengers are trapped due to hantavirus-related deaths and critical illness from rat feces.
rat feces,Cruise ship passengers are trapped due to hantavirus-related deaths and critical illness from rat feces.
whatfinger.com,Cruise ship passengers are trapped due to hantavirus-related deaths and critical illness from rat feces.
yahoo.com/news,Seven cases of hantavirus have been identified on a cruise ship.
2026-05-04,Seven cases of hantavirus have been identified on a cruise ship.
cruise ship,Seven cases of hantavirus have been identified on a cruise ship.
nypost.com,A report on a hantavirus outbreak on a cruise ship that resulted in deaths.
2026-05-04,A report on a hantavirus outbreak on a cruise ship that resulted in deaths.
cruise ship,A report on a hantavirus outbreak on a cruise ship that resulted in deaths.
hantavirus outbreak,A report on a hantavirus outbreak on a cruise ship that resulted in deaths.
be.headtopics.com,An outbreak of hantavirus on a cruise ship is reported.
2026-05-04,An outbreak of hantavirus on a cruise ship is reported.
cruise ship,An outbreak of hantavirus on a cruise ship is reported.
headtopics.com,An outbreak of hantavirus on a cruise ship is reported.
be.headtopics.com,Three deaths on a ship attributed to hantavirus.
2026-05-04,Three deaths on a ship attributed to hantavirus.
ship,Three deaths on a ship attributed to hantavirus.
hantavirus,Three deaths on a ship attributed to hantavirus.
headtopics.com,Three deaths on a ship attributed to hantavirus.
ch.headtopics.com,Assessing the risk of hantavirus on a ship.
2026-05-04,Assessing the risk of hantavirus on a ship.
ship,Assessing the risk of hantavirus on a ship.
hantavirus,Assessing the risk of hantavirus on a ship.
headtopics.com,Assessing the risk of hantavirus on a ship.
co.headtopics.com,Hantavirus outbreak on cruise poses environmental risks.
2026-05-04,Hantavirus outbreak on cruise poses environmental risks.
cruise,Hantavirus outbreak on cruise poses environmental risks.
Hantavirus,Hantavirus outbreak on cruise poses environmental risks.
headtopics.com,Hantavirus outbreak on cruise poses environmental risks.
sg.headtopics.com,Cruise ship anchored near Cape Verde due to hantavirus fears.
2026-05-04,Cruise ship anchored near Cape Verde due to hantavirus fears.
Cape Verde,Cruise ship anchored near Cape Verde due to hantavirus fears.
Cruise ship,Cruise ship anchored near Cape Verde due to hantavirus fears.
Africa,Cruise ship anchored near Cape Verde due to hantavirus fears.
headtopics.com,Cruise ship anchored near Cape Verde due to hantavirus fears.
us.headtopics.com,A suspected outbreak of hantavirus on a cruise ship.
2026-05-04,A suspected outbreak of hantavirus on a cruise ship.
cruise ship,A suspected outbreak of hantavirus on a cruise ship.
headtopics.com,A suspected outbreak of hantavirus on a cruise ship.
foxnews.com,A cruise ship passenger shares feelings of uncertainty following multiple deaths linked to a hantavirus investigation.
2026-05-04,A cruise ship passenger shares feelings of uncertainty following multiple deaths linked to a hantavirus investigation.
hantavirus,A cruise ship passenger shares feelings of uncertainty following multiple deaths linked to a hantavirus investigation.
cruise ship passenger,A cruise ship passenger shares feelings of uncertainty following multiple deaths linked to a hantavirus investigation.
noticias.foxnews.com,A cruise ship passenger shares feelings of uncertainty following multiple deaths linked to a hantavirus investigation.
nbc.com,A suspected hantavirus outbreak on a cruise ship has resulted in 3 deaths.
2026-05-04,A suspected hantavirus outbreak on a cruise ship has resulted in 3 deaths.
it.headtopics.com,"Hantavirus detected on cruise ship MV Hondius, passengers"
2026-05-04,"Hantavirus detected on cruise ship MV Hondius, passengers"
passengers,"Hantavirus detected on cruise ship MV Hondius, passengers"
MV Hondius,"Hantavirus detected on cruise ship MV Hondius, passengers"
Hantavirus,"Hantavirus detected on cruise ship MV Hondius, passengers"
headtopics.com,"Hantavirus detected on cruise ship MV Hondius, passengers"
pt.headtopics.com,Number of hantavirus cases on cruise ship rises
2026-05-04,Number of hantavirus cases on cruise ship rises
cruise ship,Number of hantavirus cases on cruise ship rises
headtopics.com,Number of hantavirus cases on cruise ship rises
ph.headtopics.com,A hantavirus investigation is underway on a cruise ship in the Atlantic.
2026-05-05,A hantavirus investigation is underway on a cruise ship in the Atlantic.
cruise ship,A hantavirus investigation is underway on a cruise ship in the Atlantic.
hantavirus,A hantavirus investigation is underway on a cruise ship in the Atlantic.
Atlantic,A hantavirus investigation is underway on a cruise ship in the Atlantic.
North America,A hantavirus investigation is underway on a cruise ship in the Atlantic.
Atlantic Ocean,A hantavirus investigation is underway on a cruise ship in the Atlantic.
headtopics.com,A hantavirus investigation is underway on a cruise ship in the Atlantic.
abc7.com,Information about hantavirus as a possible cause of an outbreak on a cruise.
2026-05-05,Information about hantavirus as a possible cause of an outbreak on a cruise.
cruise,Information about hantavirus as a possible cause of an outbreak on a cruise.
hantavirus,Information about hantavirus as a possible cause of an outbreak on a cruise.
ar.headtopics.com,"Outbreak of hantavirus on a cruise ship, investigation ongoing"
2026-05-05,"Outbreak of hantavirus on a cruise ship, investigation ongoing"
cruise ship,"Outbreak of hantavirus on a cruise ship, investigation ongoing"
hantavirus,"Outbreak of hantavirus on a cruise ship, investigation ongoing"
headtopics.com,"Outbreak of hantavirus on a cruise ship, investigation ongoing"
no.headtopics.com,Strict measures on board Hondius after hantavirus outbreak
2026-05-05,Strict measures on board Hondius after hantavirus outbreak
Hondius,Strict measures on board Hondius after hantavirus outbreak
United States,Strict measures on board Hondius after hantavirus outbreak
North America,Strict measures on board Hondius after hantavirus outbreak
headtopics.com,Strict measures on board Hondius after hantavirus outbreak
pt.headtopics.com,Outbreak of hantavirus on a cruise ship in Cape Verde
2026-05-05,Outbreak of hantavirus on a cruise ship in Cape Verde
cruise ship,Outbreak of hantavirus on a cruise ship in Cape Verde
Cape Verde,Outbreak of hantavirus on a cruise ship in Cape Verde
hantavirus,Outbreak of hantavirus on a cruise ship in Cape Verde
Africa,Outbreak of hantavirus on a cruise ship in Cape Verde
headtopics.com,Outbreak of hantavirus on a cruise ship in Cape Verde
apnews.com,Information about hantavirus and its suspected outbreak on a cruise ship
2026-05-05,Information about hantavirus and its suspected outbreak on a cruise ship
cruise ship,Information about hantavirus and its suspected outbreak on a cruise ship
hantavirus,Information about hantavirus and its suspected outbreak on a cruise ship
ksl.com,Concern about hantavirus outbreak on a cruise ship
2026-05-05,Concern about hantavirus outbreak on a cruise ship
cruise ship,Concern about hantavirus outbreak on a cruise ship
hantavirus,Concern about hantavirus outbreak on a cruise ship
ksl.com,A cruise ship has experienced a suspected rare hantavirus outbreak that resulted in three fatalities and is now waiting for assistance.
2026-05-05,A cruise ship has experienced a suspected rare hantavirus outbreak that resulted in three fatalities and is now waiting for assistance.
fatalities,A cruise ship has experienced a suspected rare hantavirus outbreak that resulted in three fatalities and is now waiting for assistance.
cruise ship,A cruise ship has experienced a suspected rare hantavirus outbreak that resulted in three fatalities and is now waiting for assistance.
assistance,A cruise ship has experienced a suspected rare hantavirus outbreak that resulted in three fatalities and is now waiting for assistance.
hantavirus,A cruise ship has experienced a suspected rare hantavirus outbreak that resulted in three fatalities and is now waiting for assistance.
it.headtopics.com,"Hantavirus outbreak on cruise ship, three deaths."
2026-05-05,"Hantavirus outbreak on cruise ship, three deaths."
cruise ship,"Hantavirus outbreak on cruise ship, three deaths."
Hantavirus,"Hantavirus outbreak on cruise ship, three deaths."
headtopics.com,"Hantavirus outbreak on cruise ship, three deaths."
japantimes.co.jp,Report on a hantavirus outbreak aboard a Japanese ship.
2026-05-05,Report on a hantavirus outbreak aboard a Japanese ship.
Japanese ship,Report on a hantavirus outbreak aboard a Japanese ship.
Asia,Report on a hantavirus outbreak aboard a Japanese ship.
Japan,Report on a hantavirus outbreak aboard a Japanese ship.
2026-05-05,There is a hantavirus outbreak linked to rodents.
gizmodo.com,"A hantavirus outbreak has occurred on a cruise ship, and there are important details for the public to know."
2026-05-05,"A hantavirus outbreak has occurred on a cruise ship, and there are important details for the public to know."
cruise ship,"A hantavirus outbreak has occurred on a cruise ship, and there are important details for the public to know."
public,"A hantavirus outbreak has occurred on a cruise ship, and there are important details for the public to know."
hantavirus,"A hantavirus outbreak has occurred on a cruise ship, and there are important details for the public to know."
ch.headtopics.com,Hantavirus outbreak on cruise ship results in three deaths.
2026-05-05,Hantavirus outbreak on cruise ship results in three deaths.
co.headtopics.com,Exploring the dangers of the hantavirus discovered.
2026-05-05,Exploring the dangers of the hantavirus discovered.
headtopics.com,Exploring the dangers of the hantavirus discovered.
univision.com,Potential outbreak of hantavirus on a cruise with deaths and dozens isolated.
2026-05-05,Potential outbreak of hantavirus on a cruise with deaths and dozens isolated.
cruise,Potential outbreak of hantavirus on a cruise with deaths and dozens isolated.
hantavirus,Potential outbreak of hantavirus on a cruise with deaths and dozens isolated.
es.headtopics.com,What is hantavirus and how is the infection transmitted?
2026-05-05,What is hantavirus and how is the infection transmitted?
headtopics.com,What is hantavirus and how is the infection transmitted?
infonews.ca,A cruise ship is in distress after reports of a hantavirus outbreak that resulted in three deaths.
2026-05-05,A cruise ship is in distress after reports of a hantavirus outbreak that resulted in three deaths.
cruise ship,A cruise ship is in distress after reports of a hantavirus outbreak that resulted in three deaths.
hantavirus,A cruise ship is in distress after reports of a hantavirus outbreak that resulted in three deaths.
corriere.it,Report on hantavirus outbreak linked to a cruise ship involving an influencer.
2026-05-05,Report on hantavirus outbreak linked to a cruise ship involving an influencer.
influencer,Report on hantavirus outbreak linked to a cruise ship involving an influencer.
cruise ship,Report on hantavirus outbreak linked to a cruise ship involving an influencer.
hantavirus,Report on hantavirus outbreak linked to a cruise ship involving an influencer.
at.headtopics.com,Hantavirus outbreak on a cruise ship in Germany
2026-05-05,Hantavirus outbreak on a cruise ship in Germany
cruise ship,Hantavirus outbreak on a cruise ship in Germany
Germany,Hantavirus outbreak on a cruise ship in Germany
Hantavirus,Hantavirus outbreak on a cruise ship in Germany
Europe,Hantavirus outbreak on a cruise ship in Germany
headtopics.com,Hantavirus outbreak on a cruise ship in Germany
be.headtopics.com,Hantavirus deaths and confirmed cases following a cruise
2026-05-05,Hantavirus deaths and confirmed cases following a cruise
cruise,Hantavirus deaths and confirmed cases following a cruise
Hantavirus,Hantavirus deaths and confirmed cases following a cruise
headtopics.com,Hantavirus deaths and confirmed cases following a cruise
ch.headtopics.com,Hantavirus outbreak on a ship: what we know and what we don't
2026-05-05,Hantavirus outbreak on a ship: what we know and what we don't
ship,Hantavirus outbreak on a ship: what we know and what we don't
Hantavirus,Hantavirus outbreak on a ship: what we know and what we don't
headtopics.com,Hantavirus outbreak on a ship: what we know and what we don't
es.headtopics.com,Hantavirus outbreak on a luxury cruise off the coast of Africa
2026-05-05,Hantavirus outbreak on a luxury cruise off the coast of Africa
Africa,Hantavirus outbreak on a luxury cruise off the coast of Africa
Hantavirus,Hantavirus outbreak on a luxury cruise off the coast of Africa
luxury cruise,Hantavirus outbreak on a luxury cruise off the coast of Africa
headtopics.com,Hantavirus outbreak on a luxury cruise off the coast of Africa
houstonpublicmedia.org,A cruise ship is waiting for help after three people died in a suspected hantavirus outbreak.
2026-05-05,A cruise ship is waiting for help after three people died in a suspected hantavirus outbreak.
three people,A cruise ship is waiting for help after three people died in a suspected hantavirus outbreak.
cruise ship,A cruise ship is waiting for help after three people died in a suspected hantavirus outbreak.
ie.headtopics.com,An Irish woman is stranded on a cruise ship due to hantavirus.
2026-05-05,An Irish woman is stranded on a cruise ship due to hantavirus.
cruise ship,An Irish woman is stranded on a cruise ship due to hantavirus.
hantavirus,An Irish woman is stranded on a cruise ship due to hantavirus.
Irish woman,An Irish woman is stranded on a cruise ship due to hantavirus.
Europe,An Irish woman is stranded on a cruise ship due to hantavirus.
Ireland,An Irish woman is stranded on a cruise ship due to hantavirus.
headtopics.com,An Irish woman is stranded on a cruise ship due to hantavirus.
knkx.org,A report about a cruise ship dealing with multiple deaths suspected to be caused by a hantavirus outbreak.
2026-05-05,A report about a cruise ship dealing with multiple deaths suspected to be caused by a hantavirus outbreak.
cruise ship,A report about a cruise ship dealing with multiple deaths suspected to be caused by a hantavirus outbreak.
hantavirus,A report about a cruise ship dealing with multiple deaths suspected to be caused by a hantavirus outbreak.
arabic.cnn.com,A ship is on lockdown due to a suspected hantavirus outbreak.
2026-05-05,A ship is on lockdown due to a suspected hantavirus outbreak.
ship,A ship is on lockdown due to a suspected hantavirus outbreak.
iowapublicradio.org,A cruise ship is awaiting assistance after three people died from a suspected hantavirus outbreak.
2026-05-05,A cruise ship is awaiting assistance after three people died from a suspected hantavirus outbreak.
three people,A cruise ship is awaiting assistance after three people died from a suspected hantavirus outbreak.
cruise ship,A cruise ship is awaiting assistance after three people died from a suspected hantavirus outbreak.
sg.headtopics.com,Hantavirus outbreak on cruise ship leaves three dead
2026-05-05,Hantavirus outbreak on cruise ship leaves three dead
cruise ship,Hantavirus outbreak on cruise ship leaves three dead
headtopics.com,Hantavirus outbreak on cruise ship leaves three dead
independent.co.uk,There is a hantavirus outbreak linked to a cruise ship in the Canary Islands.
2026-05-05,There is a hantavirus outbreak linked to a cruise ship in the Canary Islands.
cruise ship,There is a hantavirus outbreak linked to a cruise ship in the Canary Islands.
hantavirus,There is a hantavirus outbreak linked to a cruise ship in the Canary Islands.
Canary Islands,There is a hantavirus outbreak linked to a cruise ship in the Canary Islands.
Europe,There is a hantavirus outbreak linked to a cruise ship in the Canary Islands.
Spain,There is a hantavirus outbreak linked to a cruise ship in the Canary Islands.
sciencealert.com,The article provides a guide to hantavirus and its association with deaths on a cruise ship.
2026-05-05,The article provides a guide to hantavirus and its association with deaths on a cruise ship.
deaths,The article provides a guide to hantavirus and its association with deaths on a cruise ship.
cruise ship,The article provides a guide to hantavirus and its association with deaths on a cruise ship.
hantavirus,The article provides a guide to hantavirus and its association with deaths on a cruise ship.
ctpublic.org,A cruise ship is awaiting assistance following the deaths of three individuals due to a suspected hantavirus outbreak.
2026-05-05,A cruise ship is awaiting assistance following the deaths of three individuals due to a suspected hantavirus outbreak.
individuals,A cruise ship is awaiting assistance following the deaths of three individuals due to a suspected hantavirus outbreak.
cruise ship,A cruise ship is awaiting assistance following the deaths of three individuals due to a suspected hantavirus outbreak.
content.ctpublic.org,A cruise ship is awaiting assistance following the deaths of three individuals due to a suspected hantavirus outbreak.
za.headtopics.com,Confirmed hantavirus case in South Africa raises health concerns.
2026-05-05,Confirmed hantavirus case in South Africa raises health concerns.
hantavirus,Confirmed hantavirus case in South Africa raises health concerns.
South Africa,Confirmed hantavirus case in South Africa raises health concerns.
Africa,Confirmed hantavirus case in South Africa raises health concerns.
headtopics.com,Confirmed hantavirus case in South Africa raises health concerns.
lemonde.fr,Suspected hantavirus outbreak on a cruise ship arriving near Cape Verde.
2026-05-05,Suspected hantavirus outbreak on a cruise ship arriving near Cape Verde.
cruise ship,Suspected hantavirus outbreak on a cruise ship arriving near Cape Verde.
Cape Verde,Suspected hantavirus outbreak on a cruise ship arriving near Cape Verde.
Africa,Suspected hantavirus outbreak on a cruise ship arriving near Cape Verde.
fr.headtopics.com,Two confirmed cases and five suspected cases of hantavirus on a boat.
2026-05-05,Two confirmed cases and five suspected cases of hantavirus on a boat.
boat,Two confirmed cases and five suspected cases of hantavirus on a boat.
hantavirus,Two confirmed cases and five suspected cases of hantavirus on a boat.
confirmed cases,Two confirmed cases and five suspected cases of hantavirus on a boat.
suspected cases,Two confirmed cases and five suspected cases of hantavirus on a boat.
headtopics.com,Two confirmed cases and five suspected cases of hantavirus on a boat.
ie.headtopics.com,A Q&A on hantavirus infection and its spread.
2026-05-05,A Q&A on hantavirus infection and its spread.
headtopics.com,A Q&A on hantavirus infection and its spread.
ie.headtopics.com,An ocean cruise has turned into a hantavirus nightmare.
2026-05-05,An ocean cruise has turned into a hantavirus nightmare.
headtopics.com,An ocean cruise has turned into a hantavirus nightmare.
my.headtopics.com,An outbreak of hantavirus is affecting a cruise ship with 150 passengers.
2026-05-05,An outbreak of hantavirus is affecting a cruise ship with 150 passengers.
passengers,An outbreak of hantavirus is affecting a cruise ship with 150 passengers.
cruise ship,An outbreak of hantavirus is affecting a cruise ship with 150 passengers.
hantavirus,An outbreak of hantavirus is affecting a cruise ship with 150 passengers.
headtopics.com,An outbreak of hantavirus is affecting a cruise ship with 150 passengers.
sg.headtopics.com,Three individuals have died from hantavirus on the MV Hondius cruise ship.
2026-05-05,Three individuals have died from hantavirus on the MV Hondius cruise ship.
three individuals,Three individuals have died from hantavirus on the MV Hondius cruise ship.
MV Hondius,Three individuals have died from hantavirus on the MV Hondius cruise ship.
headtopics.com,Three individuals have died from hantavirus on the MV Hondius cruise ship.
justthenews.com,A suspected hantavirus outbreak has affected cruise ship passengers and resulted in three deaths.
2026-05-05,A suspected hantavirus outbreak has affected cruise ship passengers and resulted in three deaths.
cruise ship passengers,A suspected hantavirus outbreak has affected cruise ship passengers and resulted in three deaths.
elpais.com,The WHO has increased the number of suspected hantavirus cases on the cruise ship anchored off Cape Verde to seven.
2026-05-05,The WHO has increased the number of suspected hantavirus cases on the cruise ship anchored off Cape Verde to seven.
cruise ship,The WHO has increased the number of suspected hantavirus cases on the cruise ship anchored off Cape Verde to seven.
Cape Verde,The WHO has increased the number of suspected hantavirus cases on the cruise ship anchored off Cape Verde to seven.
hantavirus,The WHO has increased the number of suspected hantavirus cases on the cruise ship anchored off Cape Verde to seven.
WHO,The WHO has increased the number of suspected hantavirus cases on the cruise ship anchored off Cape Verde to seven.
Africa,The WHO has increased the number of suspected hantavirus cases on the cruise ship anchored off Cape Verde to seven.
es.headtopics.com,A second hantavirus case has been confirmed on the MV Hondius cruise ship.
2026-05-05,A second hantavirus case has been confirmed on the MV Hondius cruise ship.
cruise ship,A second hantavirus case has been confirmed on the MV Hondius cruise ship.
hantavirus,A second hantavirus case has been confirmed on the MV Hondius cruise ship.
MV Hondius,A second hantavirus case has been confirmed on the MV Hondius cruise ship.
headtopics.com,A second hantavirus case has been confirmed on the MV Hondius cruise ship.
ph.headtopics.com,Seven cases of hantavirus have been confirmed or suspected.
2026-05-05,Seven cases of hantavirus have been confirmed or suspected.
headtopics.com,Seven cases of hantavirus have been confirmed or suspected.
metro.co.uk,A couple died from hantavirus while on a cruise.
2026-05-05,A couple died from hantavirus while on a cruise.
couple,A couple died from hantavirus while on a cruise.
cruise,A couple died from hantavirus while on a cruise.
kosu.org,A cruise ship is in distress following a suspected hantavirus outbreak that resulted in three deaths.
2026-05-05,A cruise ship is in distress following a suspected hantavirus outbreak that resulted in three deaths.
cruise ship,A cruise ship is in distress following a suspected hantavirus outbreak that resulted in three deaths.
ph.headtopics.com,Claim that a cruise ship is quarantined off Cape Verde due to hantavirus.
2026-05-05,Claim that a cruise ship is quarantined off Cape Verde due to hantavirus.
cruise ship,Claim that a cruise ship is quarantined off Cape Verde due to hantavirus.
Cape Verde,Claim that a cruise ship is quarantined off Cape Verde due to hantavirus.
hantavirus,Claim that a cruise ship is quarantined off Cape Verde due to hantavirus.
Africa,Claim that a cruise ship is quarantined off Cape Verde due to hantavirus.
headtopics.com,Claim that a cruise ship is quarantined off Cape Verde due to hantavirus.
huffpost.com,A hantavirus outbreak is associated with a cruise ship.
2026-05-05,A hantavirus outbreak is associated with a cruise ship.
cruise ship,A hantavirus outbreak is associated with a cruise ship.
hantavirus,A hantavirus outbreak is associated with a cruise ship.
br.headtopics.com,WHO suspects human-to-human transmission of hantavirus.
2026-05-05,WHO suspects human-to-human transmission of hantavirus.
hantavirus,WHO suspects human-to-human transmission of hantavirus.
WHO,WHO suspects human-to-human transmission of hantavirus.
headtopics.com,WHO suspects human-to-human transmission of hantavirus.
es.headtopics.com,Cruise ship with hantavirus outbreak headed for the Canary Islands.
2026-05-05,Cruise ship with hantavirus outbreak headed for the Canary Islands.
Canary Islands,Cruise ship with hantavirus outbreak headed for the Canary Islands.
Cruise ship,Cruise ship with hantavirus outbreak headed for the Canary Islands.
Europe,Cruise ship with hantavirus outbreak headed for the Canary Islands.
Spain,Cruise ship with hantavirus outbreak headed for the Canary Islands.
headtopics.com,Cruise ship with hantavirus outbreak headed for the Canary Islands.
fr.headtopics.com,Two confirmed cases of hantavirus on a cruise ship.
2026-05-05,Two confirmed cases of hantavirus on a cruise ship.
cruise ship,Two confirmed cases of hantavirus on a cruise ship.
headtopics.com,Two confirmed cases of hantavirus on a cruise ship.
au.headtopics.com,Hantavirus outbreak on a cruise ship has resulted in deaths
2026-05-05,Hantavirus outbreak on a cruise ship has resulted in deaths
cruise ship,Hantavirus outbreak on a cruise ship has resulted in deaths
Hantavirus,Hantavirus outbreak on a cruise ship has resulted in deaths
headtopics.com,Hantavirus outbreak on a cruise ship has resulted in deaths
co.headtopics.com,WHO reports hantavirus infection likely on a cruise
2026-05-05,WHO reports hantavirus infection likely on a cruise
cruise,WHO reports hantavirus infection likely on a cruise
WHO,WHO reports hantavirus infection likely on a cruise
headtopics.com,WHO reports hantavirus infection likely on a cruise
it.headtopics.com,"Hantavirus outbreak on MV Hondius results in three deaths, two ill"
2026-05-05,"Hantavirus outbreak on MV Hondius results in three deaths, two ill"
MV Hondius,"Hantavirus outbreak on MV Hondius results in three deaths, two ill"
Hantavirus,"Hantavirus outbreak on MV Hondius results in three deaths, two ill"
headtopics.com,"Hantavirus outbreak on MV Hondius results in three deaths, two ill"
pt.headtopics.com,Cruise with hantavirus outbreak received by Spain
2026-05-05,Cruise with hantavirus outbreak received by Spain
Spain,Cruise with hantavirus outbreak received by Spain
Cruise,Cruise with hantavirus outbreak received by Spain
hantavirus outbreak,Cruise with hantavirus outbreak received by Spain
Europe,Cruise with hantavirus outbreak received by Spain
headtopics.com,Cruise with hantavirus outbreak received by Spain
pt.headtopics.com,Deaths on a cruise in the Atlantic related to hantavirus
2026-05-05,Deaths on a cruise in the Atlantic related to hantavirus
cruise,Deaths on a cruise in the Atlantic related to hantavirus
hantavirus,Deaths on a cruise in the Atlantic related to hantavirus
Atlantic,Deaths on a cruise in the Atlantic related to hantavirus
headtopics.com,Deaths on a cruise in the Atlantic related to hantavirus
independent.co.uk,There is a hantavirus outbreak related to the MV Hondius cruise ship.
2026-05-05,There is a hantavirus outbreak related to the MV Hondius cruise ship.
cruise ship,There is a hantavirus outbreak related to the MV Hondius cruise ship.
hantavirus,There is a hantavirus outbreak related to the MV Hondius cruise ship.
MV Hondius,There is a hantavirus outbreak related to the MV Hondius cruise ship.
lemonde.fr,"There is a hantavirus outbreak on a cruise ship, with suspected human transmission; Spain allows the ship to dock in the Canary Islands."
2026-05-05,"There is a hantavirus outbreak on a cruise ship, with suspected human transmission; Spain allows the ship to dock in the Canary Islands."
cruise ship,"There is a hantavirus outbreak on a cruise ship, with suspected human transmission; Spain allows the ship to dock in the Canary Islands."
Spain,"There is a hantavirus outbreak on a cruise ship, with suspected human transmission; Spain allows the ship to dock in the Canary Islands."
Canary Islands,"There is a hantavirus outbreak on a cruise ship, with suspected human transmission; Spain allows the ship to dock in the Canary Islands."
hantavirus outbreak,"There is a hantavirus outbreak on a cruise ship, with suspected human transmission; Spain allows the ship to dock in the Canary Islands."
Europe,"There is a hantavirus outbreak on a cruise ship, with suspected human transmission; Spain allows the ship to dock in the Canary Islands."
elpais.com,Images reveal the interior of the luxury cruise MV Hondius after a hantavirus outbreak.
2026-05-05,Images reveal the interior of the luxury cruise MV Hondius after a hantavirus outbreak.
MV Hondius,Images reveal the interior of the luxury cruise MV Hondius after a hantavirus outbreak.
infonews.ca,The cruise ship is linked to a hantavirus outbreak.
2026-05-05,The cruise ship is linked to a hantavirus outbreak.
cruise ship,The cruise ship is linked to a hantavirus outbreak.
gbnews.com,A hantavirus outbreak has led to a cruise ship evacuation
2026-05-05,A hantavirus outbreak has led to a cruise ship evacuation
cruise ship,A hantavirus outbreak has led to a cruise ship evacuation
hantavirus,A hantavirus outbreak has led to a cruise ship evacuation
nbcnews.com,Hantavirus may cause human transmission on a cruise ship leading to crew evacuation.
2026-05-05,Hantavirus may cause human transmission on a cruise ship leading to crew evacuation.
cruise ship,Hantavirus may cause human transmission on a cruise ship leading to crew evacuation.
crew,Hantavirus may cause human transmission on a cruise ship leading to crew evacuation.
Hantavirus,Hantavirus may cause human transmission on a cruise ship leading to crew evacuation.
abc7chicago.com,Cruise ship waiting for help due to suspected hantavirus outbreak causing deaths
2026-05-05,Cruise ship waiting for help due to suspected hantavirus outbreak causing deaths
cruise ship,Cruise ship waiting for help due to suspected hantavirus outbreak causing deaths
abc7news.com,A cruise ship is waiting for help off the Cape Verde coast due to a suspected hantavirus outbreak that has resulted in 3 deaths.
2026-05-05,A cruise ship is waiting for help off the Cape Verde coast due to a suspected hantavirus outbreak that has resulted in 3 deaths.
cruise ship,A cruise ship is waiting for help off the Cape Verde coast due to a suspected hantavirus outbreak that has resulted in 3 deaths.
Cape Verde,A cruise ship is waiting for help off the Cape Verde coast due to a suspected hantavirus outbreak that has resulted in 3 deaths.
hantavirus,A cruise ship is waiting for help off the Cape Verde coast due to a suspected hantavirus outbreak that has resulted in 3 deaths.
Africa,A cruise ship is waiting for help off the Cape Verde coast due to a suspected hantavirus outbreak that has resulted in 3 deaths.
abc7ny.com,A cruise ship is waiting for help after a suspected hantavirus outbreak that resulted in three deaths.
2026-05-05,A cruise ship is waiting for help after a suspected hantavirus outbreak that resulted in three deaths.
cruise ship,A cruise ship is waiting for help after a suspected hantavirus outbreak that resulted in three deaths.
hantavirus,A cruise ship is waiting for help after a suspected hantavirus outbreak that resulted in three deaths.
elpais.com,"Information about the hantavirus outbreak, its risks, and certainties regarding a disease that is deadly but not highly contagious."
2026-05-05,"Information about the hantavirus outbreak, its risks, and certainties regarding a disease that is deadly but not highly contagious."
disease,"Information about the hantavirus outbreak, its risks, and certainties regarding a disease that is deadly but not highly contagious."
hantavirus,"Information about the hantavirus outbreak, its risks, and certainties regarding a disease that is deadly but not highly contagious."
br.headtopics.com,A possible outbreak of hantavirus may have caused seven cases.
2026-05-05,A possible outbreak of hantavirus may have caused seven cases.
headtopics.com,A possible outbreak of hantavirus may have caused seven cases.
it.headtopics.com,Suspected human-to-human transmission of hantavirus on a cruise
2026-05-05,Suspected human-to-human transmission of hantavirus on a cruise
cruise,Suspected human-to-human transmission of hantavirus on a cruise
hantavirus,Suspected human-to-human transmission of hantavirus on a cruise
headtopics.com,Suspected human-to-human transmission of hantavirus on a cruise
ph.headtopics.com,Rare human-to-human transmission of hantavirus suspected
2026-05-05,Rare human-to-human transmission of hantavirus suspected
hantavirus,Rare human-to-human transmission of hantavirus suspected
headtopics.com,Rare human-to-human transmission of hantavirus suspected
za.headtopics.com,Hantavirus outbreak on cruise ship claims three lives
2026-05-05,Hantavirus outbreak on cruise ship claims three lives
cruise ship,Hantavirus outbreak on cruise ship claims three lives
Hantavirus,Hantavirus outbreak on cruise ship claims three lives
headtopics.com,Hantavirus outbreak on cruise ship claims three lives
yahoo.com/news,Hantavirus outbreak poses low threat
2026-05-05,Hantavirus outbreak poses low threat
Hantavirus,Hantavirus outbreak poses low threat
elpais.com,Un brote de hantavirus se convierte en una pesadilla tras unas vacaciones en el fin del mundo.
2026-05-05,Un brote de hantavirus se convierte en una pesadilla tras unas vacaciones en el fin del mundo.
es.headtopics.com,Hantavirus is the virus that killed Gene Hackman's wife.
2026-05-05,Hantavirus is the virus that killed Gene Hackman's wife.
wife,Hantavirus is the virus that killed Gene Hackman's wife.
Gene Hackman,Hantavirus is the virus that killed Gene Hackman's wife.
Hantavirus,Hantavirus is the virus that killed Gene Hackman's wife.
headtopics.com,Hantavirus is the virus that killed Gene Hackman's wife.
fr.headtopics.com,A deadly hantavirus outbreak occurred on a cruise ship.
2026-05-05,A deadly hantavirus outbreak occurred on a cruise ship.
cruise ship,A deadly hantavirus outbreak occurred on a cruise ship.
hantavirus,A deadly hantavirus outbreak occurred on a cruise ship.
headtopics.com,A deadly hantavirus outbreak occurred on a cruise ship.
dailynews.com,There is a hantavirus outbreak linked to a cruise ship.
2026-05-05,There is a hantavirus outbreak linked to a cruise ship.
cruise ship,There is a hantavirus outbreak linked to a cruise ship.
hantavirus,There is a hantavirus outbreak linked to a cruise ship.
mercurynews.com,A cruise ship is in distress due to a suspected hantavirus outbreak that resulted in three deaths.
2026-05-05,A cruise ship is in distress due to a suspected hantavirus outbreak that resulted in three deaths.
cruise ship,A cruise ship is in distress due to a suspected hantavirus outbreak that resulted in three deaths.
hantavirus,A cruise ship is in distress due to a suspected hantavirus outbreak that resulted in three deaths.
dailybreeze.com,There is a hantavirus outbreak linked to a cruise ship.
independent.co.uk,The likelihood of illness on cruises due to hantavirus and norovirus is being discussed.
2026-05-05,The likelihood of illness on cruises due to hantavirus and norovirus is being discussed.
norovirus,The likelihood of illness on cruises due to hantavirus and norovirus is being discussed.
hantavirus,The likelihood of illness on cruises due to hantavirus and norovirus is being discussed.
cruises,The likelihood of illness on cruises due to hantavirus and norovirus is being discussed.
apnews.com,Reports on a hantavirus outbreak and its impact on public health.
2026-05-05,Reports on a hantavirus outbreak and its impact on public health.
public health,Reports on a hantavirus outbreak and its impact on public health.
hantavirus,Reports on a hantavirus outbreak and its impact on public health.
aljazeera.com,The WHO reports seven confirmed or suspected cases of hantavirus on a cruise.
2026-05-05,The WHO reports seven confirmed or suspected cases of hantavirus on a cruise.
cruise,The WHO reports seven confirmed or suspected cases of hantavirus on a cruise.
WHO,The WHO reports seven confirmed or suspected cases of hantavirus on a cruise.
cbsnews.com,An American stranded on a cruise ship affected by hantavirus is expressing concerns for safety.
2026-05-05,An American stranded on a cruise ship affected by hantavirus is expressing concerns for safety.
cruise ship,An American stranded on a cruise ship affected by hantavirus is expressing concerns for safety.
American,An American stranded on a cruise ship affected by hantavirus is expressing concerns for safety.
United States,An American stranded on a cruise ship affected by hantavirus is expressing concerns for safety.
North America,An American stranded on a cruise ship affected by hantavirus is expressing concerns for safety.
au.headtopics.com,Information about hantavirus and its symptoms is being explained.
2026-05-05,Information about hantavirus and its symptoms is being explained.
hantavirus,Information about hantavirus and its symptoms is being explained.
headtopics.com,Information about hantavirus and its symptoms is being explained.
co.headtopics.com,An outbreak of hantavirus aboard a cruise ship is being investigated by the WHO.
2026-05-05,An outbreak of hantavirus aboard a cruise ship is being investigated by the WHO.
cruise ship,An outbreak of hantavirus aboard a cruise ship is being investigated by the WHO.
hantavirus,An outbreak of hantavirus aboard a cruise ship is being investigated by the WHO.
WHO,An outbreak of hantavirus aboard a cruise ship is being investigated by the WHO.
headtopics.com,An outbreak of hantavirus aboard a cruise ship is being investigated by the WHO.
dk.headtopics.com,There is a risk associated with three deaths linked to hantavirus.
2026-05-05,There is a risk associated with three deaths linked to hantavirus.
hantavirus,There is a risk associated with three deaths linked to hantavirus.
headtopics.com,There is a risk associated with three deaths linked to hantavirus.
presstelegram.com,Hantavirus outbreak linked to a cruise ship.
2026-05-05,Hantavirus outbreak linked to a cruise ship.
cruise ship,Hantavirus outbreak linked to a cruise ship.
Hantavirus,Hantavirus outbreak linked to a cruise ship.
laopinion.com,"Three deaths on a cruise trigger a global alert about hantavirus, investigating human-to-human strain."
2026-05-05,"Three deaths on a cruise trigger a global alert about hantavirus, investigating human-to-human strain."
cruise,"Three deaths on a cruise trigger a global alert about hantavirus, investigating human-to-human strain."
hantavirus,"Three deaths on a cruise trigger a global alert about hantavirus, investigating human-to-human strain."
detroitnews.com,Explaining the hantavirus related to cruise ships.
2026-05-05,Explaining the hantavirus related to cruise ships.
independent.co.uk,There is an outbreak of hantavirus symptoms linked to a cruise ship.
2026-05-05,There is an outbreak of hantavirus symptoms linked to a cruise ship.
cruise ship,There is an outbreak of hantavirus symptoms linked to a cruise ship.
independent.co.uk,The MV Hondius is associated with a hantavirus outbreak on a cruise ship.
2026-05-05,The MV Hondius is associated with a hantavirus outbreak on a cruise ship.
cruise ship,The MV Hondius is associated with a hantavirus outbreak on a cruise ship.
hantavirus,The MV Hondius is associated with a hantavirus outbreak on a cruise ship.
MV Hondius,The MV Hondius is associated with a hantavirus outbreak on a cruise ship.
10news.com,Information about hantavirus related to a cruise ship quarantine.
2026-05-05,Information about hantavirus related to a cruise ship quarantine.
cruise ship,Information about hantavirus related to a cruise ship quarantine.
hantavirus,Information about hantavirus related to a cruise ship quarantine.
quarantine,Information about hantavirus related to a cruise ship quarantine.
univision.com,Inside view of a cruise ship that has been quarantined due to a hantavirus outbreak.
2026-05-05,Inside view of a cruise ship that has been quarantined due to a hantavirus outbreak.
cruise ship,Inside view of a cruise ship that has been quarantined due to a hantavirus outbreak.
marca.com,El Ministerio de Sanidad revisará el MV Hondius por un brote de hantavirus relacionado con los pasajeros.
2026-05-05,El Ministerio de Sanidad revisará el MV Hondius por un brote de hantavirus relacionado con los pasajeros.
MV Hondius,El Ministerio de Sanidad revisará el MV Hondius por un brote de hantavirus relacionado con los pasajeros.
Ministerio de Sanidad,El Ministerio de Sanidad revisará el MV Hondius por un brote de hantavirus relacionado con los pasajeros.
pasajeros,El Ministerio de Sanidad revisará el MV Hondius por un brote de hantavirus relacionado con los pasajeros.
independent.co.uk,A hantavirus outbreak occurred on the Oceanwide MV Hondius cruise ship.
2026-05-05,A hantavirus outbreak occurred on the Oceanwide MV Hondius cruise ship.
cruise ship,A hantavirus outbreak occurred on the Oceanwide MV Hondius cruise ship.
hantavirus,A hantavirus outbreak occurred on the Oceanwide MV Hondius cruise ship.
Oceanwide MV Hondius,A hantavirus outbreak occurred on the Oceanwide MV Hondius cruise ship.
wxyz.com,Information on hantavirus concerns following a cruise ship quarantine.
2026-05-05,Information on hantavirus concerns following a cruise ship quarantine.
cruise ship,Information on hantavirus concerns following a cruise ship quarantine.
hantavirus,Information on hantavirus concerns following a cruise ship quarantine.
infonews.ca,A hantavirus outbreak is linked to a specific cruise ship.
2026-05-05,A hantavirus outbreak is linked to a specific cruise ship.
cruise ship,A hantavirus outbreak is linked to a specific cruise ship.
hantavirus,A hantavirus outbreak is linked to a specific cruise ship.
fox17online.com,Information about hantavirus following a cruise ship quarantine
2026-05-05,Information about hantavirus following a cruise ship quarantine
cruise ship,Information about hantavirus following a cruise ship quarantine
hantavirus,Information about hantavirus following a cruise ship quarantine
ksl.com,Human-to-human transmission of hantavirus suspected on a cruise ship
2026-05-05,Human-to-human transmission of hantavirus suspected on a cruise ship
cruise ship,Human-to-human transmission of hantavirus suspected on a cruise ship
hantavirus,Human-to-human transmission of hantavirus suspected on a cruise ship
es.headtopics.com,Spain requests evacuation of hantavirus cases
2026-05-05,Spain requests evacuation of hantavirus cases
Spain,Spain requests evacuation of hantavirus cases
Europe,Spain requests evacuation of hantavirus cases
headtopics.com,Spain requests evacuation of hantavirus cases
mx.headtopics.com,Hantavirus outbreak quarantines cruise ship passengers
2026-05-05,Hantavirus outbreak quarantines cruise ship passengers
passengers,Hantavirus outbreak quarantines cruise ship passengers
cruise ship,Hantavirus outbreak quarantines cruise ship passengers
Hantavirus,Hantavirus outbreak quarantines cruise ship passengers
headtopics.com,Hantavirus outbreak quarantines cruise ship passengers
newsweek.com,An American blogger's emotional response to a hantavirus video
2026-05-05,An American blogger's emotional response to a hantavirus video
American blogger,An American blogger's emotional response to a hantavirus video
United States,An American blogger's emotional response to a hantavirus video
North America,An American blogger's emotional response to a hantavirus video
news.yahoo.com,Insights into a hantavirus outbreak on a cruise ship
2026-05-05,Insights into a hantavirus outbreak on a cruise ship
cruise ship,Insights into a hantavirus outbreak on a cruise ship
hantavirus,Insights into a hantavirus outbreak on a cruise ship
news.yahoo.com,Suspected hantavirus outbreak may be linked to humans
2026-05-05,Suspected hantavirus outbreak may be linked to humans
humans,Suspected hantavirus outbreak may be linked to humans
marca.com,Luxury interior of MV Hondius cruise linked to hantavirus outbreak and travel cost.
2026-05-05,Luxury interior of MV Hondius cruise linked to hantavirus outbreak and travel cost.
cruise,Luxury interior of MV Hondius cruise linked to hantavirus outbreak and travel cost.
hantavirus,Luxury interior of MV Hondius cruise linked to hantavirus outbreak and travel cost.
MV Hondius,Luxury interior of MV Hondius cruise linked to hantavirus outbreak and travel cost.
marca.com,Fernando Simón discusses the difficult risk of hantavirus transmission among people.
2026-05-05,Fernando Simón discusses the difficult risk of hantavirus transmission among people.
people,Fernando Simón discusses the difficult risk of hantavirus transmission among people.
hantavirus,Fernando Simón discusses the difficult risk of hantavirus transmission among people.
Fernando Simón,Fernando Simón discusses the difficult risk of hantavirus transmission among people.
cnnindonesia.com,"Hantavirus is spreading on a cruise ship, causing three deaths."
2026-05-05,"Hantavirus is spreading on a cruise ship, causing three deaths."
cruise ship,"Hantavirus is spreading on a cruise ship, causing three deaths."
Hantavirus,"Hantavirus is spreading on a cruise ship, causing three deaths."
univision.com,Information about hantavirus and its impact on a cruise outbreak.
2026-05-05,Information about hantavirus and its impact on a cruise outbreak.
kesq.com,"Human-to-human transmission of hantavirus is suspected on a cruise ship, according to WHO."
2026-05-05,"Human-to-human transmission of hantavirus is suspected on a cruise ship, according to WHO."
cruise ship,"Human-to-human transmission of hantavirus is suspected on a cruise ship, according to WHO."
hantavirus,"Human-to-human transmission of hantavirus is suspected on a cruise ship, according to WHO."
WHO,"Human-to-human transmission of hantavirus is suspected on a cruise ship, according to WHO."
nypost.com,A cruise ship is infected with a hantavirus strain that has a 40% mortality rate.
2026-05-05,A cruise ship is infected with a hantavirus strain that has a 40% mortality rate.
cruise ship,A cruise ship is infected with a hantavirus strain that has a 40% mortality rate.
hantavirus strain,A cruise ship is infected with a hantavirus strain that has a 40% mortality rate.
latimes.com,"There is an outbreak of hantavirus on a cruise ship, prompting a look inside the situation."
2026-05-05,"There is an outbreak of hantavirus on a cruise ship, prompting a look inside the situation."
cruise ship,"There is an outbreak of hantavirus on a cruise ship, prompting a look inside the situation."
abc7chicago.com,Suspected hantavirus outbreak may involve human transmission
2026-05-05,Suspected hantavirus outbreak may involve human transmission
hantavirus,Suspected hantavirus outbreak may involve human transmission
6abc.com,"There is a suspected hantavirus outbreak that may involve human transmission, according to officials."
2026-05-05,"There is a suspected hantavirus outbreak that may involve human transmission, according to officials."
officials,"There is a suspected hantavirus outbreak that may involve human transmission, according to officials."
abc7ny.com,Suspected hantavirus outbreak may have human transmission
2026-05-05,Suspected hantavirus outbreak may have human transmission
hantavirus,Suspected hantavirus outbreak may have human transmission
id.headtopics.com,Isolation of passengers on MV Hondius due to hantavirus outbreak
2026-05-05,Isolation of passengers on MV Hondius due to hantavirus outbreak
passengers,Isolation of passengers on MV Hondius due to hantavirus outbreak
MV Hondius,Isolation of passengers on MV Hondius due to hantavirus outbreak
headtopics.com,Isolation of passengers on MV Hondius due to hantavirus outbreak
ng.headtopics.com,Hantavirus outbreak on cruise ship with three reported deaths
2026-05-05,Hantavirus outbreak on cruise ship with three reported deaths
cruise ship,Hantavirus outbreak on cruise ship with three reported deaths
Hantavirus,Hantavirus outbreak on cruise ship with three reported deaths
headtopics.com,Hantavirus outbreak on cruise ship with three reported deaths
us.headtopics.com,Suspected hantavirus outbreak may have human-to-human transmission
2026-05-05,Suspected hantavirus outbreak may have human-to-human transmission
hantavirus,Suspected hantavirus outbreak may have human-to-human transmission
human,Suspected hantavirus outbreak may have human-to-human transmission
headtopics.com,Suspected hantavirus outbreak may have human-to-human transmission
marca.com,Fernando Simón discusses the difficulty of hantavirus transmission risks in individuals.
2026-05-05,Fernando Simón discusses the difficulty of hantavirus transmission risks in individuals.
Fernando Simón,Fernando Simón discusses the difficulty of hantavirus transmission risks in individuals.
abcnews.com,There is a suspected hantavirus outbreak aboard a cruise ship involving human-to-human transmission.
2026-05-05,There is a suspected hantavirus outbreak aboard a cruise ship involving human-to-human transmission.
cruise ship,There is a suspected hantavirus outbreak aboard a cruise ship involving human-to-human transmission.
hantavirus,There is a suspected hantavirus outbreak aboard a cruise ship involving human-to-human transmission.
human-to-human transmission,There is a suspected hantavirus outbreak aboard a cruise ship involving human-to-human transmission.
abcnews.go.com,There is a suspected hantavirus outbreak aboard a cruise ship involving human-to-human transmission.
abc7news.com,There may be human transmission of a suspected hantavirus outbreak.
2026-05-05,There may be human transmission of a suspected hantavirus outbreak.
hantavirus,There may be human transmission of a suspected hantavirus outbreak.
abc7.com,Possible human transmission of a suspected hantavirus outbreak
2026-05-05,Possible human transmission of a suspected hantavirus outbreak
hantavirus,Possible human transmission of a suspected hantavirus outbreak
cnnespanol.cnn.com,"Cruise tourists in Ushuaia, Argentina, are affected by hantavirus."
2026-05-05,"Cruise tourists in Ushuaia, Argentina, are affected by hantavirus."
Argentina,"Cruise tourists in Ushuaia, Argentina, are affected by hantavirus."
hantavirus,"Cruise tourists in Ushuaia, Argentina, are affected by hantavirus."
Ushuaia,"Cruise tourists in Ushuaia, Argentina, are affected by hantavirus."
Cruise tourists,"Cruise tourists in Ushuaia, Argentina, are affected by hantavirus."
South America,"Cruise tourists in Ushuaia, Argentina, are affected by hantavirus."
Tierra del Fuego,"Cruise tourists in Ushuaia, Argentina, are affected by hantavirus."
es.headtopics.com,An outbreak of hantavirus is occurring.
2026-05-05,An outbreak of hantavirus is occurring.
headtopics.com,An outbreak of hantavirus is occurring.
dailystar.co.uk,Doomed cruise ships are linked to the reason for hantavirus outbreaks.
2026-05-05,Doomed cruise ships are linked to the reason for hantavirus outbreaks.
cruise ships,Doomed cruise ships are linked to the reason for hantavirus outbreaks.
hantavirus outbreaks,Doomed cruise ships are linked to the reason for hantavirus outbreaks.
foxnews.com,A trapped cruise ship passenger is sharing an update on the cleanliness of the ship during a hantavirus outbreak.
2026-05-05,A trapped cruise ship passenger is sharing an update on the cleanliness of the ship during a hantavirus outbreak.
ship,A trapped cruise ship passenger is sharing an update on the cleanliness of the ship during a hantavirus outbreak.
cruise ship passenger,A trapped cruise ship passenger is sharing an update on the cleanliness of the ship during a hantavirus outbreak.
theguardian.com,Explains how hantavirus spreads and identifies those most at risk.
2026-05-05,Explains how hantavirus spreads and identifies those most at risk.
hantavirus,Explains how hantavirus spreads and identifies those most at risk.
those most at risk,Explains how hantavirus spreads and identifies those most at risk.
za.headtopics.com,Outbreak of hantavirus impacting a cruise ship
2026-05-05,Outbreak of hantavirus impacting a cruise ship
cruise ship,Outbreak of hantavirus impacting a cruise ship
headtopics.com,Outbreak of hantavirus impacting a cruise ship
kval.com,Information about a hantavirus outbreak linked to a cruise ship and its health implications.
2026-05-05,Information about a hantavirus outbreak linked to a cruise ship and its health implications.
cruise ship,Information about a hantavirus outbreak linked to a cruise ship and its health implications.
hantavirus,Information about a hantavirus outbreak linked to a cruise ship and its health implications.
news3lv.com,Information about a hantavirus outbreak linked to a cruise ship and its health implications.
elpais.com,The WHO has raised the number of suspected hantavirus cases on the cruise anchored in Cape Verde to seven.
2026-05-05,The WHO has raised the number of suspected hantavirus cases on the cruise anchored in Cape Verde to seven.
Cape Verde,The WHO has raised the number of suspected hantavirus cases on the cruise anchored in Cape Verde to seven.
WHO,The WHO has raised the number of suspected hantavirus cases on the cruise anchored in Cape Verde to seven.
Africa,The WHO has raised the number of suspected hantavirus cases on the cruise anchored in Cape Verde to seven.
theportlandmedium.com,"Human-to-human transmission of hantavirus is suspected on a cruise ship, according to the WHO."
2026-05-05,"Human-to-human transmission of hantavirus is suspected on a cruise ship, according to the WHO."
cruise ship,"Human-to-human transmission of hantavirus is suspected on a cruise ship, according to the WHO."
hantavirus,"Human-to-human transmission of hantavirus is suspected on a cruise ship, according to the WHO."
WHO,"Human-to-human transmission of hantavirus is suspected on a cruise ship, according to the WHO."
cbsnews.com,Health experts are concerned about the spread of hantavirus after a cruise ship outbreak.
2026-05-05,Health experts are concerned about the spread of hantavirus after a cruise ship outbreak.
cruise ship,Health experts are concerned about the spread of hantavirus after a cruise ship outbreak.
Health experts,Health experts are concerned about the spread of hantavirus after a cruise ship outbreak.
hantavirus,Health experts are concerned about the spread of hantavirus after a cruise ship outbreak.
mx.headtopics.com,information about hantavirus transmission
2026-05-05,information about hantavirus transmission
headtopics.com,information about hantavirus transmission
se.headtopics.com,hantavirus outbreak and crisis
2026-05-05,hantavirus outbreak and crisis
headtopics.com,hantavirus outbreak and crisis
yahoo.com/news,Hantavirus may spread on cruise ships.
2026-05-05,Hantavirus may spread on cruise ships.
cruise ships,Hantavirus may spread on cruise ships.
news.wttw.com,Rare hantavirus outbreak inside a cruise ship center
2026-05-05,Rare hantavirus outbreak inside a cruise ship center
cruise ship,Rare hantavirus outbreak inside a cruise ship center
hantavirus,Rare hantavirus outbreak inside a cruise ship center
abcnews.com,American speaks about cruise ship experience during hantavirus outbreak.
2026-05-05,American speaks about cruise ship experience during hantavirus outbreak.
cruise ship,American speaks about cruise ship experience during hantavirus outbreak.
American,American speaks about cruise ship experience during hantavirus outbreak.
United States,American speaks about cruise ship experience during hantavirus outbreak.
North America,American speaks about cruise ship experience during hantavirus outbreak.
abcnews.go.com,American speaks about cruise ship experience during hantavirus outbreak.
fox17online.com,Claims of suspected human-to-human transmission of hantavirus on a cruise ship
2026-05-05,Claims of suspected human-to-human transmission of hantavirus on a cruise ship
cruise ship,Claims of suspected human-to-human transmission of hantavirus on a cruise ship
hantavirus,Claims of suspected human-to-human transmission of hantavirus on a cruise ship
human-to-human transmission,Claims of suspected human-to-human transmission of hantavirus on a cruise ship
endtimeheadlines.org,WHO warns about potential human-to-human transmission of hantavirus on a cruise ship.
2026-05-05,WHO warns about potential human-to-human transmission of hantavirus on a cruise ship.
cruise ship,WHO warns about potential human-to-human transmission of hantavirus on a cruise ship.
WHO,WHO warns about potential human-to-human transmission of hantavirus on a cruise ship.
ca.headtopics.com,Suspected hantavirus cases to be evacuated from cruise ship
2026-05-05,Suspected hantavirus cases to be evacuated from cruise ship
cruise ship,Suspected hantavirus cases to be evacuated from cruise ship
hantavirus,Suspected hantavirus cases to be evacuated from cruise ship
headtopics.com,Suspected hantavirus cases to be evacuated from cruise ship
es.headtopics.com,Three hantavirus cases reported on cruise
2026-05-05,Three hantavirus cases reported on cruise
cruise,Three hantavirus cases reported on cruise
hantavirus,Three hantavirus cases reported on cruise
headtopics.com,Three hantavirus cases reported on cruise
ph.headtopics.com,WHO tracing passengers after hantavirus death on cruise
2026-05-05,WHO tracing passengers after hantavirus death on cruise
passengers,WHO tracing passengers after hantavirus death on cruise
cruise,WHO tracing passengers after hantavirus death on cruise
hantavirus,WHO tracing passengers after hantavirus death on cruise
WHO,WHO tracing passengers after hantavirus death on cruise
headtopics.com,WHO tracing passengers after hantavirus death on cruise
uk.headtopics.com,Hantavirus may have been transmitted through rare human-to-human contact.
2026-05-05,Hantavirus may have been transmitted through rare human-to-human contact.
headtopics.com,Hantavirus may have been transmitted through rare human-to-human contact.
whdh.com,A cruise ship is at the center of a rare hantavirus outbreak.
2026-05-05,A cruise ship is at the center of a rare hantavirus outbreak.
cruise ship,A cruise ship is at the center of a rare hantavirus outbreak.
hantavirus,A cruise ship is at the center of a rare hantavirus outbreak.
co.headtopics.com,Hantavirus-infected individuals will be evacuated from the cruise ship.
2026-05-05,Hantavirus-infected individuals will be evacuated from the cruise ship.
cruise ship,Hantavirus-infected individuals will be evacuated from the cruise ship.
Hantavirus-infected individuals,Hantavirus-infected individuals will be evacuated from the cruise ship.
headtopics.com,Hantavirus-infected individuals will be evacuated from the cruise ship.
es.headtopics.com,The hantavirus outbreak at sea poses a test for.
2026-05-05,The hantavirus outbreak at sea poses a test for.
headtopics.com,The hantavirus outbreak at sea poses a test for.
pt.headtopics.com,The WHO is seeking passengers from the flight with a hantavirus-infected individual.
2026-05-05,The WHO is seeking passengers from the flight with a hantavirus-infected individual.
passengers,The WHO is seeking passengers from the flight with a hantavirus-infected individual.
flight,The WHO is seeking passengers from the flight with a hantavirus-infected individual.
WHO,The WHO is seeking passengers from the flight with a hantavirus-infected individual.
hantavirus-infected individual,The WHO is seeking passengers from the flight with a hantavirus-infected individual.
headtopics.com,The WHO is seeking passengers from the flight with a hantavirus-infected individual.
bostonglobe.com,A Boston travel influencer was linked to a hantavirus outbreak on a cruise ship.
2026-05-05,A Boston travel influencer was linked to a hantavirus outbreak on a cruise ship.
cruise ship,A Boston travel influencer was linked to a hantavirus outbreak on a cruise ship.
hantavirus outbreak,A Boston travel influencer was linked to a hantavirus outbreak on a cruise ship.
Boston travel influencer,A Boston travel influencer was linked to a hantavirus outbreak on a cruise ship.
Massachusetts,A Boston travel influencer was linked to a hantavirus outbreak on a cruise ship.
United States,A Boston travel influencer was linked to a hantavirus outbreak on a cruise ship.
North America,A Boston travel influencer was linked to a hantavirus outbreak on a cruise ship.
Boston,A Boston travel influencer was linked to a hantavirus outbreak on a cruise ship.
boston.com,A Boston travel influencer was linked to a hantavirus outbreak on a cruise ship.
2026-05-05,A hantavirus outbreak occurred on a cruise ship.
apnews.com,A timeline of a hantavirus outbreak linked to a cruise ship.
2026-05-05,A timeline of a hantavirus outbreak linked to a cruise ship.
cruise ship,A timeline of a hantavirus outbreak linked to a cruise ship.
hantavirus,A timeline of a hantavirus outbreak linked to a cruise ship.
wbur.org,There is an outbreak of hantavirus.
2026-05-05,There is an outbreak of hantavirus.
ksl.com,A suspected hantavirus outbreak on a cruise ship raises questions among health officials.
2026-05-05,A suspected hantavirus outbreak on a cruise ship raises questions among health officials.
cruise ship,A suspected hantavirus outbreak on a cruise ship raises questions among health officials.
health officials,A suspected hantavirus outbreak on a cruise ship raises questions among health officials.
hantavirus,A suspected hantavirus outbreak on a cruise ship raises questions among health officials.
cbc.ca,Human transmission of hantavirus is discussed
2026-05-05,Human transmission of hantavirus is discussed
hantavirus,Human transmission of hantavirus is discussed
human,Human transmission of hantavirus is discussed
the-independent.com,There has been an outbreak of hantavirus linked to a cruise ship.
2026-05-05,There has been an outbreak of hantavirus linked to a cruise ship.
cruise ship,There has been an outbreak of hantavirus linked to a cruise ship.
hantavirus,There has been an outbreak of hantavirus linked to a cruise ship.
nypost.com,There are alarming truths regarding the hantavirus outbreak related to cruise passengers.
2026-05-05,There are alarming truths regarding the hantavirus outbreak related to cruise passengers.
cruise passengers,There are alarming truths regarding the hantavirus outbreak related to cruise passengers.
palmbeachpost.com,A hantavirus outbreak negatively impacts the Florida cruise industry's image
2026-05-05,A hantavirus outbreak negatively impacts the Florida cruise industry's image
hantavirus,A hantavirus outbreak negatively impacts the Florida cruise industry's image
Florida cruise industry,A hantavirus outbreak negatively impacts the Florida cruise industry's image
Florida,A hantavirus outbreak negatively impacts the Florida cruise industry's image
United States,A hantavirus outbreak negatively impacts the Florida cruise industry's image
North America,A hantavirus outbreak negatively impacts the Florida cruise industry's image
10news.com,Human-to-human transmission suspected in hantavirus outbreak aboard a cruise ship.
2026-05-05,Human-to-human transmission suspected in hantavirus outbreak aboard a cruise ship.
cruise ship,Human-to-human transmission suspected in hantavirus outbreak aboard a cruise ship.
hantavirus,Human-to-human transmission suspected in hantavirus outbreak aboard a cruise ship.
wbur.org,Report on a hantavirus outbreak
2026-05-05,Report on a hantavirus outbreak
npr.org,Report on a hantavirus outbreak
hindustantimes.com,Suspected hantavirus cases to be evacuated from a cruise ship.
2026-05-05,Suspected hantavirus cases to be evacuated from a cruise ship.
cruise ship,Suspected hantavirus cases to be evacuated from a cruise ship.
hantavirus,Suspected hantavirus cases to be evacuated from a cruise ship.
gizmodo.com,Report on the hantavirus outbreak related to a cruise ship
2026-05-05,Report on the hantavirus outbreak related to a cruise ship
latimes.com,Informational article about hantavirus and what to know
2026-05-05,Informational article about hantavirus and what to know
es.headtopics.com,Cruise affected by hantavirus outbreak will be welcomed.
2026-05-05,Cruise affected by hantavirus outbreak will be welcomed.
Cruise,Cruise affected by hantavirus outbreak will be welcomed.
hantavirus outbreak,Cruise affected by hantavirus outbreak will be welcomed.
headtopics.com,Cruise affected by hantavirus outbreak will be welcomed.
es.headtopics.com,Spain accepts to receive cruise with hantavirus outbreak.
2026-05-05,Spain accepts to receive cruise with hantavirus outbreak.
cruise,Spain accepts to receive cruise with hantavirus outbreak.
Spain,Spain accepts to receive cruise with hantavirus outbreak.
Europe,Spain accepts to receive cruise with hantavirus outbreak.
headtopics.com,Spain accepts to receive cruise with hantavirus outbreak.
uk.headtopics.com,Cruise ship affected by hantavirus where three have died will travel.
2026-05-05,Cruise ship affected by hantavirus where three have died will travel.
cruise ship,Cruise ship affected by hantavirus where three have died will travel.
headtopics.com,Cruise ship affected by hantavirus where three have died will travel.
us.headtopics.com,Hantavirus likely spread person-to-person on cruise ship.
2026-05-05,Hantavirus likely spread person-to-person on cruise ship.
cruise ship,Hantavirus likely spread person-to-person on cruise ship.
Hantavirus,Hantavirus likely spread person-to-person on cruise ship.
headtopics.com,Hantavirus likely spread person-to-person on cruise ship.
de.headtopics.com,Casualties reported on a cruise ship due to hantavirus.
2026-05-05,Casualties reported on a cruise ship due to hantavirus.
cruise ship,Casualties reported on a cruise ship due to hantavirus.
headtopics.com,Casualties reported on a cruise ship due to hantavirus.
nypost.com,Health experts suggest passengers of MV Hondius quarantine for up to 8 weeks due to hantavirus outbreak.
2026-05-05,Health experts suggest passengers of MV Hondius quarantine for up to 8 weeks due to hantavirus outbreak.
passengers,Health experts suggest passengers of MV Hondius quarantine for up to 8 weeks due to hantavirus outbreak.
Health experts,Health experts suggest passengers of MV Hondius quarantine for up to 8 weeks due to hantavirus outbreak.
MV Hondius,Health experts suggest passengers of MV Hondius quarantine for up to 8 weeks due to hantavirus outbreak.
houstonpublicmedia.org,Discusses a cruise ship incident where hantavirus may have lead to rare human-to-human transmission.
2026-05-05,Discusses a cruise ship incident where hantavirus may have lead to rare human-to-human transmission.
cruise ship,Discusses a cruise ship incident where hantavirus may have lead to rare human-to-human transmission.
hantavirus,Discusses a cruise ship incident where hantavirus may have lead to rare human-to-human transmission.
apnews.com,The atmosphere on board the ship during a hantavirus outbreak is relatively good.
2026-05-05,The atmosphere on board the ship during a hantavirus outbreak is relatively good.
hantavirus outbreak,The atmosphere on board the ship during a hantavirus outbreak is relatively good.
the ship,The atmosphere on board the ship during a hantavirus outbreak is relatively good.
co.headtopics.com,Discusses hantavirus and the alert generated by a possible case.
2026-05-05,Discusses hantavirus and the alert generated by a possible case.
hantavirus,Discusses hantavirus and the alert generated by a possible case.
headtopics.com,Discusses hantavirus and the alert generated by a possible case.
ph.headtopics.com,Hantavirus outbreak on luxury cruise ship MV Hondius.
2026-05-05,Hantavirus outbreak on luxury cruise ship MV Hondius.
MV Hondius,Hantavirus outbreak on luxury cruise ship MV Hondius.
Hantavirus,Hantavirus outbreak on luxury cruise ship MV Hondius.
luxury cruise ship,Hantavirus outbreak on luxury cruise ship MV Hondius.
headtopics.com,Hantavirus outbreak on luxury cruise ship MV Hondius.
nbcnews.com,"There is a hantavirus outbreak linked to the MV Hondius cruise ship, as explained by a WHO expert."
2026-05-05,"There is a hantavirus outbreak linked to the MV Hondius cruise ship, as explained by a WHO expert."
hantavirus,"There is a hantavirus outbreak linked to the MV Hondius cruise ship, as explained by a WHO expert."
WHO,"There is a hantavirus outbreak linked to the MV Hondius cruise ship, as explained by a WHO expert."
MV Hondius,"There is a hantavirus outbreak linked to the MV Hondius cruise ship, as explained by a WHO expert."
theatlantic.com,The article discusses a hantavirus outbreak related to a cruise.
2026-05-05,The article discusses a hantavirus outbreak related to a cruise.
cruise,The article discusses a hantavirus outbreak related to a cruise.
hantavirus,The article discusses a hantavirus outbreak related to a cruise.
it.headtopics.com,Cruise ship hit by hantavirus heads towards
2026-05-06,Cruise ship hit by hantavirus heads towards
cruise ship,Cruise ship hit by hantavirus heads towards
hantavirus,Cruise ship hit by hantavirus heads towards
headtopics.com,Cruise ship hit by hantavirus heads towards
boston.com,A Boston travel influencer is trapped on a cruise ship facing a deadly hantavirus outbreak.
2026-05-06,A Boston travel influencer is trapped on a cruise ship facing a deadly hantavirus outbreak.
cruise ship,A Boston travel influencer is trapped on a cruise ship facing a deadly hantavirus outbreak.
hantavirus,A Boston travel influencer is trapped on a cruise ship facing a deadly hantavirus outbreak.
Boston travel influencer,A Boston travel influencer is trapped on a cruise ship facing a deadly hantavirus outbreak.
Massachusetts,A Boston travel influencer is trapped on a cruise ship facing a deadly hantavirus outbreak.
United States,A Boston travel influencer is trapped on a cruise ship facing a deadly hantavirus outbreak.
North America,A Boston travel influencer is trapped on a cruise ship facing a deadly hantavirus outbreak.
Boston,A Boston travel influencer is trapped on a cruise ship facing a deadly hantavirus outbreak.
cbc.ca,There is information about hantavirus transmission between humans.
2026-05-06,There is information about hantavirus transmission between humans.
hantavirus,There is information about hantavirus transmission between humans.
es.headtopics.com,Hantavirus in Argentina has caused 198 deaths in 13 years and an outbreak.
2026-05-06,Hantavirus in Argentina has caused 198 deaths in 13 years and an outbreak.
Argentina,Hantavirus in Argentina has caused 198 deaths in 13 years and an outbreak.
Hantavirus,Hantavirus in Argentina has caused 198 deaths in 13 years and an outbreak.
South America,Hantavirus in Argentina has caused 198 deaths in 13 years and an outbreak.
headtopics.com,Hantavirus in Argentina has caused 198 deaths in 13 years and an outbreak.
sgtreport.com,A hantavirus outbreak has resulted in the deaths of three people on a cruise ship.
2026-05-06,A hantavirus outbreak has resulted in the deaths of three people on a cruise ship.
people,A hantavirus outbreak has resulted in the deaths of three people on a cruise ship.
cruise ship,A hantavirus outbreak has resulted in the deaths of three people on a cruise ship.
hantavirus,A hantavirus outbreak has resulted in the deaths of three people on a cruise ship.
co.headtopics.com,Information on hantavirus symptoms and alerts.
2026-05-06,Information on hantavirus symptoms and alerts.
headtopics.com,Information on hantavirus symptoms and alerts.
uk.headtopics.com,A cruise ship linked to hantavirus cases highlights zoonotic disease risks.
2026-05-06,A cruise ship linked to hantavirus cases highlights zoonotic disease risks.
cruise ship,A cruise ship linked to hantavirus cases highlights zoonotic disease risks.
hantavirus,A cruise ship linked to hantavirus cases highlights zoonotic disease risks.
zoonotic disease,A cruise ship linked to hantavirus cases highlights zoonotic disease risks.
headtopics.com,A cruise ship linked to hantavirus cases highlights zoonotic disease risks.
at.headtopics.com,Hantavirus outbreak on a cruise ship resulted in three deaths.
2026-05-06,Hantavirus outbreak on a cruise ship resulted in three deaths.
cruise ship,Hantavirus outbreak on a cruise ship resulted in three deaths.
Hantavirus,Hantavirus outbreak on a cruise ship resulted in three deaths.
headtopics.com,Hantavirus outbreak on a cruise ship resulted in three deaths.
au.headtopics.com,Concerns raised about a hantavirus outbreak on a cruise ship.
2026-05-06,Concerns raised about a hantavirus outbreak on a cruise ship.
cruise ship,Concerns raised about a hantavirus outbreak on a cruise ship.
hantavirus,Concerns raised about a hantavirus outbreak on a cruise ship.
headtopics.com,Concerns raised about a hantavirus outbreak on a cruise ship.
au.headtopics.com,A luxury cruise ship is affected by a hantavirus outbreak.
2026-05-06,A luxury cruise ship is affected by a hantavirus outbreak.
luxury cruise ship,A luxury cruise ship is affected by a hantavirus outbreak.
headtopics.com,A luxury cruise ship is affected by a hantavirus outbreak.
co.headtopics.com,Hantavirus outbreak results in deaths and infections.
2026-05-06,Hantavirus outbreak results in deaths and infections.
headtopics.com,Hantavirus outbreak results in deaths and infections.
live-kesq.pantheonsite.io,Three people are to be evacuated from a cruise ship affected by hantavirus.
2026-05-06,Three people are to be evacuated from a cruise ship affected by hantavirus.
people,Three people are to be evacuated from a cruise ship affected by hantavirus.
cruise ship,Three people are to be evacuated from a cruise ship affected by hantavirus.
knkx.org,A cruise ship may have experienced a rare incident of human-to-human hantavirus transmission.
2026-05-06,A cruise ship may have experienced a rare incident of human-to-human hantavirus transmission.
cruise ship,A cruise ship may have experienced a rare incident of human-to-human hantavirus transmission.
at.headtopics.com,Hantavirus outbreak on a cruise ship
2026-05-06,Hantavirus outbreak on a cruise ship
cruise ship,Hantavirus outbreak on a cruise ship
Hantavirus,Hantavirus outbreak on a cruise ship
headtopics.com,Hantavirus outbreak on a cruise ship
ch.headtopics.com,Hantavirus detected on Hondius cruise ship
2026-05-06,Hantavirus detected on Hondius cruise ship
cruise ship,Hantavirus detected on Hondius cruise ship
Hantavirus,Hantavirus detected on Hondius cruise ship
Hondius,Hantavirus detected on Hondius cruise ship
Honduras,Hantavirus detected on Hondius cruise ship
North America,Hantavirus detected on Hondius cruise ship
headtopics.com,Hantavirus detected on Hondius cruise ship
es.headtopics.com,Possible hantavirus outbreak on a luxury cruise
2026-05-06,Possible hantavirus outbreak on a luxury cruise
hantavirus,Possible hantavirus outbreak on a luxury cruise
luxury cruise,Possible hantavirus outbreak on a luxury cruise
headtopics.com,Possible hantavirus outbreak on a luxury cruise
co.headtopics.com,Cruise route affected by hantavirus where fatalities occurred
2026-05-06,Cruise route affected by hantavirus where fatalities occurred
hantavirus,Cruise route affected by hantavirus where fatalities occurred
Cruise route,Cruise route affected by hantavirus where fatalities occurred
headtopics.com,Cruise route affected by hantavirus where fatalities occurred
nl.headtopics.com,Suspected hantavirus outbreak on a Dutch cruise ship.
2026-05-06,Suspected hantavirus outbreak on a Dutch cruise ship.
cruise ship,Suspected hantavirus outbreak on a Dutch cruise ship.
hantavirus,Suspected hantavirus outbreak on a Dutch cruise ship.
Europe,Suspected hantavirus outbreak on a Dutch cruise ship.
Netherlands,Suspected hantavirus outbreak on a Dutch cruise ship.
headtopics.com,Suspected hantavirus outbreak on a Dutch cruise ship.
elpais.com,Reporting on the latest news about a hantavirus outbreak on the MV Hondius cruise ship.
2026-05-06,Reporting on the latest news about a hantavirus outbreak on the MV Hondius cruise ship.
cruise ship,Reporting on the latest news about a hantavirus outbreak on the MV Hondius cruise ship.
MV Hondius,Reporting on the latest news about a hantavirus outbreak on the MV Hondius cruise ship.
independent.co.uk,Hantavirus outbreak linked to cruise ship in Cape Verde
2026-05-06,Hantavirus outbreak linked to cruise ship in Cape Verde
cruise ship,Hantavirus outbreak linked to cruise ship in Cape Verde
Cape Verde,Hantavirus outbreak linked to cruise ship in Cape Verde
Hantavirus,Hantavirus outbreak linked to cruise ship in Cape Verde
Africa,Hantavirus outbreak linked to cruise ship in Cape Verde
kesq.com,"Report on life aboard a cruise ship affected by hantavirus, including masks and solo activities."
2026-05-06,"Report on life aboard a cruise ship affected by hantavirus, including masks and solo activities."
cruise ship,"Report on life aboard a cruise ship affected by hantavirus, including masks and solo activities."
activities,"Report on life aboard a cruise ship affected by hantavirus, including masks and solo activities."
masks,"Report on life aboard a cruise ship affected by hantavirus, including masks and solo activities."
marca.com,"The first symptoms of hantavirus can be confused with the flu, alerting doctors."
2026-05-06,"The first symptoms of hantavirus can be confused with the flu, alerting doctors."
doctors,"The first symptoms of hantavirus can be confused with the flu, alerting doctors."
es.headtopics.com,Alert for hantavirus on Dutch cruise ship
2026-05-06,Alert for hantavirus on Dutch cruise ship
Dutch cruise ship,Alert for hantavirus on Dutch cruise ship
Europe,Alert for hantavirus on Dutch cruise ship
Netherlands,Alert for hantavirus on Dutch cruise ship
headtopics.com,Alert for hantavirus on Dutch cruise ship
fr.headtopics.com,Fatal hantavirus case reported on a cruise ship
2026-05-06,Fatal hantavirus case reported on a cruise ship
cruise ship,Fatal hantavirus case reported on a cruise ship
hantavirus,Fatal hantavirus case reported on a cruise ship
headtopics.com,Fatal hantavirus case reported on a cruise ship
ph.headtopics.com,Suspected hantavirus cases to be evacuated from cruise ship
2026-05-06,Suspected hantavirus cases to be evacuated from cruise ship
live-kesq.pantheonsite.io,"Life aboard a hantavirus-hit cruise ship involving masks, movies, and solo walks."
2026-05-06,"Life aboard a hantavirus-hit cruise ship involving masks, movies, and solo walks."
cruise ship,"Life aboard a hantavirus-hit cruise ship involving masks, movies, and solo walks."
yahoo.com/news,Two cases of hantavirus transmission to humans reported.
2026-05-06,Two cases of hantavirus transmission to humans reported.
humans,Two cases of hantavirus transmission to humans reported.
hantavirus,Two cases of hantavirus transmission to humans reported.
independent.co.uk,Report on hantavirus infections linked to a cruise ship in Antarctica
2026-05-06,Report on hantavirus infections linked to a cruise ship in Antarctica
cruise ship,Report on hantavirus infections linked to a cruise ship in Antarctica
Antarctica,Report on hantavirus infections linked to a cruise ship in Antarctica
hantavirus infections,Report on hantavirus infections linked to a cruise ship in Antarctica
br.headtopics.com,Passengers infected with hantavirus are being removed
2026-05-06,Passengers infected with hantavirus are being removed
Passengers,Passengers infected with hantavirus are being removed
headtopics.com,Passengers infected with hantavirus are being removed
elpais.com,There are ongoing news updates or information regarding hantavirus.
2026-05-06,There are ongoing news updates or information regarding hantavirus.
hantavirus,There are ongoing news updates or information regarding hantavirus.
independent.co.uk,Hantavirus outbreak linked to a cruise ship in the Canary Islands
2026-05-06,Hantavirus outbreak linked to a cruise ship in the Canary Islands
cruise ship,Hantavirus outbreak linked to a cruise ship in the Canary Islands
Canary Islands,Hantavirus outbreak linked to a cruise ship in the Canary Islands
Hantavirus,Hantavirus outbreak linked to a cruise ship in the Canary Islands
Europe,Hantavirus outbreak linked to a cruise ship in the Canary Islands
Spain,Hantavirus outbreak linked to a cruise ship in the Canary Islands
corriere.it,Confirmation of the Andes strain of hantavirus in two deceased individuals.
2026-05-06,Confirmation of the Andes strain of hantavirus in two deceased individuals.
individuals,Confirmation of the Andes strain of hantavirus in two deceased individuals.
hantavirus,Confirmation of the Andes strain of hantavirus in two deceased individuals.
Andes strain,Confirmation of the Andes strain of hantavirus in two deceased individuals.
ar.headtopics.com,Hantavirus outbreak on Dutch cruise ship with two cases
2026-05-06,Hantavirus outbreak on Dutch cruise ship with two cases
Hantavirus,Hantavirus outbreak on Dutch cruise ship with two cases
Dutch cruise ship,Hantavirus outbreak on Dutch cruise ship with two cases
Europe,Hantavirus outbreak on Dutch cruise ship with two cases
Netherlands,Hantavirus outbreak on Dutch cruise ship with two cases
headtopics.com,Hantavirus outbreak on Dutch cruise ship with two cases
it.headtopics.com,"Hantavirus confirmed, Andes strain for two people"
2026-05-06,"Hantavirus confirmed, Andes strain for two people"
two people,"Hantavirus confirmed, Andes strain for two people"
Hantavirus,"Hantavirus confirmed, Andes strain for two people"
Andes strain,"Hantavirus confirmed, Andes strain for two people"
headtopics.com,"Hantavirus confirmed, Andes strain for two people"
no.headtopics.com,Canary Islands refuse to allow cruise ship with hantavirus outbreak to dock
2026-05-06,Canary Islands refuse to allow cruise ship with hantavirus outbreak to dock
cruise ship,Canary Islands refuse to allow cruise ship with hantavirus outbreak to dock
Canary Islands,Canary Islands refuse to allow cruise ship with hantavirus outbreak to dock
Europe,Canary Islands refuse to allow cruise ship with hantavirus outbreak to dock
Spain,Canary Islands refuse to allow cruise ship with hantavirus outbreak to dock
headtopics.com,Canary Islands refuse to allow cruise ship with hantavirus outbreak to dock
ch.headtopics.com,The first hantavirus case in Switzerland has been reported involving a man in Zurich.
2026-05-06,The first hantavirus case in Switzerland has been reported involving a man in Zurich.
man,The first hantavirus case in Switzerland has been reported involving a man in Zurich.
Switzerland,The first hantavirus case in Switzerland has been reported involving a man in Zurich.
hantavirus,The first hantavirus case in Switzerland has been reported involving a man in Zurich.
Zurich,The first hantavirus case in Switzerland has been reported involving a man in Zurich.
Europe,The first hantavirus case in Switzerland has been reported involving a man in Zurich.
headtopics.com,The first hantavirus case in Switzerland has been reported involving a man in Zurich.
ch.headtopics.com,The first hantavirus case in Switzerland has occurred after a trip to South America.
2026-05-06,The first hantavirus case in Switzerland has occurred after a trip to South America.
Switzerland,The first hantavirus case in Switzerland has occurred after a trip to South America.
South America,The first hantavirus case in Switzerland has occurred after a trip to South America.
Europe,The first hantavirus case in Switzerland has occurred after a trip to South America.
headtopics.com,The first hantavirus case in Switzerland has occurred after a trip to South America.
ch.headtopics.com,A patient infected with hantavirus in Switzerland is currently isolated.
2026-05-06,A patient infected with hantavirus in Switzerland is currently isolated.
patient,A patient infected with hantavirus in Switzerland is currently isolated.
Switzerland,A patient infected with hantavirus in Switzerland is currently isolated.
hantavirus,A patient infected with hantavirus in Switzerland is currently isolated.
Europe,A patient infected with hantavirus in Switzerland is currently isolated.
headtopics.com,A patient infected with hantavirus in Switzerland is currently isolated.
lemonde.fr,A passenger on a cruise ship is hospitalized due to hantavirus.
2026-05-06,A passenger on a cruise ship is hospitalized due to hantavirus.
passenger,A passenger on a cruise ship is hospitalized due to hantavirus.
cruise ship,A passenger on a cruise ship is hospitalized due to hantavirus.
be.headtopics.com,Two passengers on the ship are infected with hantavirus.
2026-05-06,Two passengers on the ship are infected with hantavirus.
passengers,Two passengers on the ship are infected with hantavirus.
ship,Two passengers on the ship are infected with hantavirus.
headtopics.com,Two passengers on the ship are infected with hantavirus.
ca.headtopics.com,WHO is investigating a hantavirus outbreak on a stranded cruise ship.
2026-05-06,WHO is investigating a hantavirus outbreak on a stranded cruise ship.
cruise ship,WHO is investigating a hantavirus outbreak on a stranded cruise ship.
WHO,WHO is investigating a hantavirus outbreak on a stranded cruise ship.
headtopics.com,WHO is investigating a hantavirus outbreak on a stranded cruise ship.
hindustantimes.com,Hantavirus outbreak on a cruise ship has increased to 8 cases
2026-05-06,Hantavirus outbreak on a cruise ship has increased to 8 cases
cruise ship,Hantavirus outbreak on a cruise ship has increased to 8 cases
Hantavirus,Hantavirus outbreak on a cruise ship has increased to 8 cases
marca.com,Canary Islands government denounces misinformation from the Spanish government regarding a cruise and hantavirus cases.
2026-05-06,Canary Islands government denounces misinformation from the Spanish government regarding a cruise and hantavirus cases.
Spanish government,Canary Islands government denounces misinformation from the Spanish government regarding a cruise and hantavirus cases.
Canary Islands government,Canary Islands government denounces misinformation from the Spanish government regarding a cruise and hantavirus cases.
Europe,Canary Islands government denounces misinformation from the Spanish government regarding a cruise and hantavirus cases.
Spain,Canary Islands government denounces misinformation from the Spanish government regarding a cruise and hantavirus cases.
Canary Islands,Canary Islands government denounces misinformation from the Spanish government regarding a cruise and hantavirus cases.
at.headtopics.com,Hantavirus outbreak on a ship leads to dramatic rescue.
2026-05-06,Hantavirus outbreak on a ship leads to dramatic rescue.
rescue,Hantavirus outbreak on a ship leads to dramatic rescue.
ship,Hantavirus outbreak on a ship leads to dramatic rescue.
Hantavirus,Hantavirus outbreak on a ship leads to dramatic rescue.
headtopics.com,Hantavirus outbreak on a ship leads to dramatic rescue.
ca.headtopics.com,Hantavirus outbreak on cruise ship affects passengers.
2026-05-06,Hantavirus outbreak on cruise ship affects passengers.
passengers,Hantavirus outbreak on cruise ship affects passengers.
cruise ship,Hantavirus outbreak on cruise ship affects passengers.
Hantavirus,Hantavirus outbreak on cruise ship affects passengers.
headtopics.com,Hantavirus outbreak on cruise ship affects passengers.
es.headtopics.com,Latest news on hantavirus from the MV Hondius cruise.
2026-05-06,Latest news on hantavirus from the MV Hondius cruise.
hantavirus,Latest news on hantavirus from the MV Hondius cruise.
MV Hondius,Latest news on hantavirus from the MV Hondius cruise.
headtopics.com,Latest news on hantavirus from the MV Hondius cruise.
ie.headtopics.com,Hantavirus cruise ship turned away from Canary Islands.
2026-05-06,Hantavirus cruise ship turned away from Canary Islands.
cruise ship,Hantavirus cruise ship turned away from Canary Islands.
Canary Islands,Hantavirus cruise ship turned away from Canary Islands.
Hantavirus,Hantavirus cruise ship turned away from Canary Islands.
Europe,Hantavirus cruise ship turned away from Canary Islands.
Spain,Hantavirus cruise ship turned away from Canary Islands.
headtopics.com,Hantavirus cruise ship turned away from Canary Islands.
ph.headtopics.com,DOH states human to human hantavirus transmission is rare.
2026-05-06,DOH states human to human hantavirus transmission is rare.
DOH,DOH states human to human hantavirus transmission is rare.
headtopics.com,DOH states human to human hantavirus transmission is rare.
ph.headtopics.com,Luxury cruise ship hit by deadly hantavirus outbreak.
2026-05-06,Luxury cruise ship hit by deadly hantavirus outbreak.
luxury cruise ship,Luxury cruise ship hit by deadly hantavirus outbreak.
headtopics.com,Luxury cruise ship hit by deadly hantavirus outbreak.
us.headtopics.com,"Three evacuated from hantavirus cruise ship, new case confirmed."
2026-05-06,"Three evacuated from hantavirus cruise ship, new case confirmed."
cruise ship,"Three evacuated from hantavirus cruise ship, new case confirmed."
hantavirus,"Three evacuated from hantavirus cruise ship, new case confirmed."
headtopics.com,"Three evacuated from hantavirus cruise ship, new case confirmed."
elpais.com,The hantavirus sparks a political battle between the government and the Canary Islands
2026-05-06,The hantavirus sparks a political battle between the government and the Canary Islands
government,The hantavirus sparks a political battle between the government and the Canary Islands
hantavirus,The hantavirus sparks a political battle between the government and the Canary Islands
Canary Islands,The hantavirus sparks a political battle between the government and the Canary Islands
Europe,The hantavirus sparks a political battle between the government and the Canary Islands
Spain,The hantavirus sparks a political battle between the government and the Canary Islands
elpais.com,A video overview of the hantavirus crisis scenarios
2026-05-06,A video overview of the hantavirus crisis scenarios
hantavirus,A video overview of the hantavirus crisis scenarios
crisis scenarios,A video overview of the hantavirus crisis scenarios
infonews.ca,Hantavirus strain capable of human transmission found in cruise ship passengers
2026-05-06,Hantavirus strain capable of human transmission found in cruise ship passengers
cruise ship passengers,Hantavirus strain capable of human transmission found in cruise ship passengers
Hantavirus,Hantavirus strain capable of human transmission found in cruise ship passengers
whdh.com,WHO reports evacuation of 3 suspected hantavirus patients from cruise ship
2026-05-06,WHO reports evacuation of 3 suspected hantavirus patients from cruise ship
cruise ship,WHO reports evacuation of 3 suspected hantavirus patients from cruise ship
hantavirus,WHO reports evacuation of 3 suspected hantavirus patients from cruise ship
WHO,WHO reports evacuation of 3 suspected hantavirus patients from cruise ship
infonews.ca,WHO reports that three suspected hantavirus patients were evacuated from a cruise ship to the Netherlands.
2026-05-06,WHO reports that three suspected hantavirus patients were evacuated from a cruise ship to the Netherlands.
cruise ship,WHO reports that three suspected hantavirus patients were evacuated from a cruise ship to the Netherlands.
patients,WHO reports that three suspected hantavirus patients were evacuated from a cruise ship to the Netherlands.
WHO,WHO reports that three suspected hantavirus patients were evacuated from a cruise ship to the Netherlands.
Netherlands,WHO reports that three suspected hantavirus patients were evacuated from a cruise ship to the Netherlands.
Europe,WHO reports that three suspected hantavirus patients were evacuated from a cruise ship to the Netherlands.
independent.co.uk,A passenger on a cruise ship has a video related to hantavirus.
2026-05-06,A passenger on a cruise ship has a video related to hantavirus.
passenger,A passenger on a cruise ship has a video related to hantavirus.
cruise ship,A passenger on a cruise ship has a video related to hantavirus.
statnews.com,Hantavirus outbreak linked to cruise ship during World Cup
2026-05-06,Hantavirus outbreak linked to cruise ship during World Cup
cruise ship,Hantavirus outbreak linked to cruise ship during World Cup
World Cup,Hantavirus outbreak linked to cruise ship during World Cup
Hantavirus,Hantavirus outbreak linked to cruise ship during World Cup
electoral-vote.com,Hantavirus outbreak linked to cruise ship during World Cup
ksl.com,"Human-to-human transmission of hantavirus is suspected aboard a cruise ship, according to WHO."
2026-05-06,"Human-to-human transmission of hantavirus is suspected aboard a cruise ship, according to WHO."
cruise ship,"Human-to-human transmission of hantavirus is suspected aboard a cruise ship, according to WHO."
hantavirus,"Human-to-human transmission of hantavirus is suspected aboard a cruise ship, according to WHO."
WHO,"Human-to-human transmission of hantavirus is suspected aboard a cruise ship, according to WHO."
news.yahoo.com,News about a hantavirus outbreak on a cruise ship
2026-05-06,News about a hantavirus outbreak on a cruise ship
cruise ship,News about a hantavirus outbreak on a cruise ship
hantavirus,News about a hantavirus outbreak on a cruise ship
cbsnews.com,New case of hantavirus reported on a cruise ship in the Canary Islands linked to Switzerland
2026-05-06,New case of hantavirus reported on a cruise ship in the Canary Islands linked to Switzerland
cruise ship,New case of hantavirus reported on a cruise ship in the Canary Islands linked to Switzerland
Switzerland,New case of hantavirus reported on a cruise ship in the Canary Islands linked to Switzerland
Canary Islands,New case of hantavirus reported on a cruise ship in the Canary Islands linked to Switzerland
Europe,New case of hantavirus reported on a cruise ship in the Canary Islands linked to Switzerland
Spain,New case of hantavirus reported on a cruise ship in the Canary Islands linked to Switzerland
abc7chicago.com,Three people were evacuated from a cruise ship due to a suspected hantavirus cluster.
2026-05-06,Three people were evacuated from a cruise ship due to a suspected hantavirus cluster.
three people,Three people were evacuated from a cruise ship due to a suspected hantavirus cluster.
cruise ship,Three people were evacuated from a cruise ship due to a suspected hantavirus cluster.
abc7news.com,Report on evacuation due to suspected hantavirus on a cruise ship
2026-05-06,Report on evacuation due to suspected hantavirus on a cruise ship
cruise ship,Report on evacuation due to suspected hantavirus on a cruise ship
marca.com,Carlos Herrera reacts to Fernando Simón's reappearance regarding hantavirus concerns.
2026-05-06,Carlos Herrera reacts to Fernando Simón's reappearance regarding hantavirus concerns.
Carlos Herrera,Carlos Herrera reacts to Fernando Simón's reappearance regarding hantavirus concerns.
Fernando Simón,Carlos Herrera reacts to Fernando Simón's reappearance regarding hantavirus concerns.
dailystar.co.uk,Outbreak of hantavirus on a cruise ship leading to fatalities
2026-05-06,Outbreak of hantavirus on a cruise ship leading to fatalities
cruise ship,Outbreak of hantavirus on a cruise ship leading to fatalities
de.headtopics.com,"Hantavirus outbreak on a cruise ship, experts warn."
2026-05-06,"Hantavirus outbreak on a cruise ship, experts warn."
cruise ship,"Hantavirus outbreak on a cruise ship, experts warn."
experts,"Hantavirus outbreak on a cruise ship, experts warn."
Hantavirus,"Hantavirus outbreak on a cruise ship, experts warn."
headtopics.com,"Hantavirus outbreak on a cruise ship, experts warn."
ph.headtopics.com,Human-to-human hantavirus strain confirmed in cruise passengers.
2026-05-06,Human-to-human hantavirus strain confirmed in cruise passengers.
cruise passengers,Human-to-human hantavirus strain confirmed in cruise passengers.
headtopics.com,Human-to-human hantavirus strain confirmed in cruise passengers.
sg.headtopics.com,Evacuations from a cruise ship with a hantavirus outbreak.
2026-05-06,Evacuations from a cruise ship with a hantavirus outbreak.
cruise ship,Evacuations from a cruise ship with a hantavirus outbreak.
headtopics.com,Evacuations from a cruise ship with a hantavirus outbreak.
us.headtopics.com,Three evacuated from a cruise ship suspected of hantavirus.
2026-05-06,Three evacuated from a cruise ship suspected of hantavirus.
cruise ship,Three evacuated from a cruise ship suspected of hantavirus.
headtopics.com,Three evacuated from a cruise ship suspected of hantavirus.
whdh.com,Patients with hantavirus evacuated to the Netherlands as cruise ship heads to Spain.
2026-05-06,Patients with hantavirus evacuated to the Netherlands as cruise ship heads to Spain.
cruise ship,Patients with hantavirus evacuated to the Netherlands as cruise ship heads to Spain.
Patients,Patients with hantavirus evacuated to the Netherlands as cruise ship heads to Spain.
Spain,Patients with hantavirus evacuated to the Netherlands as cruise ship heads to Spain.
hantavirus,Patients with hantavirus evacuated to the Netherlands as cruise ship heads to Spain.
Netherlands,Patients with hantavirus evacuated to the Netherlands as cruise ship heads to Spain.
Europe,Patients with hantavirus evacuated to the Netherlands as cruise ship heads to Spain.
6abc.com,Three people were evacuated from a cruise ship due to a suspected hantavirus cluster.
people,Three people were evacuated from a cruise ship due to a suspected hantavirus cluster.
yahoo.com/news,Three people were evacuated from a cruise ship due to hantavirus.
2026-05-06,Three people were evacuated from a cruise ship due to hantavirus.
three people,Three people were evacuated from a cruise ship due to hantavirus.
cruise ship,Three people were evacuated from a cruise ship due to hantavirus.
abc7ny.com,Three individuals were evacuated from a cruise ship due to a suspected hantavirus cluster.
2026-05-06,Three individuals were evacuated from a cruise ship due to a suspected hantavirus cluster.
individuals,Three individuals were evacuated from a cruise ship due to a suspected hantavirus cluster.
cruise ship,Three individuals were evacuated from a cruise ship due to a suspected hantavirus cluster.
10news.com,Sick passengers evacuated from cruise ship amid hantavirus outbreak.
2026-05-06,Sick passengers evacuated from cruise ship amid hantavirus outbreak.
passengers,Sick passengers evacuated from cruise ship amid hantavirus outbreak.
cruise ship,Sick passengers evacuated from cruise ship amid hantavirus outbreak.
abcnews.com,Three individuals were evacuated from a cruise ship due to a suspected hantavirus cluster.
abcnews.go.com,Three individuals were evacuated from a cruise ship due to a suspected hantavirus cluster.
dailystar.co.uk,"Hantavirus has reached Europe, and there is a first patient reported."
2026-05-06,"Hantavirus has reached Europe, and there is a first patient reported."
patient,"Hantavirus has reached Europe, and there is a first patient reported."
Europe,"Hantavirus has reached Europe, and there is a first patient reported."
Hantavirus,"Hantavirus has reached Europe, and there is a first patient reported."
whdh.com,"Three patients were evacuated from a cruise ship due to a hantavirus outbreak, with a new case confirmed in Switzerland."
2026-05-06,"Three patients were evacuated from a cruise ship due to a hantavirus outbreak, with a new case confirmed in Switzerland."
cruise ship,"Three patients were evacuated from a cruise ship due to a hantavirus outbreak, with a new case confirmed in Switzerland."
patients,"Three patients were evacuated from a cruise ship due to a hantavirus outbreak, with a new case confirmed in Switzerland."
Switzerland,"Three patients were evacuated from a cruise ship due to a hantavirus outbreak, with a new case confirmed in Switzerland."
hantavirus,"Three patients were evacuated from a cruise ship due to a hantavirus outbreak, with a new case confirmed in Switzerland."
Europe,"Three patients were evacuated from a cruise ship due to a hantavirus outbreak, with a new case confirmed in Switzerland."
lemonde.fr,Information regarding hantavirus
2026-05-06,Information regarding hantavirus
lemonde.fr,"Essential information about hantaviruses, including origin, transmission methods, and potential symptoms"
2026-05-06,"Essential information about hantaviruses, including origin, transmission methods, and potential symptoms"
949thebridge.com,Some human-to-human transmission is possible in a hantavirus outbreak aboard a cruise ship.
2026-05-06,Some human-to-human transmission is possible in a hantavirus outbreak aboard a cruise ship.
cruise ship,Some human-to-human transmission is possible in a hantavirus outbreak aboard a cruise ship.
hantavirus,Some human-to-human transmission is possible in a hantavirus outbreak aboard a cruise ship.
bostonherald.com,Patients infected with hantavirus evacuated from a cruise ship
2026-05-06,Patients infected with hantavirus evacuated from a cruise ship
cruise ship,Patients infected with hantavirus evacuated from a cruise ship
Patients,Patients infected with hantavirus evacuated from a cruise ship
fox17online.com,Sick passengers were evacuated from a cruise ship due to a hantavirus outbreak.
2026-05-06,Sick passengers were evacuated from a cruise ship due to a hantavirus outbreak.
passengers,Sick passengers were evacuated from a cruise ship due to a hantavirus outbreak.
cruise ship,Sick passengers were evacuated from a cruise ship due to a hantavirus outbreak.
ar.headtopics.com,"Hantavirus outbreak on MV Hondius, three sick evacuated."
2026-05-06,"Hantavirus outbreak on MV Hondius, three sick evacuated."
MV Hondius,"Hantavirus outbreak on MV Hondius, three sick evacuated."
Hantavirus,"Hantavirus outbreak on MV Hondius, three sick evacuated."
headtopics.com,"Hantavirus outbreak on MV Hondius, three sick evacuated."
at.headtopics.com,"Hantavirus outbreak on cruise ship, three fatalities."
2026-05-06,"Hantavirus outbreak on cruise ship, three fatalities."
cruise ship,"Hantavirus outbreak on cruise ship, three fatalities."
Hantavirus,"Hantavirus outbreak on cruise ship, three fatalities."
headtopics.com,"Hantavirus outbreak on cruise ship, three fatalities."
za.headtopics.com,MPs raise alarm over border health gaps after hantavirus detection.
2026-05-06,MPs raise alarm over border health gaps after hantavirus detection.
MPs,MPs raise alarm over border health gaps after hantavirus detection.
hantavirus,MPs raise alarm over border health gaps after hantavirus detection.
border health,MPs raise alarm over border health gaps after hantavirus detection.
headtopics.com,MPs raise alarm over border health gaps after hantavirus detection.
infonews.ca,"A hantavirus outbreak has led to the evacuation of patients from a cruise ship, with a new case confirmed in Switzerland."
2026-05-06,"A hantavirus outbreak has led to the evacuation of patients from a cruise ship, with a new case confirmed in Switzerland."
cruise ship,"A hantavirus outbreak has led to the evacuation of patients from a cruise ship, with a new case confirmed in Switzerland."
patients,"A hantavirus outbreak has led to the evacuation of patients from a cruise ship, with a new case confirmed in Switzerland."
Switzerland,"A hantavirus outbreak has led to the evacuation of patients from a cruise ship, with a new case confirmed in Switzerland."
hantavirus,"A hantavirus outbreak has led to the evacuation of patients from a cruise ship, with a new case confirmed in Switzerland."
Europe,"A hantavirus outbreak has led to the evacuation of patients from a cruise ship, with a new case confirmed in Switzerland."
cbc.ca,A ship is connected to hantavirus outbreak related to the Andes strain.
2026-05-06,A ship is connected to hantavirus outbreak related to the Andes strain.
hantavirus,A ship is connected to hantavirus outbreak related to the Andes strain.
Andes strain,A ship is connected to hantavirus outbreak related to the Andes strain.
abc7.com,3 people were evacuated from a cruise ship due to a suspected hantavirus cluster.
2026-05-06,3 people were evacuated from a cruise ship due to a suspected hantavirus cluster.
people,3 people were evacuated from a cruise ship due to a suspected hantavirus cluster.
cruise ship,3 people were evacuated from a cruise ship due to a suspected hantavirus cluster.
news.ssbcrack.com,Passengers on the MV Hondius are facing quarantine due to a hantavirus outbreak.
2026-05-06,Passengers on the MV Hondius are facing quarantine due to a hantavirus outbreak.
Passengers,Passengers on the MV Hondius are facing quarantine due to a hantavirus outbreak.
MV Hondius,Passengers on the MV Hondius are facing quarantine due to a hantavirus outbreak.
wxyz.com,Sick passengers were evacuated from a cruise ship due to a hantavirus outbreak.
ar.headtopics.com,Three patients suspected of having hantavirus
2026-05-06,Three patients suspected of having hantavirus
patients,Three patients suspected of having hantavirus
headtopics.com,Three patients suspected of having hantavirus
co.headtopics.com,Confirmation of hantavirus causing 3 deaths on a cruise
2026-05-06,Confirmation of hantavirus causing 3 deaths on a cruise
headtopics.com,Confirmation of hantavirus causing 3 deaths on a cruise
co.headtopics.com,Hantavirus causes three deaths on a cruise
2026-05-06,Hantavirus causes three deaths on a cruise
cruise,Hantavirus causes three deaths on a cruise
Hantavirus,Hantavirus causes three deaths on a cruise
headtopics.com,Hantavirus causes three deaths on a cruise
foxnews.com,A Swiss man has tested positive for hantavirus after returning from a cruise associated with a deadly outbreak.
2026-05-06,A Swiss man has tested positive for hantavirus after returning from a cruise associated with a deadly outbreak.
cruise,A Swiss man has tested positive for hantavirus after returning from a cruise associated with a deadly outbreak.
hantavirus,A Swiss man has tested positive for hantavirus after returning from a cruise associated with a deadly outbreak.
Swiss man,A Swiss man has tested positive for hantavirus after returning from a cruise associated with a deadly outbreak.
Europe,A Swiss man has tested positive for hantavirus after returning from a cruise associated with a deadly outbreak.
Switzerland,A Swiss man has tested positive for hantavirus after returning from a cruise associated with a deadly outbreak.
dailystar.co.uk,Fears regarding a cruise ship outbreak of hantavirus
2026-05-06,Fears regarding a cruise ship outbreak of hantavirus
cruise ship,Fears regarding a cruise ship outbreak of hantavirus
hantavirus,Fears regarding a cruise ship outbreak of hantavirus
dailymail.com,"Hantavirus has caused three deaths on a cruise ship, leading to discussion about the symptoms and effects of the virus."
2026-05-06,"Hantavirus has caused three deaths on a cruise ship, leading to discussion about the symptoms and effects of the virus."
cruise ship,"Hantavirus has caused three deaths on a cruise ship, leading to discussion about the symptoms and effects of the virus."
Hantavirus,"Hantavirus has caused three deaths on a cruise ship, leading to discussion about the symptoms and effects of the virus."
dailymail.co.uk,"Hantavirus has caused three deaths on a cruise ship, leading to discussion about the symptoms and effects of the virus."
marca.com,There are similarities and differences between hantavirus and coronavirus.
2026-05-06,There are similarities and differences between hantavirus and coronavirus.
hantavirus,There are similarities and differences between hantavirus and coronavirus.
coronavirus,There are similarities and differences between hantavirus and coronavirus.
at.headtopics.com,Hantavirus outbreak on the cruise ship Hondius
2026-05-06,Hantavirus outbreak on the cruise ship Hondius
cruise ship,Hantavirus outbreak on the cruise ship Hondius
Hantavirus,Hantavirus outbreak on the cruise ship Hondius
Hondius,Hantavirus outbreak on the cruise ship Hondius
headtopics.com,Hantavirus outbreak on the cruise ship Hondius
au.headtopics.com,Crisis aboard MV Hondius due to deadly hantavirus outbreak
2026-05-06,Crisis aboard MV Hondius due to deadly hantavirus outbreak
MV Hondius,Crisis aboard MV Hondius due to deadly hantavirus outbreak
headtopics.com,Crisis aboard MV Hondius due to deadly hantavirus outbreak
dk.headtopics.com,Infectious hantavirus affects cruise passengers
2026-05-06,Infectious hantavirus affects cruise passengers
cruise passengers,Infectious hantavirus affects cruise passengers
headtopics.com,Infectious hantavirus affects cruise passengers
es.headtopics.com,The 14 Spaniards on board the cruise affected by hantavirus
2026-05-06,The 14 Spaniards on board the cruise affected by hantavirus
cruise,The 14 Spaniards on board the cruise affected by hantavirus
Spaniards,The 14 Spaniards on board the cruise affected by hantavirus
Europe,The 14 Spaniards on board the cruise affected by hantavirus
Spain,The 14 Spaniards on board the cruise affected by hantavirus
headtopics.com,The 14 Spaniards on board the cruise affected by hantavirus
fr.headtopics.com,The vessel Hondius sails towards the Canary Islands due to hantavirus
2026-05-06,The vessel Hondius sails towards the Canary Islands due to hantavirus
hantavirus,The vessel Hondius sails towards the Canary Islands due to hantavirus
Canary Islands,The vessel Hondius sails towards the Canary Islands due to hantavirus
Hondius,The vessel Hondius sails towards the Canary Islands due to hantavirus
North America,The vessel Hondius sails towards the Canary Islands due to hantavirus
Europe,The vessel Hondius sails towards the Canary Islands due to hantavirus
Spain,The vessel Hondius sails towards the Canary Islands due to hantavirus
headtopics.com,The vessel Hondius sails towards the Canary Islands due to hantavirus
infonews.ca,Three patients are being evacuated to Europe from a cruise ship due to a hantavirus outbreak.
2026-05-06,Three patients are being evacuated to Europe from a cruise ship due to a hantavirus outbreak.
cruise ship,Three patients are being evacuated to Europe from a cruise ship due to a hantavirus outbreak.
Europe,Three patients are being evacuated to Europe from a cruise ship due to a hantavirus outbreak.
patients,Three patients are being evacuated to Europe from a cruise ship due to a hantavirus outbreak.
hantavirus outbreak,Three patients are being evacuated to Europe from a cruise ship due to a hantavirus outbreak.
univision.com,"A cruise ship with hantavirus is experiencing human-to-human transmission, prompting the evacuation of patients for medical attention."
2026-05-06,"A cruise ship with hantavirus is experiencing human-to-human transmission, prompting the evacuation of patients for medical attention."
cruise ship,"A cruise ship with hantavirus is experiencing human-to-human transmission, prompting the evacuation of patients for medical attention."
patients,"A cruise ship with hantavirus is experiencing human-to-human transmission, prompting the evacuation of patients for medical attention."
news.yahoo.com,There are more suspected cases of hantavirus on a cruise ship.
2026-05-06,There are more suspected cases of hantavirus on a cruise ship.
cruise ship,There are more suspected cases of hantavirus on a cruise ship.
elpais.com,The Andes virus is the only strain of hantavirus that is transmitted from person to person.
2026-05-06,The Andes virus is the only strain of hantavirus that is transmitted from person to person.
hantavirus,The Andes virus is the only strain of hantavirus that is transmitted from person to person.
Andes virus,The Andes virus is the only strain of hantavirus that is transmitted from person to person.
elpais.com,Breaking news on the hantavirus outbreak on the MV Hondius cruise ship.
2026-05-06,Breaking news on the hantavirus outbreak on the MV Hondius cruise ship.
cruise ship,Breaking news on the hantavirus outbreak on the MV Hondius cruise ship.
hantavirus,Breaking news on the hantavirus outbreak on the MV Hondius cruise ship.
MV Hondius,Breaking news on the hantavirus outbreak on the MV Hondius cruise ship.
hindustantimes.com,"A hantavirus case has been confirmed in Switzerland, raising concerns about human-to-human transmission."
2026-05-06,"A hantavirus case has been confirmed in Switzerland, raising concerns about human-to-human transmission."
Switzerland,"A hantavirus case has been confirmed in Switzerland, raising concerns about human-to-human transmission."
hantavirus,"A hantavirus case has been confirmed in Switzerland, raising concerns about human-to-human transmission."
Europe,"A hantavirus case has been confirmed in Switzerland, raising concerns about human-to-human transmission."
independent.co.uk,Report about hantavirus outbreak on a cruise ship amid COVID-19 concerns.
2026-05-06,Report about hantavirus outbreak on a cruise ship amid COVID-19 concerns.
cruise ship,Report about hantavirus outbreak on a cruise ship amid COVID-19 concerns.
COVID-19,Report about hantavirus outbreak on a cruise ship amid COVID-19 concerns.
hantavirus,Report about hantavirus outbreak on a cruise ship amid COVID-19 concerns.
thailandmedical.news,Announcement of a new hantavirus strain linked to deaths and infections on a cruise ship.
2026-05-06,Announcement of a new hantavirus strain linked to deaths and infections on a cruise ship.
cruise ship,Announcement of a new hantavirus strain linked to deaths and infections on a cruise ship.
hantavirus,Announcement of a new hantavirus strain linked to deaths and infections on a cruise ship.
rense.com,Announcement of a new hantavirus strain linked to deaths and infections on a cruise ship.
cuidateplus.marca.com,Claims that there has been no evidence of hantavirus transmission between people according to WHO.
2026-05-06,Claims that there has been no evidence of hantavirus transmission between people according to WHO.
WHO,Claims that there has been no evidence of hantavirus transmission between people according to WHO.
marca.com,Claims that there has been no evidence of hantavirus transmission between people according to WHO.
marca.com,"Discusses similarities and differences between hantavirus and coronavirus, highlighting transmission and incubation."
2026-05-06,"Discusses similarities and differences between hantavirus and coronavirus, highlighting transmission and incubation."
cbsnews.com,"Two passengers on a hantavirus-stricken cruise ship have a rare strain, according to health officials."
2026-05-06,"Two passengers on a hantavirus-stricken cruise ship have a rare strain, according to health officials."
passengers,"Two passengers on a hantavirus-stricken cruise ship have a rare strain, according to health officials."
health officials,"Two passengers on a hantavirus-stricken cruise ship have a rare strain, according to health officials."
hantavirus-stricken cruise ship,"Two passengers on a hantavirus-stricken cruise ship have a rare strain, according to health officials."
huffingtonpost.co.uk,Explanation of hantavirus by a doctor
2026-05-06,Explanation of hantavirus by a doctor
doctor,Explanation of hantavirus by a doctor
it.headtopics.com,Reports on a new hantavirus infection on a vessel with three patients.
2026-05-06,Reports on a new hantavirus infection on a vessel with three patients.
vessel,Reports on a new hantavirus infection on a vessel with three patients.
patients,Reports on a new hantavirus infection on a vessel with three patients.
headtopics.com,Reports on a new hantavirus infection on a vessel with three patients.
cbsnews.com,New case of hantavirus reported linked to cruise ship in the Canary Islands.
2026-05-06,New case of hantavirus reported linked to cruise ship in the Canary Islands.
cruise ship,New case of hantavirus reported linked to cruise ship in the Canary Islands.
Canary Islands,New case of hantavirus reported linked to cruise ship in the Canary Islands.
Europe,New case of hantavirus reported linked to cruise ship in the Canary Islands.
Spain,New case of hantavirus reported linked to cruise ship in the Canary Islands.
cbsnews.com/sanfrancisco,New case of hantavirus reported linked to cruise ship in the Canary Islands.
ksl.com,Three patients are being evacuated to Europe due to a hantavirus outbreak on a cruise ship.
2026-05-06,Three patients are being evacuated to Europe due to a hantavirus outbreak on a cruise ship.
cruise ship,Three patients are being evacuated to Europe due to a hantavirus outbreak on a cruise ship.
Europe,Three patients are being evacuated to Europe due to a hantavirus outbreak on a cruise ship.
patients,Three patients are being evacuated to Europe due to a hantavirus outbreak on a cruise ship.
hantavirus,Three patients are being evacuated to Europe due to a hantavirus outbreak on a cruise ship.
ch.headtopics.com,Drame sur le MS Hondius : épidémie mortelle de hantavirus
2026-05-06,Drame sur le MS Hondius : épidémie mortelle de hantavirus
hantavirus,Drame sur le MS Hondius : épidémie mortelle de hantavirus
MS Hondius,Drame sur le MS Hondius : épidémie mortelle de hantavirus
headtopics.com,Drame sur le MS Hondius : épidémie mortelle de hantavirus
es.headtopics.com,Identification d'une souche andine de hantavirus dans une épidémie mortelle
2026-05-06,Identification d'une souche andine de hantavirus dans une épidémie mortelle
souche andine de hantavirus,Identification d'une souche andine de hantavirus dans une épidémie mortelle
headtopics.com,Identification d'une souche andine de hantavirus dans une épidémie mortelle
fr.headtopics.com,Qu'est-ce que le hantavirus qui a tué trois personnes ?
2026-05-06,Qu'est-ce que le hantavirus qui a tué trois personnes ?
hantavirus,Qu'est-ce que le hantavirus qui a tué trois personnes ?
trois personnes,Qu'est-ce que le hantavirus qui a tué trois personnes ?
headtopics.com,Qu'est-ce que le hantavirus qui a tué trois personnes ?
my.headtopics.com,Trois morts suite à une épidémie de hantavirus sur un croiseur de luxe
2026-05-06,Trois morts suite à une épidémie de hantavirus sur un croiseur de luxe
hantavirus,Trois morts suite à une épidémie de hantavirus sur un croiseur de luxe
croiseur de luxe,Trois morts suite à une épidémie de hantavirus sur un croiseur de luxe
headtopics.com,Trois morts suite à une épidémie de hantavirus sur un croiseur de luxe
lemonde.fr,"A cruise ship carrying hantavirus cases is docking in Granadilla, Canary Islands, according to the Spanish health minister."
2026-05-06,"A cruise ship carrying hantavirus cases is docking in Granadilla, Canary Islands, according to the Spanish health minister."
cruise ship,"A cruise ship carrying hantavirus cases is docking in Granadilla, Canary Islands, according to the Spanish health minister."
Canary Islands,"A cruise ship carrying hantavirus cases is docking in Granadilla, Canary Islands, according to the Spanish health minister."
hantavirus cases,"A cruise ship carrying hantavirus cases is docking in Granadilla, Canary Islands, according to the Spanish health minister."
Granadilla,"A cruise ship carrying hantavirus cases is docking in Granadilla, Canary Islands, according to the Spanish health minister."
Spanish health minister,"A cruise ship carrying hantavirus cases is docking in Granadilla, Canary Islands, according to the Spanish health minister."
Europe,"A cruise ship carrying hantavirus cases is docking in Granadilla, Canary Islands, according to the Spanish health minister."
Spain,"A cruise ship carrying hantavirus cases is docking in Granadilla, Canary Islands, according to the Spanish health minister."
laopinion.com,Identification of Andean strain of hantavirus transmitted between humans in a deadly outbreak
2026-05-06,Identification of Andean strain of hantavirus transmitted between humans in a deadly outbreak
Andean strain of hantavirus,Identification of Andean strain of hantavirus transmitted between humans in a deadly outbreak
news.yahoo.com,3 patients suspected of hantavirus evacuated
2026-05-06,3 patients suspected of hantavirus evacuated
patients,3 patients suspected of hantavirus evacuated
washingtonpost.com,Hantavirus outbreak on a cruise ship in Spain.
2026-05-06,Hantavirus outbreak on a cruise ship in Spain.
cruise ship,Hantavirus outbreak on a cruise ship in Spain.
Spain,Hantavirus outbreak on a cruise ship in Spain.
Hantavirus,Hantavirus outbreak on a cruise ship in Spain.
Europe,Hantavirus outbreak on a cruise ship in Spain.
alltop.com,Hantavirus outbreak on a cruise ship in Spain.
cbsnews.com,"There has been an outbreak of hantavirus on a cruise ship, with another case reported in Switzerland."
2026-05-06,"There has been an outbreak of hantavirus on a cruise ship, with another case reported in Switzerland."
cruise ship,"There has been an outbreak of hantavirus on a cruise ship, with another case reported in Switzerland."
Switzerland,"There has been an outbreak of hantavirus on a cruise ship, with another case reported in Switzerland."
hantavirus,"There has been an outbreak of hantavirus on a cruise ship, with another case reported in Switzerland."
Europe,"There has been an outbreak of hantavirus on a cruise ship, with another case reported in Switzerland."
abc7.com,Evacuation of patients from a cruise due to hantavirus cases
2026-05-06,Evacuation of patients from a cruise due to hantavirus cases
patients,Evacuation of patients from a cruise due to hantavirus cases
cruise,Evacuation of patients from a cruise due to hantavirus cases
alaskapublic.org,A cruise ship is waiting for assistance after three people died from a suspected hantavirus outbreak.
2026-05-06,A cruise ship is waiting for assistance after three people died from a suspected hantavirus outbreak.
people,A cruise ship is waiting for assistance after three people died from a suspected hantavirus outbreak.
cruise ship,A cruise ship is waiting for assistance after three people died from a suspected hantavirus outbreak.
es.headtopics.com,WHO searching for the zero patient for hantavirus
2026-05-06,WHO searching for the zero patient for hantavirus
hantavirus,WHO searching for the zero patient for hantavirus
WHO,WHO searching for the zero patient for hantavirus
headtopics.com,WHO searching for the zero patient for hantavirus
aljazeera.com,Spain allows hantavirus-affected cruise ship to dock
2026-05-06,Spain allows hantavirus-affected cruise ship to dock
cruise ship,Spain allows hantavirus-affected cruise ship to dock
Spain,Spain allows hantavirus-affected cruise ship to dock
Europe,Spain allows hantavirus-affected cruise ship to dock
alltop.com,Spain allows hantavirus-affected cruise ship to dock
cnnespanol.cnn.com,Hantavirus strain present in Argentina
2026-05-06,Hantavirus strain present in Argentina
Argentina,Hantavirus strain present in Argentina
Hantavirus,Hantavirus strain present in Argentina
South America,Hantavirus strain present in Argentina
dailystar.co.uk,Sources report a hantavirus outbreak on ships
2026-05-06,Sources report a hantavirus outbreak on ships
sources,Sources report a hantavirus outbreak on ships
ships,Sources report a hantavirus outbreak on ships
hantavirus,Sources report a hantavirus outbreak on ships
es.headtopics.com,"There's an outbreak of Andes virus on a cruise, a strain of hantavirus."
2026-05-06,"There's an outbreak of Andes virus on a cruise, a strain of hantavirus."
cruise,"There's an outbreak of Andes virus on a cruise, a strain of hantavirus."
hantavirus,"There's an outbreak of Andes virus on a cruise, a strain of hantavirus."
Andes virus,"There's an outbreak of Andes virus on a cruise, a strain of hantavirus."
headtopics.com,"There's an outbreak of Andes virus on a cruise, a strain of hantavirus."
es.headtopics.com,Progress of the hantavirus outbreak is being reported.
2026-05-06,Progress of the hantavirus outbreak is being reported.
headtopics.com,Progress of the hantavirus outbreak is being reported.
ie.headtopics.com,A person nearly died from hantavirus after inhaling dust on a cruise.
2026-05-06,A person nearly died from hantavirus after inhaling dust on a cruise.
person,A person nearly died from hantavirus after inhaling dust on a cruise.
cruise,A person nearly died from hantavirus after inhaling dust on a cruise.
headtopics.com,A person nearly died from hantavirus after inhaling dust on a cruise.
pt.headtopics.com,The WHO reveals the eighth case of hantavirus in the outbreak.
2026-05-06,The WHO reveals the eighth case of hantavirus in the outbreak.
hantavirus,The WHO reveals the eighth case of hantavirus in the outbreak.
outbreak,The WHO reveals the eighth case of hantavirus in the outbreak.
WHO,The WHO reveals the eighth case of hantavirus in the outbreak.
headtopics.com,The WHO reveals the eighth case of hantavirus in the outbreak.
dailyrecord.co.uk,There is a potential hantavirus outbreak linked to a cruise ship.
2026-05-06,There is a potential hantavirus outbreak linked to a cruise ship.
cruise ship,There is a potential hantavirus outbreak linked to a cruise ship.
laopinion.com,Spain will receive a cruise affected by a hantavirus outbreak to evacuate passengers.
2026-05-06,Spain will receive a cruise affected by a hantavirus outbreak to evacuate passengers.
passengers,Spain will receive a cruise affected by a hantavirus outbreak to evacuate passengers.
cruise,Spain will receive a cruise affected by a hantavirus outbreak to evacuate passengers.
Spain,Spain will receive a cruise affected by a hantavirus outbreak to evacuate passengers.
Europe,Spain will receive a cruise affected by a hantavirus outbreak to evacuate passengers.
ar.headtopics.com,Information about hantavirus outbreak
2026-05-06,Information about hantavirus outbreak
headtopics.com,Information about hantavirus outbreak
mx.headtopics.com,Evacuations due to hantavirus suspects
2026-05-06,Evacuations due to hantavirus suspects
evacuations,Evacuations due to hantavirus suspects
hantavirus suspects,Evacuations due to hantavirus suspects
headtopics.com,Evacuations due to hantavirus suspects
gizmodo.com,A possible case of hantavirus related to a cruise ship outbreak
2026-05-06,A possible case of hantavirus related to a cruise ship outbreak
cruise ship,A possible case of hantavirus related to a cruise ship outbreak
hantavirus,A possible case of hantavirus related to a cruise ship outbreak
huffpost.com,Report on a hantavirus outbreak linked to a boat.
2026-05-06,Report on a hantavirus outbreak linked to a boat.
boat,Report on a hantavirus outbreak linked to a boat.
hantavirus,Report on a hantavirus outbreak linked to a boat.
endtimeheadlines.org,Officials are taking emergency measures to prevent the spread of hantavirus.
2026-05-06,Officials are taking emergency measures to prevent the spread of hantavirus.
Officials,Officials are taking emergency measures to prevent the spread of hantavirus.
thelibertydaily.com,Officials are taking emergency measures to prevent the spread of hantavirus.
yahoo.com/news,There is a rise in hantavirus cases in Argentina.
2026-05-06,There is a rise in hantavirus cases in Argentina.
Argentina,There is a rise in hantavirus cases in Argentina.
hantavirus,There is a rise in hantavirus cases in Argentina.
South America,There is a rise in hantavirus cases in Argentina.
foxnews.com,Investigators have found no possible origin point for a hantavirus outbreak on a cruise.
2026-05-06,Investigators have found no possible origin point for a hantavirus outbreak on a cruise.
Investigators,Investigators have found no possible origin point for a hantavirus outbreak on a cruise.
cruise,Investigators have found no possible origin point for a hantavirus outbreak on a cruise.
hantavirus,Investigators have found no possible origin point for a hantavirus outbreak on a cruise.
noticias.foxnews.com,Investigators have found no possible origin point for a hantavirus outbreak on a cruise.
es.headtopics.com,Health alert for hantavirus outbreak
2026-05-06,Health alert for hantavirus outbreak
hantavirus,Health alert for hantavirus outbreak
headtopics.com,Health alert for hantavirus outbreak
es.headtopics.com,Differences between hantavirus and COVID symptoms
2026-05-06,Differences between hantavirus and COVID symptoms
headtopics.com,Differences between hantavirus and COVID symptoms
mx.headtopics.com,Alert about airplane departure related to hantavirus
2026-05-06,Alert about airplane departure related to hantavirus
airplane,Alert about airplane departure related to hantavirus
hantavirus,Alert about airplane departure related to hantavirus
headtopics.com,Alert about airplane departure related to hantavirus
no.headtopics.com,Hantavirus causing fear from New Mexico tragedy
2026-05-06,Hantavirus causing fear from New Mexico tragedy
New Mexico,Hantavirus causing fear from New Mexico tragedy
Hantavirus,Hantavirus causing fear from New Mexico tragedy
United States,Hantavirus causing fear from New Mexico tragedy
North America,Hantavirus causing fear from New Mexico tragedy
headtopics.com,Hantavirus causing fear from New Mexico tragedy
the-express.com,Mapping hantavirus cases in the US
2026-05-06,Mapping hantavirus cases in the US
US,Mapping hantavirus cases in the US
hantavirus,Mapping hantavirus cases in the US
United States,Mapping hantavirus cases in the US
North America,Mapping hantavirus cases in the US
news9.com,Explaining what hantavirus is and its implications for health in Oklahoma.
2026-05-06,Explaining what hantavirus is and its implications for health in Oklahoma.
Oklahoma,Explaining what hantavirus is and its implications for health in Oklahoma.
hantavirus,Explaining what hantavirus is and its implications for health in Oklahoma.
metro.co.uk,A couple died from a hantavirus outbreak linked to their bird-watching trip.
2026-05-06,A couple died from a hantavirus outbreak linked to their bird-watching trip.
couple,A couple died from a hantavirus outbreak linked to their bird-watching trip.
hantavirus,A couple died from a hantavirus outbreak linked to their bird-watching trip.
bird-watching trip,A couple died from a hantavirus outbreak linked to their bird-watching trip.
infonews.ca,A cruise ship associated with a deadly hantavirus outbreak is setting sail for the Spanish Islands.
2026-05-06,A cruise ship associated with a deadly hantavirus outbreak is setting sail for the Spanish Islands.
cruise ship,A cruise ship associated with a deadly hantavirus outbreak is setting sail for the Spanish Islands.
Spanish Islands,A cruise ship associated with a deadly hantavirus outbreak is setting sail for the Spanish Islands.
Europe,A cruise ship associated with a deadly hantavirus outbreak is setting sail for the Spanish Islands.
Spain,A cruise ship associated with a deadly hantavirus outbreak is setting sail for the Spanish Islands.
dailymail.co.uk,Rat hantavirus can spread from cruise ships.
2026-05-06,Rat hantavirus can spread from cruise ships.
cruise ships,Rat hantavirus can spread from cruise ships.
dailymail.com,Rat hantavirus can spread from cruise ships.
independent.co.uk,Coverage of a hantavirus outbreak linked to a cruise ship in Cape Verde
2026-05-06,Coverage of a hantavirus outbreak linked to a cruise ship in Cape Verde
cruise ship,Coverage of a hantavirus outbreak linked to a cruise ship in Cape Verde
Cape Verde,Coverage of a hantavirus outbreak linked to a cruise ship in Cape Verde
hantavirus,Coverage of a hantavirus outbreak linked to a cruise ship in Cape Verde
Africa,Coverage of a hantavirus outbreak linked to a cruise ship in Cape Verde
be.headtopics.com,Health alert issued for hantavirus outbreak detected
2026-05-06,Health alert issued for hantavirus outbreak detected
hantavirus,Health alert issued for hantavirus outbreak detected
headtopics.com,Health alert issued for hantavirus outbreak detected
ca.headtopics.com,Hantavirus cases are rising in Argentina
2026-05-06,Hantavirus cases are rising in Argentina
Argentina,Hantavirus cases are rising in Argentina
Hantavirus,Hantavirus cases are rising in Argentina
South America,Hantavirus cases are rising in Argentina
headtopics.com,Hantavirus cases are rising in Argentina
es.headtopics.com,Passenger reports hantavirus outbreak on cruise
2026-05-06,Passenger reports hantavirus outbreak on cruise
Passenger,Passenger reports hantavirus outbreak on cruise
cruise,Passenger reports hantavirus outbreak on cruise
hantavirus,Passenger reports hantavirus outbreak on cruise
headtopics.com,Passenger reports hantavirus outbreak on cruise
no.headtopics.com,Hantavirus claimed the life of Betsy Arakawa
2026-05-06,Hantavirus claimed the life of Betsy Arakawa
Hantavirus,Hantavirus claimed the life of Betsy Arakawa
Betsy Arakawa,Hantavirus claimed the life of Betsy Arakawa
headtopics.com,Hantavirus claimed the life of Betsy Arakawa
uk.headtopics.com,Couple killed in hantavirus outbreak contracted it during a visit
2026-05-06,Couple killed in hantavirus outbreak contracted it during a visit
Couple,Couple killed in hantavirus outbreak contracted it during a visit
headtopics.com,Couple killed in hantavirus outbreak contracted it during a visit
endtimeheadlines.org,Hantavirus outbreak spreads to Europe linked to a cruise passenger.
2026-05-06,Hantavirus outbreak spreads to Europe linked to a cruise passenger.
Europe,Hantavirus outbreak spreads to Europe linked to a cruise passenger.
cruise passenger,Hantavirus outbreak spreads to Europe linked to a cruise passenger.
Hantavirus,Hantavirus outbreak spreads to Europe linked to a cruise passenger.
livemint.com,Hantavirus outbreak on cruise ship leads to three infected patients being evacuated.
2026-05-06,Hantavirus outbreak on cruise ship leads to three infected patients being evacuated.
cruise ship,Hantavirus outbreak on cruise ship leads to three infected patients being evacuated.
patients,Hantavirus outbreak on cruise ship leads to three infected patients being evacuated.
Hantavirus,Hantavirus outbreak on cruise ship leads to three infected patients being evacuated.
npr.org,There are concerns about hantavirus on a cruise ship.
2026-05-06,There are concerns about hantavirus on a cruise ship.
cruise ship,There are concerns about hantavirus on a cruise ship.
se.headtopics.com,Hantavirus outbreak on MV Hondius
2026-05-06,Hantavirus outbreak on MV Hondius
MV Hondius,Hantavirus outbreak on MV Hondius
Hantavirus,Hantavirus outbreak on MV Hondius
headtopics.com,Hantavirus outbreak on MV Hondius
sg.headtopics.com,International health alert for hantavirus outbreak
2026-05-06,International health alert for hantavirus outbreak
hantavirus,International health alert for hantavirus outbreak
International health alert,International health alert for hantavirus outbreak
headtopics.com,International health alert for hantavirus outbreak
elpais.com,A cruise with passengers confined due to hantavirus is heading to the Canary Islands while the whereabouts of 23 others are lost.
2026-05-06,A cruise with passengers confined due to hantavirus is heading to the Canary Islands while the whereabouts of 23 others are lost.
others,A cruise with passengers confined due to hantavirus is heading to the Canary Islands while the whereabouts of 23 others are lost.
passengers,A cruise with passengers confined due to hantavirus is heading to the Canary Islands while the whereabouts of 23 others are lost.
Canary Islands,A cruise with passengers confined due to hantavirus is heading to the Canary Islands while the whereabouts of 23 others are lost.
Europe,A cruise with passengers confined due to hantavirus is heading to the Canary Islands while the whereabouts of 23 others are lost.
Spain,A cruise with passengers confined due to hantavirus is heading to the Canary Islands while the whereabouts of 23 others are lost.
yahoo.com/news,Health experts warn about the pandemic threat of hantavirus
2026-05-06,Health experts warn about the pandemic threat of hantavirus
Health experts,Health experts warn about the pandemic threat of hantavirus
hantavirus,Health experts warn about the pandemic threat of hantavirus
pandemic threat,Health experts warn about the pandemic threat of hantavirus
whdh.com,Three patients are being evacuated to Europe due to a hantavirus outbreak on a cruise ship.
straitstimes.com,Passengers on a ship affected by hantavirus are experiencing fear and boredom.
2026-05-06,Passengers on a ship affected by hantavirus are experiencing fear and boredom.
Passengers,Passengers on a ship affected by hantavirus are experiencing fear and boredom.
ship,Passengers on a ship affected by hantavirus are experiencing fear and boredom.
laopinion.com,There is a risk of hantavirus spreading from the affected cruise ship.
2026-05-06,There is a risk of hantavirus spreading from the affected cruise ship.
cruise ship,There is a risk of hantavirus spreading from the affected cruise ship.
hantavirus,There is a risk of hantavirus spreading from the affected cruise ship.
laopinion.com,The President of the Canary Islands confronts the Madrid government and refuses to accept the cruise ship with hantavirus.
2026-05-06,The President of the Canary Islands confronts the Madrid government and refuses to accept the cruise ship with hantavirus.
cruise ship,The President of the Canary Islands confronts the Madrid government and refuses to accept the cruise ship with hantavirus.
Madrid government,The President of the Canary Islands confronts the Madrid government and refuses to accept the cruise ship with hantavirus.
President of the Canary Islands,The President of the Canary Islands confronts the Madrid government and refuses to accept the cruise ship with hantavirus.
Europe,The President of the Canary Islands confronts the Madrid government and refuses to accept the cruise ship with hantavirus.
Spain,The President of the Canary Islands confronts the Madrid government and refuses to accept the cruise ship with hantavirus.
Canary Islands,The President of the Canary Islands confronts the Madrid government and refuses to accept the cruise ship with hantavirus.
dk.headtopics.com,Discussion on hantavirus outbreak
2026-05-06,Discussion on hantavirus outbreak
hantavirus,Discussion on hantavirus outbreak
headtopics.com,Discussion on hantavirus outbreak
ksl.com,Patients are being evacuated from a cruise ship due to a hantavirus outbreak.
2026-05-06,Patients are being evacuated from a cruise ship due to a hantavirus outbreak.
cruise ship,Patients are being evacuated from a cruise ship due to a hantavirus outbreak.
Patients,Patients are being evacuated from a cruise ship due to a hantavirus outbreak.
dailyrecord.co.uk,Brits may have hantavirus after cruise ship incident
2026-05-06,Brits may have hantavirus after cruise ship incident
cruise ship,Brits may have hantavirus after cruise ship incident
Brits,Brits may have hantavirus after cruise ship incident
Europe,Brits may have hantavirus after cruise ship incident
United Kingdom,Brits may have hantavirus after cruise ship incident
Britain,Brits may have hantavirus after cruise ship incident
infonews.ca,Hantavirus patients from a cruise ship are arriving in Europe for treatment.
2026-05-06,Hantavirus patients from a cruise ship are arriving in Europe for treatment.
cruise ship,Hantavirus patients from a cruise ship are arriving in Europe for treatment.
Europe,Hantavirus patients from a cruise ship are arriving in Europe for treatment.
Hantavirus,Hantavirus patients from a cruise ship are arriving in Europe for treatment.
mirror.co.uk,Report on a hantavirus outbreak associated with a cruise ship
2026-05-06,Report on a hantavirus outbreak associated with a cruise ship
cruise ship,Report on a hantavirus outbreak associated with a cruise ship
hantavirus,Report on a hantavirus outbreak associated with a cruise ship
drudgereport.com,Report on a hantavirus outbreak associated with a cruise ship
wxyz.com,Information about hantavirus and what one needs to know
2026-05-06,Information about hantavirus and what one needs to know
newsweek.com,Insights into the cruise ship affected by hantavirus outbreak
2026-05-06,Insights into the cruise ship affected by hantavirus outbreak
cruise ship,Insights into the cruise ship affected by hantavirus outbreak
whdh.com,A cruise ship with a hantavirus outbreak is heading to the Canary Islands after three people were evacuated.
2026-05-06,A cruise ship with a hantavirus outbreak is heading to the Canary Islands after three people were evacuated.
three people,A cruise ship with a hantavirus outbreak is heading to the Canary Islands after three people were evacuated.
cruise ship,A cruise ship with a hantavirus outbreak is heading to the Canary Islands after three people were evacuated.
Canary Islands,A cruise ship with a hantavirus outbreak is heading to the Canary Islands after three people were evacuated.
Europe,A cruise ship with a hantavirus outbreak is heading to the Canary Islands after three people were evacuated.
Spain,A cruise ship with a hantavirus outbreak is heading to the Canary Islands after three people were evacuated.
co.headtopics.com,Alert increases due to hantavirus from a cruise passenger.
2026-05-06,Alert increases due to hantavirus from a cruise passenger.
cruise passenger,Alert increases due to hantavirus from a cruise passenger.
headtopics.com,Alert increases due to hantavirus from a cruise passenger.
es.headtopics.com,Plan in place for the arrival of the cruise with hantavirus.
2026-05-06,Plan in place for the arrival of the cruise with hantavirus.
cruise,Plan in place for the arrival of the cruise with hantavirus.
headtopics.com,Plan in place for the arrival of the cruise with hantavirus.
ms.now,A suspected outbreak of hantavirus has resulted in 3 deaths on a cruise ship
2026-05-06,A suspected outbreak of hantavirus has resulted in 3 deaths on a cruise ship
cruise ship,A suspected outbreak of hantavirus has resulted in 3 deaths on a cruise ship
hantavirus,A suspected outbreak of hantavirus has resulted in 3 deaths on a cruise ship
msnbc.com,A suspected outbreak of hantavirus has resulted in 3 deaths on a cruise ship
san.com,A cruise ship is stranded due to a hantavirus outbreak causing a docking dispute.
2026-05-06,A cruise ship is stranded due to a hantavirus outbreak causing a docking dispute.
cruise ship,A cruise ship is stranded due to a hantavirus outbreak causing a docking dispute.
ph.headtopics.com,The WHO has confirmed a pre-boarding infection linked to a hantavirus outbreak.
2026-05-06,The WHO has confirmed a pre-boarding infection linked to a hantavirus outbreak.
hantavirus,The WHO has confirmed a pre-boarding infection linked to a hantavirus outbreak.
WHO,The WHO has confirmed a pre-boarding infection linked to a hantavirus outbreak.
headtopics.com,The WHO has confirmed a pre-boarding infection linked to a hantavirus outbreak.
se.headtopics.com,The hantavirus outbreak on the cruise ship Hondius is causing concerns.
2026-05-06,The hantavirus outbreak on the cruise ship Hondius is causing concerns.
hantavirus,The hantavirus outbreak on the cruise ship Hondius is causing concerns.
Hondius,The hantavirus outbreak on the cruise ship Hondius is causing concerns.
headtopics.com,The hantavirus outbreak on the cruise ship Hondius is causing concerns.
scientificamerican.com,There is a dangerous experiment related to a Hantavirus outbreak on a cruise ship.
2026-05-06,There is a dangerous experiment related to a Hantavirus outbreak on a cruise ship.
cruise ship,There is a dangerous experiment related to a Hantavirus outbreak on a cruise ship.
Hantavirus,There is a dangerous experiment related to a Hantavirus outbreak on a cruise ship.
yahoo.com/news,Doctors have knowledge about how the Andes hantavirus spreads.
2026-05-06,Doctors have knowledge about how the Andes hantavirus spreads.
Doctors,Doctors have knowledge about how the Andes hantavirus spreads.
Andes hantavirus,Doctors have knowledge about how the Andes hantavirus spreads.
South America,Doctors have knowledge about how the Andes hantavirus spreads.
Andes,Doctors have knowledge about how the Andes hantavirus spreads.
infonews.ca,A deadly hantavirus outbreak occurred on a cruise ship for weeks before it was identified.
2026-05-06,A deadly hantavirus outbreak occurred on a cruise ship for weeks before it was identified.
cruise ship,A deadly hantavirus outbreak occurred on a cruise ship for weeks before it was identified.
hantavirus,A deadly hantavirus outbreak occurred on a cruise ship for weeks before it was identified.
co.headtopics.com,Spain evacuates passengers from a cruise ship with hantavirus
2026-05-06,Spain evacuates passengers from a cruise ship with hantavirus
passengers,Spain evacuates passengers from a cruise ship with hantavirus
cruise ship,Spain evacuates passengers from a cruise ship with hantavirus
Spain,Spain evacuates passengers from a cruise ship with hantavirus
Europe,Spain evacuates passengers from a cruise ship with hantavirus
headtopics.com,Spain evacuates passengers from a cruise ship with hantavirus
es.headtopics.com,Cruise ship MV Hondius docking with a hantavirus outbreak
2026-05-06,Cruise ship MV Hondius docking with a hantavirus outbreak
MV Hondius,Cruise ship MV Hondius docking with a hantavirus outbreak
hantavirus outbreak,Cruise ship MV Hondius docking with a hantavirus outbreak
Cruise ship,Cruise ship MV Hondius docking with a hantavirus outbreak
headtopics.com,Cruise ship MV Hondius docking with a hantavirus outbreak
mx.headtopics.com,Deadly hantavirus outbreak on cruise ship alarms the world
2026-05-06,Deadly hantavirus outbreak on cruise ship alarms the world
cruise ship,Deadly hantavirus outbreak on cruise ship alarms the world
hantavirus,Deadly hantavirus outbreak on cruise ship alarms the world
headtopics.com,Deadly hantavirus outbreak on cruise ship alarms the world
wtop.com,Information on hantavirus linked to a cruise ship outbreak.
2026-05-06,Information on hantavirus linked to a cruise ship outbreak.
cruise ship,Information on hantavirus linked to a cruise ship outbreak.
hantavirus,Information on hantavirus linked to a cruise ship outbreak.
nytimes.com,There was a hantavirus outbreak on a cruise ship linked to the Hondius.
2026-05-06,There was a hantavirus outbreak on a cruise ship linked to the Hondius.
cruise ship,There was a hantavirus outbreak on a cruise ship linked to the Hondius.
hantavirus,There was a hantavirus outbreak on a cruise ship linked to the Hondius.
Hondius,There was a hantavirus outbreak on a cruise ship linked to the Hondius.
Honduras,There was a hantavirus outbreak on a cruise ship linked to the Hondius.
North America,There was a hantavirus outbreak on a cruise ship linked to the Hondius.
alltop.com,There was a hantavirus outbreak on a cruise ship linked to the Hondius.
au.headtopics.com,Hantavirus outbreak on MV Hondius cruise ship
2026-05-07,Hantavirus outbreak on MV Hondius cruise ship
cruise ship,Hantavirus outbreak on MV Hondius cruise ship
MV Hondius,Hantavirus outbreak on MV Hondius cruise ship
Hantavirus,Hantavirus outbreak on MV Hondius cruise ship
headtopics.com,Hantavirus outbreak on MV Hondius cruise ship
br.headtopics.com,WHO confirms contamination of 3 people by hantavirus
2026-05-07,WHO confirms contamination of 3 people by hantavirus
3 people,WHO confirms contamination of 3 people by hantavirus
WHO,WHO confirms contamination of 3 people by hantavirus
headtopics.com,WHO confirms contamination of 3 people by hantavirus
pt.headtopics.com,Hantavirus outbreak on cruise raises health alert
2026-05-07,Hantavirus outbreak on cruise raises health alert
cruise,Hantavirus outbreak on cruise raises health alert
Hantavirus,Hantavirus outbreak on cruise raises health alert
headtopics.com,Hantavirus outbreak on cruise raises health alert
1190kex.iheart.com,Three passengers were evacuated from a cruise ship due to a deadly hantavirus outbreak.
2026-05-07,Three passengers were evacuated from a cruise ship due to a deadly hantavirus outbreak.
passengers,Three passengers were evacuated from a cruise ship due to a deadly hantavirus outbreak.
cruise ship,Three passengers were evacuated from a cruise ship due to a deadly hantavirus outbreak.
yahoo.com/news,Information is being provided about hantavirus.
2026-05-07,Information is being provided about hantavirus.
hantavirus,Information is being provided about hantavirus.
mynbc15.com,Health officials provide information about hantavirus on a cruise ship
2026-05-07,Health officials provide information about hantavirus on a cruise ship
cruise ship,Health officials provide information about hantavirus on a cruise ship
Health officials,Health officials provide information about hantavirus on a cruise ship
id.headtopics.com,There are concerns regarding hantavirus and sterility.
2026-05-07,There are concerns regarding hantavirus and sterility.
headtopics.com,There are concerns regarding hantavirus and sterility.
nytimes.com,There is a hantavirus outbreak involving U.S. cruise passengers.
2026-05-07,There is a hantavirus outbreak involving U.S. cruise passengers.
U.S. cruise passengers,There is a hantavirus outbreak involving U.S. cruise passengers.
United States,There is a hantavirus outbreak involving U.S. cruise passengers.
North America,There is a hantavirus outbreak involving U.S. cruise passengers.
alltop.com,There is a hantavirus outbreak involving U.S. cruise passengers.
ladbible.com,Brits are self-isolating due to hantavirus concerns.
2026-05-07,Brits are self-isolating due to hantavirus concerns.
Brits,Brits are self-isolating due to hantavirus concerns.
Europe,Brits are self-isolating due to hantavirus concerns.
United Kingdom,Brits are self-isolating due to hantavirus concerns.
Britain,Brits are self-isolating due to hantavirus concerns.
yahoo.com/news,Health officials are monitoring a potential hantavirus outbreak.
2026-05-07,Health officials are monitoring a potential hantavirus outbreak.
Health officials,Health officials are monitoring a potential hantavirus outbreak.
co.headtopics.com,An outbreak of hantavirus occurred on the MV Hondius cruise in Argentina.
2026-05-07,An outbreak of hantavirus occurred on the MV Hondius cruise in Argentina.
Argentina,An outbreak of hantavirus occurred on the MV Hondius cruise in Argentina.
MV Hondius,An outbreak of hantavirus occurred on the MV Hondius cruise in Argentina.
South America,An outbreak of hantavirus occurred on the MV Hondius cruise in Argentina.
headtopics.com,An outbreak of hantavirus occurred on the MV Hondius cruise in Argentina.
es.headtopics.com,An aviation sanitary service with hantavirus patients remains ongoing.
2026-05-07,An aviation sanitary service with hantavirus patients remains ongoing.
aviation sanitary service,An aviation sanitary service with hantavirus patients remains ongoing.
hantavirus patients,An aviation sanitary service with hantavirus patients remains ongoing.
headtopics.com,An aviation sanitary service with hantavirus patients remains ongoing.
ph.headtopics.com,Hantavirus outbreak on the cruise ship MV Hondius has resulted in concerns.
2026-05-07,Hantavirus outbreak on the cruise ship MV Hondius has resulted in concerns.
cruise ship,Hantavirus outbreak on the cruise ship MV Hondius has resulted in concerns.
MV Hondius,Hantavirus outbreak on the cruise ship MV Hondius has resulted in concerns.
Hantavirus,Hantavirus outbreak on the cruise ship MV Hondius has resulted in concerns.
headtopics.com,Hantavirus outbreak on the cruise ship MV Hondius has resulted in concerns.
huffpost.com,Discussion of hantavirus exposure linked to a cruise ship and its symptoms and incubation period
2026-05-07,Discussion of hantavirus exposure linked to a cruise ship and its symptoms and incubation period
cruise ship,Discussion of hantavirus exposure linked to a cruise ship and its symptoms and incubation period
cnnindonesia.com,A cruise ship route has been affected by a hantavirus outbreak.
2026-05-07,A cruise ship route has been affected by a hantavirus outbreak.
cruise ship,A cruise ship route has been affected by a hantavirus outbreak.
hantavirus outbreak,A cruise ship route has been affected by a hantavirus outbreak.
de.headtopics.com,Deaths reported on a cruise due to hantavirus contact.
2026-05-07,Deaths reported on a cruise due to hantavirus contact.
cruise,Deaths reported on a cruise due to hantavirus contact.
headtopics.com,Deaths reported on a cruise due to hantavirus contact.
aljazeera.com,Argentina is investigating a link to a deadly hantavirus outbreak on a cruise ship.
2026-05-07,Argentina is investigating a link to a deadly hantavirus outbreak on a cruise ship.
cruise ship,Argentina is investigating a link to a deadly hantavirus outbreak on a cruise ship.
Argentina,Argentina is investigating a link to a deadly hantavirus outbreak on a cruise ship.
hantavirus,Argentina is investigating a link to a deadly hantavirus outbreak on a cruise ship.
South America,Argentina is investigating a link to a deadly hantavirus outbreak on a cruise ship.
it.headtopics.com,"Hantavirus emergency on board the MV Hondius, alarm raised"
2026-05-07,"Hantavirus emergency on board the MV Hondius, alarm raised"
MV Hondius,"Hantavirus emergency on board the MV Hondius, alarm raised"
headtopics.com,"Hantavirus emergency on board the MV Hondius, alarm raised"
de.headtopics.com,Contact person for hantavirus arrives at Düsseldorf clinic.
2026-05-07,Contact person for hantavirus arrives at Düsseldorf clinic.
hantavirus,Contact person for hantavirus arrives at Düsseldorf clinic.
contact person,Contact person for hantavirus arrives at Düsseldorf clinic.
Düsseldorf clinic,Contact person for hantavirus arrives at Düsseldorf clinic.
Europe,Contact person for hantavirus arrives at Düsseldorf clinic.
Germany,Contact person for hantavirus arrives at Düsseldorf clinic.
North Rhine-Westphalia,Contact person for hantavirus arrives at Düsseldorf clinic.
Düsseldorf,Contact person for hantavirus arrives at Düsseldorf clinic.
headtopics.com,Contact person for hantavirus arrives at Düsseldorf clinic.
univision.com,Georgia is monitoring two residents after a hantavirus case on a cruise.
2026-05-07,Georgia is monitoring two residents after a hantavirus case on a cruise.
Georgia,Georgia is monitoring two residents after a hantavirus case on a cruise.
residents,Georgia is monitoring two residents after a hantavirus case on a cruise.
cruise,Georgia is monitoring two residents after a hantavirus case on a cruise.
hantavirus,Georgia is monitoring two residents after a hantavirus case on a cruise.
United States,Georgia is monitoring two residents after a hantavirus case on a cruise.
North America,Georgia is monitoring two residents after a hantavirus case on a cruise.
independent.co.uk,Cruise outbreaks this summer are linked to hantavirus
2026-05-07,Cruise outbreaks this summer are linked to hantavirus
hantavirus,Cruise outbreaks this summer are linked to hantavirus
Cruise,Cruise outbreaks this summer are linked to hantavirus
independent.co.uk,Information on hantavirus symptoms and treatment in relation to cruise ship outbreaks
2026-05-07,Information on hantavirus symptoms and treatment in relation to cruise ship outbreaks
hantavirus,Information on hantavirus symptoms and treatment in relation to cruise ship outbreaks
cruise ship outbreaks,Information on hantavirus symptoms and treatment in relation to cruise ship outbreaks
marca.com,Claim about epidemiologists warning of hantavirus threat and the risk of a pandemic
2026-05-07,Claim about epidemiologists warning of hantavirus threat and the risk of a pandemic
epidemiologists,Claim about epidemiologists warning of hantavirus threat and the risk of a pandemic
corriere.it,A passenger on the MV Hondius is a witness to hantavirus developments.
2026-05-07,A passenger on the MV Hondius is a witness to hantavirus developments.
passenger,A passenger on the MV Hondius is a witness to hantavirus developments.
witness,A passenger on the MV Hondius is a witness to hantavirus developments.
MV Hondius,A passenger on the MV Hondius is a witness to hantavirus developments.
corriere.it,Concern over hantavirus potentially being transmissible from person to person.
2026-05-07,Concern over hantavirus potentially being transmissible from person to person.
hantavirus,Concern over hantavirus potentially being transmissible from person to person.
hindustantimes.com,Explanation of hantavirus outbreak and its symptoms.
2026-05-07,Explanation of hantavirus outbreak and its symptoms.
dailystar.co.uk,A British passenger has been infected with hantavirus and speaks about their experience.
2026-05-07,A British passenger has been infected with hantavirus and speaks about their experience.
British passenger,A British passenger has been infected with hantavirus and speaks about their experience.
Europe,A British passenger has been infected with hantavirus and speaks about their experience.
United Kingdom,A British passenger has been infected with hantavirus and speaks about their experience.
Britain,A British passenger has been infected with hantavirus and speaks about their experience.
es.headtopics.com,Latest updates on the hantavirus outbreak
2026-05-07,Latest updates on the hantavirus outbreak
headtopics.com,Latest updates on the hantavirus outbreak
es.headtopics.com,Operation involving hantavirus and the political and social landscape
2026-05-07,Operation involving hantavirus and the political and social landscape
Operation,Operation involving hantavirus and the political and social landscape
hantavirus,Operation involving hantavirus and the political and social landscape
political landscape,Operation involving hantavirus and the political and social landscape
social landscape,Operation involving hantavirus and the political and social landscape
headtopics.com,Operation involving hantavirus and the political and social landscape
fr.headtopics.com,Cruise ship affected by hantavirus while en route
2026-05-07,Cruise ship affected by hantavirus while en route
cruise ship,Cruise ship affected by hantavirus while en route
headtopics.com,Cruise ship affected by hantavirus while en route
elpais.com,The hantavirus outbreak is raising concerns about the Milei government's exit from the WHO and budget cuts.
2026-05-07,The hantavirus outbreak is raising concerns about the Milei government's exit from the WHO and budget cuts.
WHO,The hantavirus outbreak is raising concerns about the Milei government's exit from the WHO and budget cuts.
Milei government,The hantavirus outbreak is raising concerns about the Milei government's exit from the WHO and budget cuts.
elpais.com,Visual explanation of how the hantavirus outbreak has spread.
2026-05-07,Visual explanation of how the hantavirus outbreak has spread.
elpais.com,Health operation for the hantavirus outbreak on a cruise ship arriving in the Canary Islands.
2026-05-07,Health operation for the hantavirus outbreak on a cruise ship arriving in the Canary Islands.
cruise ship,Health operation for the hantavirus outbreak on a cruise ship arriving in the Canary Islands.
hantavirus,Health operation for the hantavirus outbreak on a cruise ship arriving in the Canary Islands.
Canary Islands,Health operation for the hantavirus outbreak on a cruise ship arriving in the Canary Islands.
Health operation,Health operation for the hantavirus outbreak on a cruise ship arriving in the Canary Islands.
Europe,Health operation for the hantavirus outbreak on a cruise ship arriving in the Canary Islands.
Spain,Health operation for the hantavirus outbreak on a cruise ship arriving in the Canary Islands.
elpais.com,Details of eight confirmed and suspected hantavirus cases from the MV Hondius cruise ship.
2026-05-07,Details of eight confirmed and suspected hantavirus cases from the MV Hondius cruise ship.
cruise ship,Details of eight confirmed and suspected hantavirus cases from the MV Hondius cruise ship.
hantavirus,Details of eight confirmed and suspected hantavirus cases from the MV Hondius cruise ship.
MV Hondius,Details of eight confirmed and suspected hantavirus cases from the MV Hondius cruise ship.
elpais.com,Latest updates on the hantavirus outbreak on the MV Hondius cruise ship.
2026-05-07,Latest updates on the hantavirus outbreak on the MV Hondius cruise ship.
cruise ship,Latest updates on the hantavirus outbreak on the MV Hondius cruise ship.
hantavirus,Latest updates on the hantavirus outbreak on the MV Hondius cruise ship.
MV Hondius,Latest updates on the hantavirus outbreak on the MV Hondius cruise ship.
dailystar.co.uk,Hantavirus cases have nearly doubled in a city.
2026-05-07,Hantavirus cases have nearly doubled in a city.
city,Hantavirus cases have nearly doubled in a city.
Hantavirus,Hantavirus cases have nearly doubled in a city.
marca.com,"The Andes virus variant of hantavirus is transmissible to humans, and it discusses contagion effects, treatment, and precautions."
2026-05-07,"The Andes virus variant of hantavirus is transmissible to humans, and it discusses contagion effects, treatment, and precautions."
hantavirus,"The Andes virus variant of hantavirus is transmissible to humans, and it discusses contagion effects, treatment, and precautions."
Andes virus,"The Andes virus variant of hantavirus is transmissible to humans, and it discusses contagion effects, treatment, and precautions."
mirror.co.uk,A hantavirus outbreak is reported on the cruise ship MV Hondius.
2026-05-07,A hantavirus outbreak is reported on the cruise ship MV Hondius.
cruise ship,A hantavirus outbreak is reported on the cruise ship MV Hondius.
hantavirus,A hantavirus outbreak is reported on the cruise ship MV Hondius.
MV Hondius,A hantavirus outbreak is reported on the cruise ship MV Hondius.
boredpanda.com,A hantavirus outbreak is reported on the cruise ship MV Hondius.
au.headtopics.com,Insights from an investigation into a hantavirus outbreak
2026-05-07,Insights from an investigation into a hantavirus outbreak
investigation,Insights from an investigation into a hantavirus outbreak
hantavirus,Insights from an investigation into a hantavirus outbreak
outbreak,Insights from an investigation into a hantavirus outbreak
headtopics.com,Insights from an investigation into a hantavirus outbreak
ie.headtopics.com,Hantavirus outbreak on MV Hondius cruise ship
cnnindonesia.com,The Indonesian Ministry of Health is preparing screening measures to anticipate the entry of hantavirus into Indonesia.
2026-05-07,The Indonesian Ministry of Health is preparing screening measures to anticipate the entry of hantavirus into Indonesia.
Indonesian Ministry of Health,The Indonesian Ministry of Health is preparing screening measures to anticipate the entry of hantavirus into Indonesia.
Asia,The Indonesian Ministry of Health is preparing screening measures to anticipate the entry of hantavirus into Indonesia.
Indonesia,The Indonesian Ministry of Health is preparing screening measures to anticipate the entry of hantavirus into Indonesia.
lemonde.fr,Evacuation of passengers from a cruise ship due to hantavirus concerns.
2026-05-07,Evacuation of passengers from a cruise ship due to hantavirus concerns.
passengers,Evacuation of passengers from a cruise ship due to hantavirus concerns.
cruise ship,Evacuation of passengers from a cruise ship due to hantavirus concerns.
independent.co.uk,A hantavirus outbreak linked to a cruise ship involving Switzerland and Argentina.
2026-05-07,A hantavirus outbreak linked to a cruise ship involving Switzerland and Argentina.
cruise ship,A hantavirus outbreak linked to a cruise ship involving Switzerland and Argentina.
Switzerland,A hantavirus outbreak linked to a cruise ship involving Switzerland and Argentina.
Argentina,A hantavirus outbreak linked to a cruise ship involving Switzerland and Argentina.
hantavirus,A hantavirus outbreak linked to a cruise ship involving Switzerland and Argentina.
Europe,A hantavirus outbreak linked to a cruise ship involving Switzerland and Argentina.
South America,A hantavirus outbreak linked to a cruise ship involving Switzerland and Argentina.
independent.co.uk,"A hantavirus outbreak reported on a cruise ship in Tenerife, Canary Islands."
2026-05-07,"A hantavirus outbreak reported on a cruise ship in Tenerife, Canary Islands."
cruise ship,"A hantavirus outbreak reported on a cruise ship in Tenerife, Canary Islands."
Tenerife,"A hantavirus outbreak reported on a cruise ship in Tenerife, Canary Islands."
hantavirus,"A hantavirus outbreak reported on a cruise ship in Tenerife, Canary Islands."
Canary Islands,"A hantavirus outbreak reported on a cruise ship in Tenerife, Canary Islands."
Europe,"A hantavirus outbreak reported on a cruise ship in Tenerife, Canary Islands."
Spain,"A hantavirus outbreak reported on a cruise ship in Tenerife, Canary Islands."
marca.com,"Hantavirus is an emerging virus that produces deaths, similar to coronaviruses."
2026-05-07,"Hantavirus is an emerging virus that produces deaths, similar to coronaviruses."
independent.co.uk,Advice and information on hantavirus risk for Americans related to the MV Hondius
2026-05-07,Advice and information on hantavirus risk for Americans related to the MV Hondius
Americans,Advice and information on hantavirus risk for Americans related to the MV Hondius
MV Hondius,Advice and information on hantavirus risk for Americans related to the MV Hondius
United States,Advice and information on hantavirus risk for Americans related to the MV Hondius
North America,Advice and information on hantavirus risk for Americans related to the MV Hondius
es.headtopics.com,Political tension due to cruise arrival with hantavirus
2026-05-07,Political tension due to cruise arrival with hantavirus
cruise,Political tension due to cruise arrival with hantavirus
hantavirus,Political tension due to cruise arrival with hantavirus
political,Political tension due to cruise arrival with hantavirus
headtopics.com,Political tension due to cruise arrival with hantavirus
fr.headtopics.com,"A French contact case of hantavirus, what we know"
2026-05-07,"A French contact case of hantavirus, what we know"
hantavirus,"A French contact case of hantavirus, what we know"
French contact,"A French contact case of hantavirus, what we know"
Europe,"A French contact case of hantavirus, what we know"
France,"A French contact case of hantavirus, what we know"
headtopics.com,"A French contact case of hantavirus, what we know"
ie.headtopics.com,Man evacuated from hantavirus-affected cruise ship speaks out
2026-05-07,Man evacuated from hantavirus-affected cruise ship speaks out
Man,Man evacuated from hantavirus-affected cruise ship speaks out
cruise ship,Man evacuated from hantavirus-affected cruise ship speaks out
hantavirus,Man evacuated from hantavirus-affected cruise ship speaks out
headtopics.com,Man evacuated from hantavirus-affected cruise ship speaks out
hindustantimes.com,Information on human hantavirus and its potential for human-to-human transmission on a cruise ship.
2026-05-07,Information on human hantavirus and its potential for human-to-human transmission on a cruise ship.
cruise ship,Information on human hantavirus and its potential for human-to-human transmission on a cruise ship.
hantavirus,Information on human hantavirus and its potential for human-to-human transmission on a cruise ship.
forbes.com,"Hantavirus infection cases are rising, but WHO claims it's not a new COVID threat."
2026-05-07,"Hantavirus infection cases are rising, but WHO claims it's not a new COVID threat."
WHO,"Hantavirus infection cases are rising, but WHO claims it's not a new COVID threat."
Hantavirus,"Hantavirus infection cases are rising, but WHO claims it's not a new COVID threat."
dailyrecord.co.uk,Hantavirus outbreak linked to cruise ship mv Hondius
2026-05-07,Hantavirus outbreak linked to cruise ship mv Hondius
cruise ship,Hantavirus outbreak linked to cruise ship mv Hondius
Hantavirus,Hantavirus outbreak linked to cruise ship mv Hondius
mv Hondius,Hantavirus outbreak linked to cruise ship mv Hondius
livemint.com,A viral tweet about hantavirus from 2022 is causing concern as the WHO investigates a rare outbreak.
2026-05-07,A viral tweet about hantavirus from 2022 is causing concern as the WHO investigates a rare outbreak.
WHO,A viral tweet about hantavirus from 2022 is causing concern as the WHO investigates a rare outbreak.
apnews.com,"A town in Argentina is facing a hantavirus outbreak, causing parents to mourn their son."
2026-05-07,"A town in Argentina is facing a hantavirus outbreak, causing parents to mourn their son."
town,"A town in Argentina is facing a hantavirus outbreak, causing parents to mourn their son."
parents,"A town in Argentina is facing a hantavirus outbreak, causing parents to mourn their son."
son,"A town in Argentina is facing a hantavirus outbreak, causing parents to mourn their son."
Argentina,"A town in Argentina is facing a hantavirus outbreak, causing parents to mourn their son."
South America,"A town in Argentina is facing a hantavirus outbreak, causing parents to mourn their son."
dailystar.co.uk,Hantavirus outbreak on the MV Hondius cruise ship
2026-05-07,Hantavirus outbreak on the MV Hondius cruise ship
cruise ship,Hantavirus outbreak on the MV Hondius cruise ship
MV Hondius,Hantavirus outbreak on the MV Hondius cruise ship
Hantavirus,Hantavirus outbreak on the MV Hondius cruise ship
dailyrecord.co.uk,Hantavirus spread from a plane passenger
2026-05-07,Hantavirus spread from a plane passenger
plane passenger,Hantavirus spread from a plane passenger
apnews.com,A hantavirus incident occurred on a cruise ship related to St. Helena.
2026-05-07,A hantavirus incident occurred on a cruise ship related to St. Helena.
cruise ship,A hantavirus incident occurred on a cruise ship related to St. Helena.
hantavirus,A hantavirus incident occurred on a cruise ship related to St. Helena.
St. Helena,A hantavirus incident occurred on a cruise ship related to St. Helena.
Africa,A hantavirus incident occurred on a cruise ship related to St. Helena.
Saint Helena,A hantavirus incident occurred on a cruise ship related to St. Helena.
infonews.ca,About 40 passengers left a ship due to a hantavirus outbreak at the Island of St. Helena.
2026-05-07,About 40 passengers left a ship due to a hantavirus outbreak at the Island of St. Helena.
passengers,About 40 passengers left a ship due to a hantavirus outbreak at the Island of St. Helena.
ship,About 40 passengers left a ship due to a hantavirus outbreak at the Island of St. Helena.
hantavirus,About 40 passengers left a ship due to a hantavirus outbreak at the Island of St. Helena.
Island of St. Helena,About 40 passengers left a ship due to a hantavirus outbreak at the Island of St. Helena.
Africa,About 40 passengers left a ship due to a hantavirus outbreak at the Island of St. Helena.
Saint Helena,About 40 passengers left a ship due to a hantavirus outbreak at the Island of St. Helena.
St. Helena,About 40 passengers left a ship due to a hantavirus outbreak at the Island of St. Helena.
es.headtopics.com,Health and political crisis due to hantavirus outbreak
2026-05-07,Health and political crisis due to hantavirus outbreak
health,Health and political crisis due to hantavirus outbreak
hantavirus,Health and political crisis due to hantavirus outbreak
political crisis,Health and political crisis due to hantavirus outbreak
headtopics.com,Health and political crisis due to hantavirus outbreak
uk.headtopics.com,Hantavirus spreads to flight passenger
2026-05-07,Hantavirus spreads to flight passenger
flight passenger,Hantavirus spreads to flight passenger
Hantavirus,Hantavirus spreads to flight passenger
headtopics.com,Hantavirus spreads to flight passenger
metro.co.uk,"A flight attendant has been hospitalized due to hantavirus after a cruise ship, infected with the virus, is near the Canary Islands."
2026-05-07,"A flight attendant has been hospitalized due to hantavirus after a cruise ship, infected with the virus, is near the Canary Islands."
cruise ship,"A flight attendant has been hospitalized due to hantavirus after a cruise ship, infected with the virus, is near the Canary Islands."
flight attendant,"A flight attendant has been hospitalized due to hantavirus after a cruise ship, infected with the virus, is near the Canary Islands."
Canary Islands,"A flight attendant has been hospitalized due to hantavirus after a cruise ship, infected with the virus, is near the Canary Islands."
Europe,"A flight attendant has been hospitalized due to hantavirus after a cruise ship, infected with the virus, is near the Canary Islands."
Spain,"A flight attendant has been hospitalized due to hantavirus after a cruise ship, infected with the virus, is near the Canary Islands."
thefp.com,Claim regarding hantavirus outbreak related to cruise ships
2026-05-07,Claim regarding hantavirus outbreak related to cruise ships
cruise ships,Claim regarding hantavirus outbreak related to cruise ships
hantavirus,Claim regarding hantavirus outbreak related to cruise ships
cbsnews.com,Claim regarding hantavirus outbreak related to cruise ships
metro.co.uk,"A death occurred on a cruise ship due to hantavirus, as announced by the captain to passengers."
2026-05-07,"A death occurred on a cruise ship due to hantavirus, as announced by the captain to passengers."
passengers,"A death occurred on a cruise ship due to hantavirus, as announced by the captain to passengers."
cruise ship,"A death occurred on a cruise ship due to hantavirus, as announced by the captain to passengers."
captain,"A death occurred on a cruise ship due to hantavirus, as announced by the captain to passengers."
kosu.org,About 40 passengers left a ship affected by hantavirus at the island of St. Helena.
2026-05-07,About 40 passengers left a ship affected by hantavirus at the island of St. Helena.
passengers,About 40 passengers left a ship affected by hantavirus at the island of St. Helena.
ship,About 40 passengers left a ship affected by hantavirus at the island of St. Helena.
island,About 40 passengers left a ship affected by hantavirus at the island of St. Helena.
hantavirus,About 40 passengers left a ship affected by hantavirus at the island of St. Helena.
St. Helena,About 40 passengers left a ship affected by hantavirus at the island of St. Helena.
Africa,About 40 passengers left a ship affected by hantavirus at the island of St. Helena.
"Saint Helena, Ascension and Tristan da Cunha",About 40 passengers left a ship affected by hantavirus at the island of St. Helena.
newser.com,Contact tracing is being conducted in response to a hantavirus outbreak linked to a cruise.
2026-05-07,Contact tracing is being conducted in response to a hantavirus outbreak linked to a cruise.
cruise,Contact tracing is being conducted in response to a hantavirus outbreak linked to a cruise.
hantavirus outbreak,Contact tracing is being conducted in response to a hantavirus outbreak linked to a cruise.
contact tracing,Contact tracing is being conducted in response to a hantavirus outbreak linked to a cruise.
independent.co.uk,Hantavirus outbreak among cruise ship passengers in the UK
2026-05-07,Hantavirus outbreak among cruise ship passengers in the UK
UK,Hantavirus outbreak among cruise ship passengers in the UK
cruise ship passengers,Hantavirus outbreak among cruise ship passengers in the UK
Hantavirus,Hantavirus outbreak among cruise ship passengers in the UK
Europe,Hantavirus outbreak among cruise ship passengers in the UK
United Kingdom,Hantavirus outbreak among cruise ship passengers in the UK
be.headtopics.com,Claim about hantavirus risk.
2026-05-07,Claim about hantavirus risk.
headtopics.com,Claim about hantavirus risk.
kjzz.org,About 40 passengers left a ship that was hit by hantavirus at the island of St. Helena
2026-05-07,About 40 passengers left a ship that was hit by hantavirus at the island of St. Helena
passengers,About 40 passengers left a ship that was hit by hantavirus at the island of St. Helena
ship,About 40 passengers left a ship that was hit by hantavirus at the island of St. Helena
hantavirus,About 40 passengers left a ship that was hit by hantavirus at the island of St. Helena
island of St. Helena,About 40 passengers left a ship that was hit by hantavirus at the island of St. Helena
Africa,About 40 passengers left a ship that was hit by hantavirus at the island of St. Helena
Saint Helena,About 40 passengers left a ship that was hit by hantavirus at the island of St. Helena
St. Helena,About 40 passengers left a ship that was hit by hantavirus at the island of St. Helena
newsday.com,Hantavirus outbreak linked to a cruise ship
2026-05-07,Hantavirus outbreak linked to a cruise ship
cruise ship,Hantavirus outbreak linked to a cruise ship
Hantavirus,Hantavirus outbreak linked to a cruise ship
whdh.com,A cruise ship with a hantavirus outbreak is heading to the Canary Islands after three passengers were evacuated.
2026-05-07,A cruise ship with a hantavirus outbreak is heading to the Canary Islands after three passengers were evacuated.
passengers,A cruise ship with a hantavirus outbreak is heading to the Canary Islands after three passengers were evacuated.
cruise ship,A cruise ship with a hantavirus outbreak is heading to the Canary Islands after three passengers were evacuated.
Canary Islands,A cruise ship with a hantavirus outbreak is heading to the Canary Islands after three passengers were evacuated.
Europe,A cruise ship with a hantavirus outbreak is heading to the Canary Islands after three passengers were evacuated.
Spain,A cruise ship with a hantavirus outbreak is heading to the Canary Islands after three passengers were evacuated.
dailystar.co.uk,There is chaos in Europe due to an increase in hantavirus cases.
2026-05-07,There is chaos in Europe due to an increase in hantavirus cases.
Europe,There is chaos in Europe due to an increase in hantavirus cases.
npr.org,Passengers left a ship due to hantavirus concerns in St. Helena.
2026-05-07,Passengers left a ship due to hantavirus concerns in St. Helena.
Passengers,Passengers left a ship due to hantavirus concerns in St. Helena.
ship,Passengers left a ship due to hantavirus concerns in St. Helena.
hantavirus,Passengers left a ship due to hantavirus concerns in St. Helena.
St. Helena,Passengers left a ship due to hantavirus concerns in St. Helena.
Africa,Passengers left a ship due to hantavirus concerns in St. Helena.
Saint Helena,Passengers left a ship due to hantavirus concerns in St. Helena.
alltop.com,Passengers left a ship due to hantavirus concerns in St. Helena.
dailymail.co.uk,A woman describes her hallucinations after being infected with a deadly hantavirus.
2026-05-07,A woman describes her hallucinations after being infected with a deadly hantavirus.
woman,A woman describes her hallucinations after being infected with a deadly hantavirus.
hantavirus,A woman describes her hallucinations after being infected with a deadly hantavirus.
dailymail.co.uk,"Potential hantavirus carriers from a cruise ship could spread the virus globally, affecting passengers from multiple countries."
2026-05-07,"Potential hantavirus carriers from a cruise ship could spread the virus globally, affecting passengers from multiple countries."
passengers,"Potential hantavirus carriers from a cruise ship could spread the virus globally, affecting passengers from multiple countries."
cruise ship,"Potential hantavirus carriers from a cruise ship could spread the virus globally, affecting passengers from multiple countries."
multiple countries,"Potential hantavirus carriers from a cruise ship could spread the virus globally, affecting passengers from multiple countries."
hantavirus carriers,"Potential hantavirus carriers from a cruise ship could spread the virus globally, affecting passengers from multiple countries."
Asia,"Potential hantavirus carriers from a cruise ship could spread the virus globally, affecting passengers from multiple countries."
North America,"Potential hantavirus carriers from a cruise ship could spread the virus globally, affecting passengers from multiple countries."
Europe,"Potential hantavirus carriers from a cruise ship could spread the virus globally, affecting passengers from multiple countries."
South America,"Potential hantavirus carriers from a cruise ship could spread the virus globally, affecting passengers from multiple countries."
Africa,"Potential hantavirus carriers from a cruise ship could spread the virus globally, affecting passengers from multiple countries."
Australia,"Potential hantavirus carriers from a cruise ship could spread the virus globally, affecting passengers from multiple countries."
dailymail.co.uk,"A hantavirus outbreak is believed to have originated in an Argentinian town, leading to catastrophic implications."
2026-05-07,"A hantavirus outbreak is believed to have originated in an Argentinian town, leading to catastrophic implications."
hantavirus,"A hantavirus outbreak is believed to have originated in an Argentinian town, leading to catastrophic implications."
Argentinian town,"A hantavirus outbreak is believed to have originated in an Argentinian town, leading to catastrophic implications."
South America,"A hantavirus outbreak is believed to have originated in an Argentinian town, leading to catastrophic implications."
Argentina,"A hantavirus outbreak is believed to have originated in an Argentinian town, leading to catastrophic implications."
nypost.com,Discussion of hantavirus concerns and other deadly animal-to-human diseases
2026-05-07,Discussion of hantavirus concerns and other deadly animal-to-human diseases
hantavirus,Discussion of hantavirus concerns and other deadly animal-to-human diseases
animal-to-human diseases,Discussion of hantavirus concerns and other deadly animal-to-human diseases
metro.co.uk,A flight attendant has been hospitalized due to hantavirus infection from a cruise near the Canary Islands.
2026-05-07,A flight attendant has been hospitalized due to hantavirus infection from a cruise near the Canary Islands.
cruise,A flight attendant has been hospitalized due to hantavirus infection from a cruise near the Canary Islands.
flight attendant,A flight attendant has been hospitalized due to hantavirus infection from a cruise near the Canary Islands.
hantavirus,A flight attendant has been hospitalized due to hantavirus infection from a cruise near the Canary Islands.
Canary Islands,A flight attendant has been hospitalized due to hantavirus infection from a cruise near the Canary Islands.
Europe,A flight attendant has been hospitalized due to hantavirus infection from a cruise near the Canary Islands.
Spain,A flight attendant has been hospitalized due to hantavirus infection from a cruise near the Canary Islands.
ca.headtopics.com,A deadly hantavirus outbreak has stranded a cruise ship off the coast.
2026-05-07,A deadly hantavirus outbreak has stranded a cruise ship off the coast.
cruise ship,A deadly hantavirus outbreak has stranded a cruise ship off the coast.
hantavirus,A deadly hantavirus outbreak has stranded a cruise ship off the coast.
headtopics.com,A deadly hantavirus outbreak has stranded a cruise ship off the coast.
ch.headtopics.com,A flight attendant has been isolated due to a hantavirus outbreak in Amsterdam.
2026-05-07,A flight attendant has been isolated due to a hantavirus outbreak in Amsterdam.
flight attendant,A flight attendant has been isolated due to a hantavirus outbreak in Amsterdam.
Amsterdam,A flight attendant has been isolated due to a hantavirus outbreak in Amsterdam.
hantavirus,A flight attendant has been isolated due to a hantavirus outbreak in Amsterdam.
Europe,A flight attendant has been isolated due to a hantavirus outbreak in Amsterdam.
Netherlands,A flight attendant has been isolated due to a hantavirus outbreak in Amsterdam.
North Holland,A flight attendant has been isolated due to a hantavirus outbreak in Amsterdam.
headtopics.com,A flight attendant has been isolated due to a hantavirus outbreak in Amsterdam.
ch.headtopics.com,A flight attendant remains in isolation amid a hantavirus outbreak.
2026-05-07,A flight attendant remains in isolation amid a hantavirus outbreak.
flight attendant,A flight attendant remains in isolation amid a hantavirus outbreak.
headtopics.com,A flight attendant remains in isolation amid a hantavirus outbreak.
de.headtopics.com,Information on how to protect oneself and home from hantavirus danger.
2026-05-07,Information on how to protect oneself and home from hantavirus danger.
headtopics.com,Information on how to protect oneself and home from hantavirus danger.
fr.headtopics.com,A French cruise passenger has contracted hantavirus.
2026-05-07,A French cruise passenger has contracted hantavirus.
French cruise passenger,A French cruise passenger has contracted hantavirus.
Europe,A French cruise passenger has contracted hantavirus.
France,A French cruise passenger has contracted hantavirus.
headtopics.com,A French cruise passenger has contracted hantavirus.
nl.headtopics.com,All passengers on a KLM flight are victims related to a hantavirus case.
2026-05-07,All passengers on a KLM flight are victims related to a hantavirus case.
passengers,All passengers on a KLM flight are victims related to a hantavirus case.
victims,All passengers on a KLM flight are victims related to a hantavirus case.
KLM,All passengers on a KLM flight are victims related to a hantavirus case.
headtopics.com,All passengers on a KLM flight are victims related to a hantavirus case.
sg.headtopics.com,Singapore is monitoring travelers for Andes hantavirus following an outbreak.
2026-05-07,Singapore is monitoring travelers for Andes hantavirus following an outbreak.
travelers,Singapore is monitoring travelers for Andes hantavirus following an outbreak.
Singapore,Singapore is monitoring travelers for Andes hantavirus following an outbreak.
Asia,Singapore is monitoring travelers for Andes hantavirus following an outbreak.
headtopics.com,Singapore is monitoring travelers for Andes hantavirus following an outbreak.
nbcnews.com,A captain reported the first death of a passenger due to hantavirus on a cruise ship.
2026-05-07,A captain reported the first death of a passenger due to hantavirus on a cruise ship.
passenger,A captain reported the first death of a passenger due to hantavirus on a cruise ship.
cruise ship,A captain reported the first death of a passenger due to hantavirus on a cruise ship.
captain,A captain reported the first death of a passenger due to hantavirus on a cruise ship.
nbcnews.com,The captain reports on the first hantavirus-related death on the cruise ship.
2026-05-07,The captain reports on the first hantavirus-related death on the cruise ship.
cruise ship,The captain reports on the first hantavirus-related death on the cruise ship.
captain,The captain reports on the first hantavirus-related death on the cruise ship.
dailystar.co.uk,Information on hantavirus symptoms and how it spreads
2026-05-07,Information on hantavirus symptoms and how it spreads
yahoo.com/news,Hantavirus is a concern in the US
2026-05-07,Hantavirus is a concern in the US
US,Hantavirus is a concern in the US
Hantavirus,Hantavirus is a concern in the US
United States,Hantavirus is a concern in the US
North America,Hantavirus is a concern in the US
nbcnews.com,The US is monitoring a hantavirus case related to cruise passengers and a flight attendant.
2026-05-07,The US is monitoring a hantavirus case related to cruise passengers and a flight attendant.
US,The US is monitoring a hantavirus case related to cruise passengers and a flight attendant.
flight attendant,The US is monitoring a hantavirus case related to cruise passengers and a flight attendant.
cruise passengers,The US is monitoring a hantavirus case related to cruise passengers and a flight attendant.
United States,The US is monitoring a hantavirus case related to cruise passengers and a flight attendant.
North America,The US is monitoring a hantavirus case related to cruise passengers and a flight attendant.
ar.headtopics.com,There is controversy and alarm due to a hantavirus outbreak on a cruise.
2026-05-07,There is controversy and alarm due to a hantavirus outbreak on a cruise.
cruise,There is controversy and alarm due to a hantavirus outbreak on a cruise.
hantavirus,There is controversy and alarm due to a hantavirus outbreak on a cruise.
headtopics.com,There is controversy and alarm due to a hantavirus outbreak on a cruise.
ch.headtopics.com,A hantavirus outbreak has occurred on a cruise ship internationally.
2026-05-07,A hantavirus outbreak has occurred on a cruise ship internationally.
cruise ship,A hantavirus outbreak has occurred on a cruise ship internationally.
hantavirus,A hantavirus outbreak has occurred on a cruise ship internationally.
headtopics.com,A hantavirus outbreak has occurred on a cruise ship internationally.
it.headtopics.com,A global race is on to contain the hantavirus.
2026-05-07,A global race is on to contain the hantavirus.
hantavirus,A global race is on to contain the hantavirus.
headtopics.com,A global race is on to contain the hantavirus.
bostonherald.com,Passengers left a cruise ship due to hantavirus concerns.
2026-05-07,Passengers left a cruise ship due to hantavirus concerns.
passengers,Passengers left a cruise ship due to hantavirus concerns.
cruise ship,Passengers left a cruise ship due to hantavirus concerns.
livescience.com,"The Andes virus is identified as the only hantavirus that can spread between people, linked to a cruise ship incident."
2026-05-07,"The Andes virus is identified as the only hantavirus that can spread between people, linked to a cruise ship incident."
cruise ship,"The Andes virus is identified as the only hantavirus that can spread between people, linked to a cruise ship incident."
hantavirus,"The Andes virus is identified as the only hantavirus that can spread between people, linked to a cruise ship incident."
Andes virus,"The Andes virus is identified as the only hantavirus that can spread between people, linked to a cruise ship incident."
alltop.com,"The Andes virus is identified as the only hantavirus that can spread between people, linked to a cruise ship incident."
washingtonpost.com,"A hantavirus outbreak related to a cruise is under investigation, focusing on contact tracing."
2026-05-07,"A hantavirus outbreak related to a cruise is under investigation, focusing on contact tracing."
cruise,"A hantavirus outbreak related to a cruise is under investigation, focusing on contact tracing."
hantavirus,"A hantavirus outbreak related to a cruise is under investigation, focusing on contact tracing."
alltop.com,"A hantavirus outbreak related to a cruise is under investigation, focusing on contact tracing."
de.headtopics.com,Flight attendant in contact with hantavirus patient
2026-05-07,Flight attendant in contact with hantavirus patient
Flight attendant,Flight attendant in contact with hantavirus patient
hantavirus patient,Flight attendant in contact with hantavirus patient
headtopics.com,Flight attendant in contact with hantavirus patient
lemonde.fr,Passengers with symptoms have been evacuated from the MV Hondius due to hantavirus concerns.
2026-05-07,Passengers with symptoms have been evacuated from the MV Hondius due to hantavirus concerns.
Passengers,Passengers with symptoms have been evacuated from the MV Hondius due to hantavirus concerns.
MV Hondius,Passengers with symptoms have been evacuated from the MV Hondius due to hantavirus concerns.
abc7chicago.com,Officials are racing to trace the contacts of hantavirus victims on a cruise ship heading to Spain's Canary Islands.
2026-05-07,Officials are racing to trace the contacts of hantavirus victims on a cruise ship heading to Spain's Canary Islands.
Officials,Officials are racing to trace the contacts of hantavirus victims on a cruise ship heading to Spain's Canary Islands.
cruise ship,Officials are racing to trace the contacts of hantavirus victims on a cruise ship heading to Spain's Canary Islands.
Spain,Officials are racing to trace the contacts of hantavirus victims on a cruise ship heading to Spain's Canary Islands.
Canary Islands,Officials are racing to trace the contacts of hantavirus victims on a cruise ship heading to Spain's Canary Islands.
hantavirus victims,Officials are racing to trace the contacts of hantavirus victims on a cruise ship heading to Spain's Canary Islands.
Europe,Officials are racing to trace the contacts of hantavirus victims on a cruise ship heading to Spain's Canary Islands.
foxnews.com,Officials are trying to locate 40 passengers who disembarked from a cruise ship affected by hantavirus.
2026-05-07,Officials are trying to locate 40 passengers who disembarked from a cruise ship affected by hantavirus.
passengers,Officials are trying to locate 40 passengers who disembarked from a cruise ship affected by hantavirus.
Officials,Officials are trying to locate 40 passengers who disembarked from a cruise ship affected by hantavirus.
cruise ship,Officials are trying to locate 40 passengers who disembarked from a cruise ship affected by hantavirus.
noticias.foxnews.com,Officials are trying to locate 40 passengers who disembarked from a cruise ship affected by hantavirus.
abc7news.com,Officials are attempting to trace victims and contacts related to a hantavirus outbreak linked to a cruise ship in Spain's Canary Islands.
2026-05-07,Officials are attempting to trace victims and contacts related to a hantavirus outbreak linked to a cruise ship in Spain's Canary Islands.
Officials,Officials are attempting to trace victims and contacts related to a hantavirus outbreak linked to a cruise ship in Spain's Canary Islands.
victims,Officials are attempting to trace victims and contacts related to a hantavirus outbreak linked to a cruise ship in Spain's Canary Islands.
cruise ship,Officials are attempting to trace victims and contacts related to a hantavirus outbreak linked to a cruise ship in Spain's Canary Islands.
Spain,Officials are attempting to trace victims and contacts related to a hantavirus outbreak linked to a cruise ship in Spain's Canary Islands.
Canary Islands,Officials are attempting to trace victims and contacts related to a hantavirus outbreak linked to a cruise ship in Spain's Canary Islands.
contacts,Officials are attempting to trace victims and contacts related to a hantavirus outbreak linked to a cruise ship in Spain's Canary Islands.
hantavirus outbreak,Officials are attempting to trace victims and contacts related to a hantavirus outbreak linked to a cruise ship in Spain's Canary Islands.
Europe,Officials are attempting to trace victims and contacts related to a hantavirus outbreak linked to a cruise ship in Spain's Canary Islands.
dailystar.co.uk,Information about the symptoms of hantavirus.
2026-05-07,Information about the symptoms of hantavirus.
ar.headtopics.com,Hantavirus outbreak reported on a cruise ship
2026-05-07,Hantavirus outbreak reported on a cruise ship
cruise ship,Hantavirus outbreak reported on a cruise ship
Hantavirus,Hantavirus outbreak reported on a cruise ship
headtopics.com,Hantavirus outbreak reported on a cruise ship
es.headtopics.com,Hantavirus is a well-known virus for science
2026-05-07,Hantavirus is a well-known virus for science
headtopics.com,Hantavirus is a well-known virus for science
ie.headtopics.com,Man under observation for potential hantavirus infection
2026-05-07,Man under observation for potential hantavirus infection
man,Man under observation for potential hantavirus infection
headtopics.com,Man under observation for potential hantavirus infection
us.headtopics.com,Andes virus is the only hantavirus strain that can spread person-to-person
2026-05-07,Andes virus is the only hantavirus strain that can spread person-to-person
hantavirus,Andes virus is the only hantavirus strain that can spread person-to-person
Andes virus,Andes virus is the only hantavirus strain that can spread person-to-person
headtopics.com,Andes virus is the only hantavirus strain that can spread person-to-person
laopinion.com,"California, Colorado, New Mexico, and Arizona are at risk of hantavirus and the means of transmission are discussed."
2026-05-07,"California, Colorado, New Mexico, and Arizona are at risk of hantavirus and the means of transmission are discussed."
California,"California, Colorado, New Mexico, and Arizona are at risk of hantavirus and the means of transmission are discussed."
Colorado,"California, Colorado, New Mexico, and Arizona are at risk of hantavirus and the means of transmission are discussed."
New Mexico,"California, Colorado, New Mexico, and Arizona are at risk of hantavirus and the means of transmission are discussed."
Arizona,"California, Colorado, New Mexico, and Arizona are at risk of hantavirus and the means of transmission are discussed."
United States,"California, Colorado, New Mexico, and Arizona are at risk of hantavirus and the means of transmission are discussed."
North America,"California, Colorado, New Mexico, and Arizona are at risk of hantavirus and the means of transmission are discussed."
video.corriere.it,"A passenger has died on a ship, and the situation is very sad and tragic due to hantavirus."
2026-05-07,"A passenger has died on a ship, and the situation is very sad and tragic due to hantavirus."
passenger,"A passenger has died on a ship, and the situation is very sad and tragic due to hantavirus."
ship,"A passenger has died on a ship, and the situation is very sad and tragic due to hantavirus."
hantavirus,"A passenger has died on a ship, and the situation is very sad and tragic due to hantavirus."
nypost.com,Passengers on MV Hondius were informed about the first hantavirus death in an eerie moment.
2026-05-07,Passengers on MV Hondius were informed about the first hantavirus death in an eerie moment.
Passengers,Passengers on MV Hondius were informed about the first hantavirus death in an eerie moment.
MV Hondius,Passengers on MV Hondius were informed about the first hantavirus death in an eerie moment.
dailymail.co.uk,Hantavirus is an incurable virus that can kill upon exposure.
2026-05-07,Hantavirus is an incurable virus that can kill upon exposure.
abc7.com,California is monitoring residents who were aboard a hantavirus cruise ship.
2026-05-07,California is monitoring residents who were aboard a hantavirus cruise ship.
California,California is monitoring residents who were aboard a hantavirus cruise ship.
residents,California is monitoring residents who were aboard a hantavirus cruise ship.
hantavirus cruise ship,California is monitoring residents who were aboard a hantavirus cruise ship.
United States,California is monitoring residents who were aboard a hantavirus cruise ship.
North America,California is monitoring residents who were aboard a hantavirus cruise ship.
nytimes.com,A report on a hantavirus outbreak related to a cruise ship.
2026-05-07,A report on a hantavirus outbreak related to a cruise ship.
cruise ship,A report on a hantavirus outbreak related to a cruise ship.
hantavirus,A report on a hantavirus outbreak related to a cruise ship.
alltop.com,A report on a hantavirus outbreak related to a cruise ship.
univision.com,"A hantavirus outbreak on a cruise ship is under global monitoring, with the U.S. concerned about cases in Arizona and Georgia."
2026-05-07,"A hantavirus outbreak on a cruise ship is under global monitoring, with the U.S. concerned about cases in Arizona and Georgia."
Georgia,"A hantavirus outbreak on a cruise ship is under global monitoring, with the U.S. concerned about cases in Arizona and Georgia."
U.S.,"A hantavirus outbreak on a cruise ship is under global monitoring, with the U.S. concerned about cases in Arizona and Georgia."
cruise ship,"A hantavirus outbreak on a cruise ship is under global monitoring, with the U.S. concerned about cases in Arizona and Georgia."
Arizona,"A hantavirus outbreak on a cruise ship is under global monitoring, with the U.S. concerned about cases in Arizona and Georgia."
hantavirus,"A hantavirus outbreak on a cruise ship is under global monitoring, with the U.S. concerned about cases in Arizona and Georgia."
United States,"A hantavirus outbreak on a cruise ship is under global monitoring, with the U.S. concerned about cases in Arizona and Georgia."
North America,"A hantavirus outbreak on a cruise ship is under global monitoring, with the U.S. concerned about cases in Arizona and Georgia."
elpais.com,"The PP is escalating political conflict over hantavirus, leading to chaos."
2026-05-07,"The PP is escalating political conflict over hantavirus, leading to chaos."
PP,"The PP is escalating political conflict over hantavirus, leading to chaos."
elpais.com,Port workers in Granadilla threaten to block facilities when a cruise ship with a hantavirus outbreak arrives.
2026-05-07,Port workers in Granadilla threaten to block facilities when a cruise ship with a hantavirus outbreak arrives.
cruise ship,Port workers in Granadilla threaten to block facilities when a cruise ship with a hantavirus outbreak arrives.
Granadilla,Port workers in Granadilla threaten to block facilities when a cruise ship with a hantavirus outbreak arrives.
Port workers,Port workers in Granadilla threaten to block facilities when a cruise ship with a hantavirus outbreak arrives.
Europe,Port workers in Granadilla threaten to block facilities when a cruise ship with a hantavirus outbreak arrives.
Spain,Port workers in Granadilla threaten to block facilities when a cruise ship with a hantavirus outbreak arrives.
Canary Islands,Port workers in Granadilla threaten to block facilities when a cruise ship with a hantavirus outbreak arrives.
abc7news.com,California is monitoring residents who were aboard a hantavirus cruise ship.
jdrucker.substack.com,Discussion about hantavirus in relation to a cruise and its implications.
2026-05-07,Discussion about hantavirus in relation to a cruise and its implications.
cruise,Discussion about hantavirus in relation to a cruise and its implications.
hantavirus,Discussion about hantavirus in relation to a cruise and its implications.
thelibertydaily.com,Discussion about hantavirus in relation to a cruise and its implications.
marca.com,There is a possible hantavirus case involving a KLM flight attendant being investigated in the Netherlands.
2026-05-07,There is a possible hantavirus case involving a KLM flight attendant being investigated in the Netherlands.
KLM,There is a possible hantavirus case involving a KLM flight attendant being investigated in the Netherlands.
flight attendant,There is a possible hantavirus case involving a KLM flight attendant being investigated in the Netherlands.
Netherlands,There is a possible hantavirus case involving a KLM flight attendant being investigated in the Netherlands.
Europe,There is a possible hantavirus case involving a KLM flight attendant being investigated in the Netherlands.
abcnews.com,Dozens of passengers left a cruise ship affected by hantavirus.
2026-05-07,Dozens of passengers left a cruise ship affected by hantavirus.
passengers,Dozens of passengers left a cruise ship affected by hantavirus.
cruise ship,Dozens of passengers left a cruise ship affected by hantavirus.
abcnews.go.com,Dozens of passengers left a cruise ship affected by hantavirus.
breitbart.com,Spain is disclosing health protocol details for an impending hantavirus outbreak related to a ship.
2026-05-07,Spain is disclosing health protocol details for an impending hantavirus outbreak related to a ship.
ship,Spain is disclosing health protocol details for an impending hantavirus outbreak related to a ship.
Spain,Spain is disclosing health protocol details for an impending hantavirus outbreak related to a ship.
hantavirus,Spain is disclosing health protocol details for an impending hantavirus outbreak related to a ship.
health protocol,Spain is disclosing health protocol details for an impending hantavirus outbreak related to a ship.
Europe,Spain is disclosing health protocol details for an impending hantavirus outbreak related to a ship.
yahoo.com/news,Hantavirus cases are now suspected in 5 individuals.
2026-05-07,Hantavirus cases are now suspected in 5 individuals.
individuals,Hantavirus cases are now suspected in 5 individuals.
Hantavirus,Hantavirus cases are now suspected in 5 individuals.
huffpost.com,Dozens of passengers left a cruise ship after a hantavirus-stricken death.
2026-05-07,Dozens of passengers left a cruise ship after a hantavirus-stricken death.
passengers,Dozens of passengers left a cruise ship after a hantavirus-stricken death.
cruise ship,Dozens of passengers left a cruise ship after a hantavirus-stricken death.
rte.ie,Report on hantavirus outbreak linked to a cruise ship.
2026-05-07,Report on hantavirus outbreak linked to a cruise ship.
cruise ship,Report on hantavirus outbreak linked to a cruise ship.
hantavirus,Report on hantavirus outbreak linked to a cruise ship.
memeorandum.com,Report on hantavirus outbreak linked to a cruise ship.
dailymail.com,Hantavirus is an incurable virus that can be deadly upon exposure.
2026-05-07,Hantavirus is an incurable virus that can be deadly upon exposure.
dailymail.co.uk,Hantavirus is an incurable virus that can be deadly upon exposure.
de.headtopics.com,"Hantavirus diseases reported on ship, authorities searching."
2026-05-07,"Hantavirus diseases reported on ship, authorities searching."
authorities,"Hantavirus diseases reported on ship, authorities searching."
Hantavirus,"Hantavirus diseases reported on ship, authorities searching."
headtopics.com,"Hantavirus diseases reported on ship, authorities searching."
es.headtopics.com,Influencer criticizes management of hantavirus outbreak.
2026-05-07,Influencer criticizes management of hantavirus outbreak.
Influencer,Influencer criticizes management of hantavirus outbreak.
management,Influencer criticizes management of hantavirus outbreak.
hantavirus outbreak,Influencer criticizes management of hantavirus outbreak.
headtopics.com,Influencer criticizes management of hantavirus outbreak.
univision.com,"Georgia, Arizona, and California are monitoring possible hantavirus cases after an outbreak on the MV Hondius"
2026-05-07,"Georgia, Arizona, and California are monitoring possible hantavirus cases after an outbreak on the MV Hondius"
Georgia,"Georgia, Arizona, and California are monitoring possible hantavirus cases after an outbreak on the MV Hondius"
California,"Georgia, Arizona, and California are monitoring possible hantavirus cases after an outbreak on the MV Hondius"
Arizona,"Georgia, Arizona, and California are monitoring possible hantavirus cases after an outbreak on the MV Hondius"
MV Hondius,"Georgia, Arizona, and California are monitoring possible hantavirus cases after an outbreak on the MV Hondius"
United States,"Georgia, Arizona, and California are monitoring possible hantavirus cases after an outbreak on the MV Hondius"
North America,"Georgia, Arizona, and California are monitoring possible hantavirus cases after an outbreak on the MV Hondius"
independent.co.uk,Hantavirus outbreak linked to cruise ship
2026-05-07,Hantavirus outbreak linked to cruise ship
independent.co.uk,Rats on cruise ship spread hantavirus to the UK
2026-05-07,Rats on cruise ship spread hantavirus to the UK
cruise ship,Rats on cruise ship spread hantavirus to the UK
UK,Rats on cruise ship spread hantavirus to the UK
Rats,Rats on cruise ship spread hantavirus to the UK
Europe,Rats on cruise ship spread hantavirus to the UK
United Kingdom,Rats on cruise ship spread hantavirus to the UK
lemonde.fr,"Cinq cas de hantavirus confirmés sur un navire de croisière, selon l'OMS."
2026-05-07,"Cinq cas de hantavirus confirmés sur un navire de croisière, selon l'OMS."
hantavirus,"Cinq cas de hantavirus confirmés sur un navire de croisière, selon l'OMS."
OMS,"Cinq cas de hantavirus confirmés sur un navire de croisière, selon l'OMS."
navire de croisière,"Cinq cas de hantavirus confirmés sur un navire de croisière, selon l'OMS."
us.headtopics.com,Dozens of passengers left a cruise ship affected by hantavirus.
headtopics.com,Dozens of passengers left a cruise ship affected by hantavirus.
nypost.com,Americans who were on a hantavirus-infected cruise ship are returning home to three states.
2026-05-07,Americans who were on a hantavirus-infected cruise ship are returning home to three states.
Americans,Americans who were on a hantavirus-infected cruise ship are returning home to three states.
cruise ship,Americans who were on a hantavirus-infected cruise ship are returning home to three states.
three states,Americans who were on a hantavirus-infected cruise ship are returning home to three states.
United States,Americans who were on a hantavirus-infected cruise ship are returning home to three states.
North America,Americans who were on a hantavirus-infected cruise ship are returning home to three states.
cbc.ca,Outbreak of hantavirus on a cruise ship
2026-05-07,Outbreak of hantavirus on a cruise ship
cruise ship,Outbreak of hantavirus on a cruise ship
dailymail.co.uk,Updates on a hantavirus outbreak connected to a cruise ship according to the World Health Organization.
2026-05-07,Updates on a hantavirus outbreak connected to a cruise ship according to the World Health Organization.
cruise ship,Updates on a hantavirus outbreak connected to a cruise ship according to the World Health Organization.
hantavirus,Updates on a hantavirus outbreak connected to a cruise ship according to the World Health Organization.
World Health Organization,Updates on a hantavirus outbreak connected to a cruise ship according to the World Health Organization.
dailymail.com,Updates on a hantavirus outbreak connected to a cruise ship according to the World Health Organization.
gbnews.com,There are more cases of hantavirus according to the latest WHO update.
2026-05-07,There are more cases of hantavirus according to the latest WHO update.
WHO,There are more cases of hantavirus according to the latest WHO update.
michiganpublic.org,About 40 passengers previously left a ship hit by hantavirus at the Island of St. Helena
2026-05-07,About 40 passengers previously left a ship hit by hantavirus at the Island of St. Helena
passengers,About 40 passengers previously left a ship hit by hantavirus at the Island of St. Helena
ship,About 40 passengers previously left a ship hit by hantavirus at the Island of St. Helena
hantavirus,About 40 passengers previously left a ship hit by hantavirus at the Island of St. Helena
Island of St. Helena,About 40 passengers previously left a ship hit by hantavirus at the Island of St. Helena
Africa,About 40 passengers previously left a ship hit by hantavirus at the Island of St. Helena
Saint Helena,About 40 passengers previously left a ship hit by hantavirus at the Island of St. Helena
St. Helena,About 40 passengers previously left a ship hit by hantavirus at the Island of St. Helena
theepochtimes.com,The US is monitoring a hantavirus outbreak related to a polar cruise vessel.
2026-05-07,The US is monitoring a hantavirus outbreak related to a polar cruise vessel.
US,The US is monitoring a hantavirus outbreak related to a polar cruise vessel.
hantavirus,The US is monitoring a hantavirus outbreak related to a polar cruise vessel.
polar cruise vessel,The US is monitoring a hantavirus outbreak related to a polar cruise vessel.
United States,The US is monitoring a hantavirus outbreak related to a polar cruise vessel.
North America,The US is monitoring a hantavirus outbreak related to a polar cruise vessel.
whatfinger.com,The US is monitoring a hantavirus outbreak related to a polar cruise vessel.
boredpanda.com,Panic over hantavirus as returned cruise passengers are monitored for confirmed infections.
2026-05-07,Panic over hantavirus as returned cruise passengers are monitored for confirmed infections.
cruise passengers,Panic over hantavirus as returned cruise passengers are monitored for confirmed infections.
ktvz.com,Hantavirus cases are suspected in 5 countries with ongoing containment efforts
2026-05-07,Hantavirus cases are suspected in 5 countries with ongoing containment efforts
countries,Hantavirus cases are suspected in 5 countries with ongoing containment efforts
Hantavirus,Hantavirus cases are suspected in 5 countries with ongoing containment efforts
Earth,Hantavirus cases are suspected in 5 countries with ongoing containment efforts
Planet,Hantavirus cases are suspected in 5 countries with ongoing containment efforts
5 countries,Hantavirus cases are suspected in 5 countries with ongoing containment efforts
whdh.com,Passengers left a cruise ship after a hantavirus case resulted in a fatality.
2026-05-07,Passengers left a cruise ship after a hantavirus case resulted in a fatality.
passengers,Passengers left a cruise ship after a hantavirus case resulted in a fatality.
cruise ship,Passengers left a cruise ship after a hantavirus case resulted in a fatality.
hantavirus case,Passengers left a cruise ship after a hantavirus case resulted in a fatality.
palmbeachpost.com,There are hantavirus cases related to cotton rats in Florida and advice on how to protect yourself.
2026-05-07,There are hantavirus cases related to cotton rats in Florida and advice on how to protect yourself.
Florida,There are hantavirus cases related to cotton rats in Florida and advice on how to protect yourself.
hantavirus,There are hantavirus cases related to cotton rats in Florida and advice on how to protect yourself.
cotton rats,There are hantavirus cases related to cotton rats in Florida and advice on how to protect yourself.
United States,There are hantavirus cases related to cotton rats in Florida and advice on how to protect yourself.
North America,There are hantavirus cases related to cotton rats in Florida and advice on how to protect yourself.
today.com,Discussion on the hantavirus and its potential pandemic risk on cruise ships in relation to COVID-19
2026-05-07,Discussion on the hantavirus and its potential pandemic risk on cruise ships in relation to COVID-19
COVID-19,Discussion on the hantavirus and its potential pandemic risk on cruise ships in relation to COVID-19
cruise ships,Discussion on the hantavirus and its potential pandemic risk on cruise ships in relation to COVID-19
hantavirus,Discussion on the hantavirus and its potential pandemic risk on cruise ships in relation to COVID-19
infonews.ca,Two Canadian passengers from a hantavirus cruise are in Ontario
2026-05-07,Two Canadian passengers from a hantavirus cruise are in Ontario
Ontario,Two Canadian passengers from a hantavirus cruise are in Ontario
Canadian passengers,Two Canadian passengers from a hantavirus cruise are in Ontario
hantavirus cruise,Two Canadian passengers from a hantavirus cruise are in Ontario
North America,Two Canadian passengers from a hantavirus cruise are in Ontario
Canada,Two Canadian passengers from a hantavirus cruise are in Ontario
theepochtimes.com,An outbreak of hantavirus is being closely monitored among passengers on a cruise vessel that was stricken.
2026-05-07,An outbreak of hantavirus is being closely monitored among passengers on a cruise vessel that was stricken.
passengers,An outbreak of hantavirus is being closely monitored among passengers on a cruise vessel that was stricken.
cruise vessel,An outbreak of hantavirus is being closely monitored among passengers on a cruise vessel that was stricken.
whatfinger.com,An outbreak of hantavirus is being closely monitored among passengers on a cruise vessel that was stricken.
ca.headtopics.com,Hantavirus outbreak on cruise ship
2026-05-07,Hantavirus outbreak on cruise ship
cruise ship,Hantavirus outbreak on cruise ship
Hantavirus,Hantavirus outbreak on cruise ship
headtopics.com,Hantavirus outbreak on cruise ship
es.headtopics.com,Concerns about cruise ship landing with hantavirus
2026-05-07,Concerns about cruise ship landing with hantavirus
cruise ship,Concerns about cruise ship landing with hantavirus
headtopics.com,Concerns about cruise ship landing with hantavirus
es.headtopics.com,WHO confirms five hantavirus cases
2026-05-07,WHO confirms five hantavirus cases
WHO,WHO confirms five hantavirus cases
headtopics.com,WHO confirms five hantavirus cases
uk.headtopics.com,Update on British passengers from hantavirus cruise ship
2026-05-07,Update on British passengers from hantavirus cruise ship
cruise ship,Update on British passengers from hantavirus cruise ship
hantavirus,Update on British passengers from hantavirus cruise ship
British passengers,Update on British passengers from hantavirus cruise ship
Europe,Update on British passengers from hantavirus cruise ship
United Kingdom,Update on British passengers from hantavirus cruise ship
British,Update on British passengers from hantavirus cruise ship
headtopics.com,Update on British passengers from hantavirus cruise ship
us.headtopics.com,Virginia is the fourth state to initiate monitoring for hantavirus
2026-05-07,Virginia is the fourth state to initiate monitoring for hantavirus
Virginia,Virginia is the fourth state to initiate monitoring for hantavirus
United States,Virginia is the fourth state to initiate monitoring for hantavirus
North America,Virginia is the fourth state to initiate monitoring for hantavirus
headtopics.com,Virginia is the fourth state to initiate monitoring for hantavirus
ksl.com,Dozens of passengers left a cruise ship due to a hantavirus outbreak after the first fatality.
2026-05-07,Dozens of passengers left a cruise ship due to a hantavirus outbreak after the first fatality.
passengers,Dozens of passengers left a cruise ship due to a hantavirus outbreak after the first fatality.
cruise ship,Dozens of passengers left a cruise ship due to a hantavirus outbreak after the first fatality.
cbsnews.com,Passengers on the MV Hondius cruise ship are being monitored for hantavirus.
2026-05-07,Passengers on the MV Hondius cruise ship are being monitored for hantavirus.
cruise ship,Passengers on the MV Hondius cruise ship are being monitored for hantavirus.
Passengers,Passengers on the MV Hondius cruise ship are being monitored for hantavirus.
MV Hondius,Passengers on the MV Hondius cruise ship are being monitored for hantavirus.
ph.headtopics.com,Hantavirus outbreak on a cruise ship
2026-05-07,Hantavirus outbreak on a cruise ship
katu.com,Rep. Janelle Bynum is urging federal assistance for Americans affected by a hantavirus outbreak on a ship.
2026-05-07,Rep. Janelle Bynum is urging federal assistance for Americans affected by a hantavirus outbreak on a ship.
Americans,Rep. Janelle Bynum is urging federal assistance for Americans affected by a hantavirus outbreak on a ship.
Rep. Janelle Bynum,Rep. Janelle Bynum is urging federal assistance for Americans affected by a hantavirus outbreak on a ship.
United States,Rep. Janelle Bynum is urging federal assistance for Americans affected by a hantavirus outbreak on a ship.
North America,Rep. Janelle Bynum is urging federal assistance for Americans affected by a hantavirus outbreak on a ship.
metro.co.uk,Five cases of hantavirus confirmed
2026-05-07,Five cases of hantavirus confirmed
nypost.com,Hantavirus outbreak linked to a cruise ship
yahoo.com/news,Providing live updates on hantavirus
2026-05-07,Providing live updates on hantavirus
hantavirus,Providing live updates on hantavirus
independent.co.uk,"Information on hantavirus outbreak, including spread and symptoms."
2026-05-07,"Information on hantavirus outbreak, including spread and symptoms."
hindustantimes.com,"A cruise ship is in isolation due to a deadly hantavirus scare, with passengers sharing their experiences from the quarantined voyage."
2026-05-07,"A cruise ship is in isolation due to a deadly hantavirus scare, with passengers sharing their experiences from the quarantined voyage."
passengers,"A cruise ship is in isolation due to a deadly hantavirus scare, with passengers sharing their experiences from the quarantined voyage."
cruise ship,"A cruise ship is in isolation due to a deadly hantavirus scare, with passengers sharing their experiences from the quarantined voyage."
infonews.ca,Government reports that 3 Canadians are isolating at home due to a hantavirus outbreak.
2026-05-07,Government reports that 3 Canadians are isolating at home due to a hantavirus outbreak.
Government,Government reports that 3 Canadians are isolating at home due to a hantavirus outbreak.
Canadians,Government reports that 3 Canadians are isolating at home due to a hantavirus outbreak.
North America,Government reports that 3 Canadians are isolating at home due to a hantavirus outbreak.
Canada,Government reports that 3 Canadians are isolating at home due to a hantavirus outbreak.
laopinion.com,Cruise ships are conducive to the spread of infectious diseases due to hantavirus outbreak.
2026-05-07,Cruise ships are conducive to the spread of infectious diseases due to hantavirus outbreak.
Cruise ships,Cruise ships are conducive to the spread of infectious diseases due to hantavirus outbreak.
hantavirus outbreak,Cruise ships are conducive to the spread of infectious diseases due to hantavirus outbreak.
infectious diseases,Cruise ships are conducive to the spread of infectious diseases due to hantavirus outbreak.
laopinion.com,California and two other states are monitoring residents after a hantavirus outbreak on a cruise ship.
2026-05-07,California and two other states are monitoring residents after a hantavirus outbreak on a cruise ship.
California,California and two other states are monitoring residents after a hantavirus outbreak on a cruise ship.
residents,California and two other states are monitoring residents after a hantavirus outbreak on a cruise ship.
cruise ship,California and two other states are monitoring residents after a hantavirus outbreak on a cruise ship.
two other states,California and two other states are monitoring residents after a hantavirus outbreak on a cruise ship.
United States,California and two other states are monitoring residents after a hantavirus outbreak on a cruise ship.
North America,California and two other states are monitoring residents after a hantavirus outbreak on a cruise ship.
laopinion.com,The WHO stated that the hantavirus outbreak does not signify the start of a pandemic following 5 confirmed cases on a cruise ship heading to Spain.
2026-05-07,The WHO stated that the hantavirus outbreak does not signify the start of a pandemic following 5 confirmed cases on a cruise ship heading to Spain.
cruise ship,The WHO stated that the hantavirus outbreak does not signify the start of a pandemic following 5 confirmed cases on a cruise ship heading to Spain.
pandemic,The WHO stated that the hantavirus outbreak does not signify the start of a pandemic following 5 confirmed cases on a cruise ship heading to Spain.
Spain,The WHO stated that the hantavirus outbreak does not signify the start of a pandemic following 5 confirmed cases on a cruise ship heading to Spain.
hantavirus,The WHO stated that the hantavirus outbreak does not signify the start of a pandemic following 5 confirmed cases on a cruise ship heading to Spain.
WHO,The WHO stated that the hantavirus outbreak does not signify the start of a pandemic following 5 confirmed cases on a cruise ship heading to Spain.
Europe,The WHO stated that the hantavirus outbreak does not signify the start of a pandemic following 5 confirmed cases on a cruise ship heading to Spain.
marca.com,There is a rare possibility of developing a cure or vaccine for hantavirus.
2026-05-07,There is a rare possibility of developing a cure or vaccine for hantavirus.
infonews.ca,Government reports that 3 Canadians are isolating at home after a hantavirus outbreak on a ship.
2026-05-07,Government reports that 3 Canadians are isolating at home after a hantavirus outbreak on a ship.
Government,Government reports that 3 Canadians are isolating at home after a hantavirus outbreak on a ship.
ship,Government reports that 3 Canadians are isolating at home after a hantavirus outbreak on a ship.
hantavirus,Government reports that 3 Canadians are isolating at home after a hantavirus outbreak on a ship.
Canadians,Government reports that 3 Canadians are isolating at home after a hantavirus outbreak on a ship.
North America,Government reports that 3 Canadians are isolating at home after a hantavirus outbreak on a ship.
Canada,Government reports that 3 Canadians are isolating at home after a hantavirus outbreak on a ship.
6abc.com,"Hantavirus outbreak associated with a cruise ship heading to Spain's Canary Islands, with officials racing to trace victims' contacts."
2026-05-07,"Hantavirus outbreak associated with a cruise ship heading to Spain's Canary Islands, with officials racing to trace victims' contacts."
cruise ship,"Hantavirus outbreak associated with a cruise ship heading to Spain's Canary Islands, with officials racing to trace victims' contacts."
officials,"Hantavirus outbreak associated with a cruise ship heading to Spain's Canary Islands, with officials racing to trace victims' contacts."
Spain,"Hantavirus outbreak associated with a cruise ship heading to Spain's Canary Islands, with officials racing to trace victims' contacts."
Canary Islands,"Hantavirus outbreak associated with a cruise ship heading to Spain's Canary Islands, with officials racing to trace victims' contacts."
Hantavirus,"Hantavirus outbreak associated with a cruise ship heading to Spain's Canary Islands, with officials racing to trace victims' contacts."
Europe,"Hantavirus outbreak associated with a cruise ship heading to Spain's Canary Islands, with officials racing to trace victims' contacts."
latimes.com,Passengers are abandoning a cruise ship due to a hantavirus outbreak that resulted in a fatality.
2026-05-07,Passengers are abandoning a cruise ship due to a hantavirus outbreak that resulted in a fatality.
cruise ship,Passengers are abandoning a cruise ship due to a hantavirus outbreak that resulted in a fatality.
Passengers,Passengers are abandoning a cruise ship due to a hantavirus outbreak that resulted in a fatality.
br.headtopics.com,WHO states that the hantavirus outbreak in Cruzeiro is not the beginning of an epidemic.
2026-05-07,WHO states that the hantavirus outbreak in Cruzeiro is not the beginning of an epidemic.
hantavirus,WHO states that the hantavirus outbreak in Cruzeiro is not the beginning of an epidemic.
WHO,WHO states that the hantavirus outbreak in Cruzeiro is not the beginning of an epidemic.
Cruzeiro,WHO states that the hantavirus outbreak in Cruzeiro is not the beginning of an epidemic.
South America,WHO states that the hantavirus outbreak in Cruzeiro is not the beginning of an epidemic.
Brazil,WHO states that the hantavirus outbreak in Cruzeiro is not the beginning of an epidemic.
Minas Gerais,WHO states that the hantavirus outbreak in Cruzeiro is not the beginning of an epidemic.
headtopics.com,WHO states that the hantavirus outbreak in Cruzeiro is not the beginning of an epidemic.
za.headtopics.com,A rare hantavirus case triggers intensive contact tracing.
2026-05-07,A rare hantavirus case triggers intensive contact tracing.
hantavirus,A rare hantavirus case triggers intensive contact tracing.
headtopics.com,A rare hantavirus case triggers intensive contact tracing.
abc7ny.com,Claims that a suspected hantavirus cluster indicates it is not the start of the COVID pandemic.
2026-05-07,Claims that a suspected hantavirus cluster indicates it is not the start of the COVID pandemic.
suspected hantavirus cluster,Claims that a suspected hantavirus cluster indicates it is not the start of the COVID pandemic.
6abc.com,A suspected hantavirus cluster is not linked to the start of the COVID pandemic.
2026-05-07,A suspected hantavirus cluster is not linked to the start of the COVID pandemic.
elpais.com,"Information about the origin, recent cases, and preventive measures of hantavirus in Chile."
2026-05-07,"Information about the origin, recent cases, and preventive measures of hantavirus in Chile."
South America,"Information about the origin, recent cases, and preventive measures of hantavirus in Chile."
Chile,"Information about the origin, recent cases, and preventive measures of hantavirus in Chile."
elpais.com,Visual explanation of how hantavirus has been transmitted in a cruise outbreak.
2026-05-07,Visual explanation of how hantavirus has been transmitted in a cruise outbreak.
elpais.com,Latest updates on the hantavirus outbreak on the MV Hondius cruise.
2026-05-07,Latest updates on the hantavirus outbreak on the MV Hondius cruise.
cruise,Latest updates on the hantavirus outbreak on the MV Hondius cruise.
hantavirus,Latest updates on the hantavirus outbreak on the MV Hondius cruise.
MV Hondius,Latest updates on the hantavirus outbreak on the MV Hondius cruise.
independent.co.uk,Report on hantavirus outbreak and affected countries
2026-05-07,Report on hantavirus outbreak and affected countries
abc7news.com,There is a suspected hantavirus cluster that is being said not to have started during the COVID pandemic.
2026-05-07,There is a suspected hantavirus cluster that is being said not to have started during the COVID pandemic.
COVID pandemic,There is a suspected hantavirus cluster that is being said not to have started during the COVID pandemic.
hantavirus,There is a suspected hantavirus cluster that is being said not to have started during the COVID pandemic.
euronews.com,Tenerife locals are concerned but calm about hantavirus-affected cruise ship.
2026-05-07,Tenerife locals are concerned but calm about hantavirus-affected cruise ship.
cruise ship,Tenerife locals are concerned but calm about hantavirus-affected cruise ship.
Tenerife locals,Tenerife locals are concerned but calm about hantavirus-affected cruise ship.
Europe,Tenerife locals are concerned but calm about hantavirus-affected cruise ship.
Spain,Tenerife locals are concerned but calm about hantavirus-affected cruise ship.
Tenerife,Tenerife locals are concerned but calm about hantavirus-affected cruise ship.
Canary Islands,Tenerife locals are concerned but calm about hantavirus-affected cruise ship.
abc7.com,California and three states are monitoring residents who were on the cruise affected by hantavirus.
2026-05-07,California and three states are monitoring residents who were on the cruise affected by hantavirus.
California,California and three states are monitoring residents who were on the cruise affected by hantavirus.
residents,California and three states are monitoring residents who were on the cruise affected by hantavirus.
cruise,California and three states are monitoring residents who were on the cruise affected by hantavirus.
three states,California and three states are monitoring residents who were on the cruise affected by hantavirus.
United States,California and three states are monitoring residents who were on the cruise affected by hantavirus.
North America,California and three states are monitoring residents who were on the cruise affected by hantavirus.
yahoo.com/news,There is a hantavirus threat in NYC that residents should be aware of.
2026-05-07,There is a hantavirus threat in NYC that residents should be aware of.
residents,There is a hantavirus threat in NYC that residents should be aware of.
NYC,There is a hantavirus threat in NYC that residents should be aware of.
hantavirus,There is a hantavirus threat in NYC that residents should be aware of.
New York,There is a hantavirus threat in NYC that residents should be aware of.
United States,There is a hantavirus threat in NYC that residents should be aware of.
North America,There is a hantavirus threat in NYC that residents should be aware of.
New York City,There is a hantavirus threat in NYC that residents should be aware of.
infonews.ca,Health officials are tracking individuals who left a ship after a hantavirus death.
2026-05-07,Health officials are tracking individuals who left a ship after a hantavirus death.
individuals,Health officials are tracking individuals who left a ship after a hantavirus death.
Health officials,Health officials are tracking individuals who left a ship after a hantavirus death.
ship,Health officials are tracking individuals who left a ship after a hantavirus death.
wsj.com,Hantavirus contact tracing involving a cruise ship.
2026-05-07,Hantavirus contact tracing involving a cruise ship.
cruise ship,Hantavirus contact tracing involving a cruise ship.
Hantavirus,Hantavirus contact tracing involving a cruise ship.
drudgereport.com,Hantavirus contact tracing involving a cruise ship.
abcnews.com,A cluster of suspected hantavirus cases on a cruise ship is linked to the start of the COVID-19 pandemic.
2026-05-07,A cluster of suspected hantavirus cases on a cruise ship is linked to the start of the COVID-19 pandemic.
cruise ship,A cluster of suspected hantavirus cases on a cruise ship is linked to the start of the COVID-19 pandemic.
COVID-19 pandemic,A cluster of suspected hantavirus cases on a cruise ship is linked to the start of the COVID-19 pandemic.
abcnews.go.com,A cluster of suspected hantavirus cases on a cruise ship is linked to the start of the COVID-19 pandemic.
ktvz.com,A Bend doctor is involved in a cruise ship outbreak of hantavirus.
2026-05-07,A Bend doctor is involved in a cruise ship outbreak of hantavirus.
cruise ship,A Bend doctor is involved in a cruise ship outbreak of hantavirus.
Bend doctor,A Bend doctor is involved in a cruise ship outbreak of hantavirus.
United States,A Bend doctor is involved in a cruise ship outbreak of hantavirus.
North America,A Bend doctor is involved in a cruise ship outbreak of hantavirus.
Oregon,A Bend doctor is involved in a cruise ship outbreak of hantavirus.
Bend,A Bend doctor is involved in a cruise ship outbreak of hantavirus.
13newsnow.com,A hantavirus outbreak linked to a cruise ship has resulted in a traveler death in Virginia.
2026-05-07,A hantavirus outbreak linked to a cruise ship has resulted in a traveler death in Virginia.
Virginia,A hantavirus outbreak linked to a cruise ship has resulted in a traveler death in Virginia.
cruise ship,A hantavirus outbreak linked to a cruise ship has resulted in a traveler death in Virginia.
traveler,A hantavirus outbreak linked to a cruise ship has resulted in a traveler death in Virginia.
hantavirus,A hantavirus outbreak linked to a cruise ship has resulted in a traveler death in Virginia.
United States,A hantavirus outbreak linked to a cruise ship has resulted in a traveler death in Virginia.
North America,A hantavirus outbreak linked to a cruise ship has resulted in a traveler death in Virginia.
memeorandum.com,A hantavirus outbreak linked to a cruise ship has resulted in a traveler death in Virginia.
wltx.com,Two Georgia residents are being monitored after leaving a cruise ship associated with a deadly hantavirus outbreak.
2026-05-07,Two Georgia residents are being monitored after leaving a cruise ship associated with a deadly hantavirus outbreak.
cruise ship,Two Georgia residents are being monitored after leaving a cruise ship associated with a deadly hantavirus outbreak.
Georgia residents,Two Georgia residents are being monitored after leaving a cruise ship associated with a deadly hantavirus outbreak.
Georgia,Two Georgia residents are being monitored after leaving a cruise ship associated with a deadly hantavirus outbreak.
United States,Two Georgia residents are being monitored after leaving a cruise ship associated with a deadly hantavirus outbreak.
North America,Two Georgia residents are being monitored after leaving a cruise ship associated with a deadly hantavirus outbreak.
memeorandum.com,Two Georgia residents are being monitored after leaving a cruise ship associated with a deadly hantavirus outbreak.
yahoo.com/news,Deadly hantavirus concerns and questions in the USA
2026-05-07,Deadly hantavirus concerns and questions in the USA
USA,Deadly hantavirus concerns and questions in the USA
hantavirus,Deadly hantavirus concerns and questions in the USA
United States,Deadly hantavirus concerns and questions in the USA
North America,Deadly hantavirus concerns and questions in the USA
yahoo.com/news,Possible spread of hantavirus in NYC
2026-05-07,Possible spread of hantavirus in NYC
NYC,Possible spread of hantavirus in NYC
hantavirus,Possible spread of hantavirus in NYC
New York,Possible spread of hantavirus in NYC
United States,Possible spread of hantavirus in NYC
North America,Possible spread of hantavirus in NYC
New York City,Possible spread of hantavirus in NYC
yahoo.com/news,Hantavirus presence in the Washington DC area
2026-05-07,Hantavirus presence in the Washington DC area
Washington DC,Hantavirus presence in the Washington DC area
Hantavirus,Hantavirus presence in the Washington DC area
United States,Hantavirus presence in the Washington DC area
North America,Hantavirus presence in the Washington DC area
District of Columbia,Hantavirus presence in the Washington DC area
"Washington, D.C.",Hantavirus presence in the Washington DC area
cnnespanol.cnn.com,Hantavirus is expanding in Argentina with increased lethality.
2026-05-07,Hantavirus is expanding in Argentina with increased lethality.
Argentina,Hantavirus is expanding in Argentina with increased lethality.
Hantavirus,Hantavirus is expanding in Argentina with increased lethality.
South America,Hantavirus is expanding in Argentina with increased lethality.
cbsnews.com,There are cases of hantavirus linked to a deadly outbreak on a cruise ship.
2026-05-07,There are cases of hantavirus linked to a deadly outbreak on a cruise ship.
cruise ship,There are cases of hantavirus linked to a deadly outbreak on a cruise ship.
hantavirus,There are cases of hantavirus linked to a deadly outbreak on a cruise ship.
marca.com,The Minister of Health explains the transmission of hantavirus from a different everyday context.
2026-05-07,The Minister of Health explains the transmission of hantavirus from a different everyday context.
hantavirus,The Minister of Health explains the transmission of hantavirus from a different everyday context.
Minister of Health,The Minister of Health explains the transmission of hantavirus from a different everyday context.
washingtontimes.com,Two Texans exposed to hantavirus on a cruise ship have reported their situation to health officials.
2026-05-07,Two Texans exposed to hantavirus on a cruise ship have reported their situation to health officials.
Texans,Two Texans exposed to hantavirus on a cruise ship have reported their situation to health officials.
health officials,Two Texans exposed to hantavirus on a cruise ship have reported their situation to health officials.
United States,Two Texans exposed to hantavirus on a cruise ship have reported their situation to health officials.
North America,Two Texans exposed to hantavirus on a cruise ship have reported their situation to health officials.
Texas,Two Texans exposed to hantavirus on a cruise ship have reported their situation to health officials.
memeorandum.com,Two Texans exposed to hantavirus on a cruise ship have reported their situation to health officials.
yahoo.com/news,Information about hantavirus cases and their deadly nature.
2026-05-07,Information about hantavirus cases and their deadly nature.
yahoo.com/news,A timeline of a hantavirus outbreak linked to a cruise ship.
2026-05-07,A timeline of a hantavirus outbreak linked to a cruise ship.
michiganpublic.org,About 40 passengers from a ship affected by hantavirus-related incidents
2026-05-07,About 40 passengers from a ship affected by hantavirus-related incidents
passengers,About 40 passengers from a ship affected by hantavirus-related incidents
ship,About 40 passengers from a ship affected by hantavirus-related incidents
apnews.com,A timeline of events regarding a hantavirus outbreak on a cruise ship is presented.
2026-05-07,A timeline of events regarding a hantavirus outbreak on a cruise ship is presented.
cruise ship,A timeline of events regarding a hantavirus outbreak on a cruise ship is presented.
hantavirus,A timeline of events regarding a hantavirus outbreak on a cruise ship is presented.
thehill.com,Describes the causes of hantavirus in the US.
2026-05-07,Describes the causes of hantavirus in the US.
memeorandum.com,Describes the causes of hantavirus in the US.
deseret.com,Examines the safety of passengers returning from a hantavirus-affected cruise.
2026-05-07,Examines the safety of passengers returning from a hantavirus-affected cruise.
passengers,Examines the safety of passengers returning from a hantavirus-affected cruise.
cruise,Examines the safety of passengers returning from a hantavirus-affected cruise.
memeorandum.com,Examines the safety of passengers returning from a hantavirus-affected cruise.
nbc.com,Concerns are increasing over the spread of hantavirus following an outbreak linked to a cruise.
2026-05-07,Concerns are increasing over the spread of hantavirus following an outbreak linked to a cruise.
cruise,Concerns are increasing over the spread of hantavirus following an outbreak linked to a cruise.
hantavirus,Concerns are increasing over the spread of hantavirus following an outbreak linked to a cruise.
axios.com,A hantavirus outbreak occurred on a cruise ship during the COVID pandemic.
2026-05-07,A hantavirus outbreak occurred on a cruise ship during the COVID pandemic.
cruise ship,A hantavirus outbreak occurred on a cruise ship during the COVID pandemic.
COVID pandemic,A hantavirus outbreak occurred on a cruise ship during the COVID pandemic.
hantavirus,A hantavirus outbreak occurred on a cruise ship during the COVID pandemic.
alltop.com,A hantavirus outbreak occurred on a cruise ship during the COVID pandemic.
nypost.com,Ivermectin may cure hantavirus and is controversial as a treatment for COVID.
2026-05-07,Ivermectin may cure hantavirus and is controversial as a treatment for COVID.
COVID,Ivermectin may cure hantavirus and is controversial as a treatment for COVID.
hantavirus,Ivermectin may cure hantavirus and is controversial as a treatment for COVID.
Ivermectin,Ivermectin may cure hantavirus and is controversial as a treatment for COVID.
nypost.com,Information on the time it takes for hantavirus to be lethal.
2026-05-07,Information on the time it takes for hantavirus to be lethal.
townhall.com,Report on hantavirus outbreaks
2026-05-07,Report on hantavirus outbreaks
ms.now,The report covers efforts by officials to manage a hantavirus outbreak.
2026-05-07,The report covers efforts by officials to manage a hantavirus outbreak.
officials,The report covers efforts by officials to manage a hantavirus outbreak.
msnbc.com,The report covers efforts by officials to manage a hantavirus outbreak.
ms.now,The article provides important information regarding a deadly hantavirus outbreak.
2026-05-07,The article provides important information regarding a deadly hantavirus outbreak.
hantavirus,The article provides important information regarding a deadly hantavirus outbreak.
msnbc.com,The article provides important information regarding a deadly hantavirus outbreak.
news.yahoo.com,Information about hantavirus in Philadelphia
2026-05-07,Information about hantavirus in Philadelphia
Philadelphia,Information about hantavirus in Philadelphia
hantavirus,Information about hantavirus in Philadelphia
Pennsylvania,Information about hantavirus in Philadelphia
United States,Information about hantavirus in Philadelphia
North America,Information about hantavirus in Philadelphia
hindustantimes.com,There is a possible human spread of hantavirus and it cannot be ruled out.
2026-05-07,There is a possible human spread of hantavirus and it cannot be ruled out.
hantavirus,There is a possible human spread of hantavirus and it cannot be ruled out.
hindustantimes.com,"The WHO suggests the hantavirus outbreak carries a low risk, but more infections cannot be ruled out."
2026-05-07,"The WHO suggests the hantavirus outbreak carries a low risk, but more infections cannot be ruled out."
hantavirus,"The WHO suggests the hantavirus outbreak carries a low risk, but more infections cannot be ruled out."
WHO,"The WHO suggests the hantavirus outbreak carries a low risk, but more infections cannot be ruled out."
dailycaller.com,A hantavirus outbreak linked to a cruise ship is affecting multiple countries.
2026-05-07,A hantavirus outbreak linked to a cruise ship is affecting multiple countries.
cruise ship,A hantavirus outbreak linked to a cruise ship is affecting multiple countries.
hantavirus,A hantavirus outbreak linked to a cruise ship is affecting multiple countries.
multiple countries,A hantavirus outbreak linked to a cruise ship is affecting multiple countries.
memeorandum.com,A hantavirus outbreak linked to a cruise ship is affecting multiple countries.
vinnews.com,Health officials are tracking passengers who left a ship after a hantavirus-related fatality.
2026-05-07,Health officials are tracking passengers who left a ship after a hantavirus-related fatality.
passengers,Health officials are tracking passengers who left a ship after a hantavirus-related fatality.
Health officials,Health officials are tracking passengers who left a ship after a hantavirus-related fatality.
ship,Health officials are tracking passengers who left a ship after a hantavirus-related fatality.
memeorandum.com,Health officials are tracking passengers who left a ship after a hantavirus-related fatality.
dailymail.com,A hantavirus outbreak in Texas has affected two individuals connected to a cruise.
2026-05-07,A hantavirus outbreak in Texas has affected two individuals connected to a cruise.
individuals,A hantavirus outbreak in Texas has affected two individuals connected to a cruise.
Texas,A hantavirus outbreak in Texas has affected two individuals connected to a cruise.
cruise,A hantavirus outbreak in Texas has affected two individuals connected to a cruise.
hantavirus,A hantavirus outbreak in Texas has affected two individuals connected to a cruise.
United States,A hantavirus outbreak in Texas has affected two individuals connected to a cruise.
North America,A hantavirus outbreak in Texas has affected two individuals connected to a cruise.
memeorandum.com,A hantavirus outbreak in Texas has affected two individuals connected to a cruise.
corriere.it,"Information about the hantavirus outbreak, including risks and questions answered."
2026-05-07,"Information about the hantavirus outbreak, including risks and questions answered."
infonews.ca,3 Canadians are isolating at home due to a hantavirus outbreak on a ship.
2026-05-07,3 Canadians are isolating at home due to a hantavirus outbreak on a ship.
ship,3 Canadians are isolating at home due to a hantavirus outbreak on a ship.
hantavirus,3 Canadians are isolating at home due to a hantavirus outbreak on a ship.
Canadians,3 Canadians are isolating at home due to a hantavirus outbreak on a ship.
North America,3 Canadians are isolating at home due to a hantavirus outbreak on a ship.
Canada,3 Canadians are isolating at home due to a hantavirus outbreak on a ship.
houstonpublicmedia.org,Two Texas residents were on a cruise ship with a hantavirus outbreak.
2026-05-07,Two Texas residents were on a cruise ship with a hantavirus outbreak.
cruise ship,Two Texas residents were on a cruise ship with a hantavirus outbreak.
Texas residents,Two Texas residents were on a cruise ship with a hantavirus outbreak.
hantavirus outbreak,Two Texas residents were on a cruise ship with a hantavirus outbreak.
United States,Two Texas residents were on a cruise ship with a hantavirus outbreak.
North America,Two Texas residents were on a cruise ship with a hantavirus outbreak.
Texas,Two Texas residents were on a cruise ship with a hantavirus outbreak.
11alive.com,Two residents in Georgia are being monitored for hantavirus after being on a cruise ship.
2026-05-07,Two residents in Georgia are being monitored for hantavirus after being on a cruise ship.
Georgia,Two residents in Georgia are being monitored for hantavirus after being on a cruise ship.
residents,Two residents in Georgia are being monitored for hantavirus after being on a cruise ship.
cruise ship,Two residents in Georgia are being monitored for hantavirus after being on a cruise ship.
United States,Two residents in Georgia are being monitored for hantavirus after being on a cruise ship.
North America,Two residents in Georgia are being monitored for hantavirus after being on a cruise ship.
memeorandum.com,Two residents in Georgia are being monitored for hantavirus after being on a cruise ship.
wired.com,Information about hantavirus related to a cruise ship.
2026-05-07,Information about hantavirus related to a cruise ship.
cruise ship,Information about hantavirus related to a cruise ship.
hantavirus,Information about hantavirus related to a cruise ship.
memeorandum.com,Information about hantavirus related to a cruise ship.
wthr.com,Passengers on a cruise ship are being monitored due to a hantavirus outbreak.
2026-05-07,Passengers on a cruise ship are being monitored due to a hantavirus outbreak.
cruise ship,Passengers on a cruise ship are being monitored due to a hantavirus outbreak.
Passengers,Passengers on a cruise ship are being monitored due to a hantavirus outbreak.
memeorandum.com,Passengers on a cruise ship are being monitored due to a hantavirus outbreak.
whdh.com,Health officials tracking hantavirus exposure
2026-05-08,Health officials tracking hantavirus exposure
Health officials,Health officials tracking hantavirus exposure
abc7ny.com,Discussion about hantavirus outbreak by health officials
2026-05-08,Discussion about hantavirus outbreak by health officials
health officials,Discussion about hantavirus outbreak by health officials
memeorandum.com,Discussion about hantavirus outbreak by health officials
dnyuz.com,CDC classifies hantavirus outbreak as level 3 emergency
2026-05-08,CDC classifies hantavirus outbreak as level 3 emergency
CDC,CDC classifies hantavirus outbreak as level 3 emergency
hantavirus,CDC classifies hantavirus outbreak as level 3 emergency
memeorandum.com,CDC classifies hantavirus outbreak as level 3 emergency
13newsnow.com,About 40 passengers affected by hantavirus outbreak on a ship
2026-05-08,About 40 passengers affected by hantavirus outbreak on a ship
passengers,About 40 passengers affected by hantavirus outbreak on a ship
ship,About 40 passengers affected by hantavirus outbreak on a ship
memeorandum.com,About 40 passengers affected by hantavirus outbreak on a ship
bloomberg.com,Trump expresses hope that hantavirus outbreak on cruise ship is under control
2026-05-08,Trump expresses hope that hantavirus outbreak on cruise ship is under control
Trump,Trump expresses hope that hantavirus outbreak on cruise ship is under control
cruise ship,Trump expresses hope that hantavirus outbreak on cruise ship is under control
hantavirus,Trump expresses hope that hantavirus outbreak on cruise ship is under control
memeorandum.com,Trump expresses hope that hantavirus outbreak on cruise ship is under control
breitbart.com,Former cruise ship passenger recovering from hantavirus speaks from hospital
2026-05-08,Former cruise ship passenger recovering from hantavirus speaks from hospital
hospital,Former cruise ship passenger recovering from hantavirus speaks from hospital
cruise ship passenger,Former cruise ship passenger recovering from hantavirus speaks from hospital
memeorandum.com,Former cruise ship passenger recovering from hantavirus speaks from hospital
dailywire.com,U.S. health officials monitoring cruise passengers after hantavirus outbreak
2026-05-08,U.S. health officials monitoring cruise passengers after hantavirus outbreak
cruise passengers,U.S. health officials monitoring cruise passengers after hantavirus outbreak
U.S. health officials,U.S. health officials monitoring cruise passengers after hantavirus outbreak
United States,U.S. health officials monitoring cruise passengers after hantavirus outbreak
North America,U.S. health officials monitoring cruise passengers after hantavirus outbreak
memeorandum.com,U.S. health officials monitoring cruise passengers after hantavirus outbreak
foxla.com,Report on hantavirus outbreak linked to a cruise ship in California
2026-05-08,Report on hantavirus outbreak linked to a cruise ship in California
California,Report on hantavirus outbreak linked to a cruise ship in California
cruise ship,Report on hantavirus outbreak linked to a cruise ship in California
hantavirus,Report on hantavirus outbreak linked to a cruise ship in California
United States,Report on hantavirus outbreak linked to a cruise ship in California
North America,Report on hantavirus outbreak linked to a cruise ship in California
memeorandum.com,Report on hantavirus outbreak linked to a cruise ship in California
latimes.com,California residents at risk due to hantavirus outbreak on cruise ship
2026-05-08,California residents at risk due to hantavirus outbreak on cruise ship
cruise ship,California residents at risk due to hantavirus outbreak on cruise ship
California residents,California residents at risk due to hantavirus outbreak on cruise ship
hantavirus,California residents at risk due to hantavirus outbreak on cruise ship
United States,California residents at risk due to hantavirus outbreak on cruise ship
North America,California residents at risk due to hantavirus outbreak on cruise ship
California,California residents at risk due to hantavirus outbreak on cruise ship
memeorandum.com,California residents at risk due to hantavirus outbreak on cruise ship
statnews.com,Key takeaways from WHO briefing on hantavirus outbreak
2026-05-08,Key takeaways from WHO briefing on hantavirus outbreak
WHO,Key takeaways from WHO briefing on hantavirus outbreak
memeorandum.com,Key takeaways from WHO briefing on hantavirus outbreak
wltx.com,Information on hantavirus treatment and Andes strain
2026-05-08,Information on hantavirus treatment and Andes strain
hantavirus,Information on hantavirus treatment and Andes strain
Andes strain,Information on hantavirus treatment and Andes strain
memeorandum.com,Information on hantavirus treatment and Andes strain
wsj.com,CDC collaborates with WHO during hantavirus outbreak concerns
2026-05-08,CDC collaborates with WHO during hantavirus outbreak concerns
CDC,CDC collaborates with WHO during hantavirus outbreak concerns
WHO,CDC collaborates with WHO during hantavirus outbreak concerns
memeorandum.com,CDC collaborates with WHO during hantavirus outbreak concerns
usatoday.com,A deadly hantavirus outbreak has affected a cruise ship.
2026-05-08,A deadly hantavirus outbreak has affected a cruise ship.
cruise ship,A deadly hantavirus outbreak has affected a cruise ship.
hantavirus,A deadly hantavirus outbreak has affected a cruise ship.
usatoday.com,"A FAQ on hantavirus covering mortality rates, deaths, and symptoms."
2026-05-08,"A FAQ on hantavirus covering mortality rates, deaths, and symptoms."
hantavirus,"A FAQ on hantavirus covering mortality rates, deaths, and symptoms."
FAQ,"A FAQ on hantavirus covering mortality rates, deaths, and symptoms."
usatoday.com,Live updates on US cases and deaths related to the hantavirus outbreak.
2026-05-08,Live updates on US cases and deaths related to the hantavirus outbreak.
US,Live updates on US cases and deaths related to the hantavirus outbreak.
hantavirus,Live updates on US cases and deaths related to the hantavirus outbreak.
United States,Live updates on US cases and deaths related to the hantavirus outbreak.
North America,Live updates on US cases and deaths related to the hantavirus outbreak.
michiganpublic.org,Exploring the potential of hantavirus to become a significant health threat like COVID-19 and assessing the U.S. response.
2026-05-08,Exploring the potential of hantavirus to become a significant health threat like COVID-19 and assessing the U.S. response.
U.S.,Exploring the potential of hantavirus to become a significant health threat like COVID-19 and assessing the U.S. response.
COVID-19,Exploring the potential of hantavirus to become a significant health threat like COVID-19 and assessing the U.S. response.
hantavirus,Exploring the potential of hantavirus to become a significant health threat like COVID-19 and assessing the U.S. response.
United States,Exploring the potential of hantavirus to become a significant health threat like COVID-19 and assessing the U.S. response.
North America,Exploring the potential of hantavirus to become a significant health threat like COVID-19 and assessing the U.S. response.
michiganpublic.org,Health officials are monitoring individuals who may have been exposed to hantavirus on a ship following a death.
2026-05-08,Health officials are monitoring individuals who may have been exposed to hantavirus on a ship following a death.
individuals,Health officials are monitoring individuals who may have been exposed to hantavirus on a ship following a death.
Health officials,Health officials are monitoring individuals who may have been exposed to hantavirus on a ship following a death.
ship,Health officials are monitoring individuals who may have been exposed to hantavirus on a ship following a death.
hantavirus,Health officials are monitoring individuals who may have been exposed to hantavirus on a ship following a death.
cnnespanol.cnn.com,Hantavirus outbreak in Argentina highlights a forgotten disease.
2026-05-08,Hantavirus outbreak in Argentina highlights a forgotten disease.
Argentina,Hantavirus outbreak in Argentina highlights a forgotten disease.
Hantavirus,Hantavirus outbreak in Argentina highlights a forgotten disease.
South America,Hantavirus outbreak in Argentina highlights a forgotten disease.
cnnespanol.cnn.com,Isolation measures in Spain amid hantavirus outbreak and COVID-19.
2026-05-08,Isolation measures in Spain amid hantavirus outbreak and COVID-19.
COVID-19,Isolation measures in Spain amid hantavirus outbreak and COVID-19.
Spain,Isolation measures in Spain amid hantavirus outbreak and COVID-19.
hantavirus,Isolation measures in Spain amid hantavirus outbreak and COVID-19.
Europe,Isolation measures in Spain amid hantavirus outbreak and COVID-19.
cnnespanol.cnn.com,"Report on hantavirus in Bariloche, Argentina."
2026-05-08,"Report on hantavirus in Bariloche, Argentina."
Argentina,"Report on hantavirus in Bariloche, Argentina."
hantavirus,"Report on hantavirus in Bariloche, Argentina."
Bariloche,"Report on hantavirus in Bariloche, Argentina."
South America,"Report on hantavirus in Bariloche, Argentina."
Río Negro,"Report on hantavirus in Bariloche, Argentina."
apnews.com,There has been an outbreak of hantavirus linked to a cruise ship.
2026-05-08,There has been an outbreak of hantavirus linked to a cruise ship.
generaldispatch.whatfinger.com,Gen Z is demanding lockdowns due to a hantavirus panic amidst odd coincidences.
2026-05-08,Gen Z is demanding lockdowns due to a hantavirus panic amidst odd coincidences.
Gen Z,Gen Z is demanding lockdowns due to a hantavirus panic amidst odd coincidences.
whatfinger.com,Gen Z is demanding lockdowns due to a hantavirus panic amidst odd coincidences.
dailymail.com,Third Briton feared to have hantavirus in remote inhabited island
2026-05-08,Third Briton feared to have hantavirus in remote inhabited island
island,Third Briton feared to have hantavirus in remote inhabited island
Briton,Third Briton feared to have hantavirus in remote inhabited island
Europe,Third Briton feared to have hantavirus in remote inhabited island
United Kingdom,Third Briton feared to have hantavirus in remote inhabited island
Britain,Third Briton feared to have hantavirus in remote inhabited island
dailymail.co.uk,Third Briton feared to have hantavirus in remote inhabited island
houstonpublicmedia.org,Two Texas residents were on a cruise ship affected by a hantavirus outbreak according to the CDC.
2026-05-08,Two Texas residents were on a cruise ship affected by a hantavirus outbreak according to the CDC.
CDC,Two Texas residents were on a cruise ship affected by a hantavirus outbreak according to the CDC.
cruise ship,Two Texas residents were on a cruise ship affected by a hantavirus outbreak according to the CDC.
hantavirus,Two Texas residents were on a cruise ship affected by a hantavirus outbreak according to the CDC.
Texas residents,Two Texas residents were on a cruise ship affected by a hantavirus outbreak according to the CDC.
United States,Two Texas residents were on a cruise ship affected by a hantavirus outbreak according to the CDC.
North America,Two Texas residents were on a cruise ship affected by a hantavirus outbreak according to the CDC.
Texas,Two Texas residents were on a cruise ship affected by a hantavirus outbreak according to the CDC.
ch.headtopics.com,Passengers narrate hantavirus situation
2026-05-08,Passengers narrate hantavirus situation
Passengers,Passengers narrate hantavirus situation
headtopics.com,Passengers narrate hantavirus situation
it.headtopics.com,New suspected hantavirus case reported
2026-05-08,New suspected hantavirus case reported
headtopics.com,New suspected hantavirus case reported
mx.headtopics.com,Five cases of hantavirus reported
2026-05-08,Five cases of hantavirus reported
cases,Five cases of hantavirus reported
hantavirus,Five cases of hantavirus reported
headtopics.com,Five cases of hantavirus reported
za.headtopics.com,A Western Cape case is being monitored after a hantavirus outbreak on a cruise.
2026-05-08,A Western Cape case is being monitored after a hantavirus outbreak on a cruise.
cruise,A Western Cape case is being monitored after a hantavirus outbreak on a cruise.
Western Cape,A Western Cape case is being monitored after a hantavirus outbreak on a cruise.
Africa,A Western Cape case is being monitored after a hantavirus outbreak on a cruise.
South Africa,A Western Cape case is being monitored after a hantavirus outbreak on a cruise.
headtopics.com,A Western Cape case is being monitored after a hantavirus outbreak on a cruise.
news.yahoo.com,Spain is preparing for evacuations in response to a hantavirus outbreak.
2026-05-08,Spain is preparing for evacuations in response to a hantavirus outbreak.
Spain,Spain is preparing for evacuations in response to a hantavirus outbreak.
Europe,Spain is preparing for evacuations in response to a hantavirus outbreak.
infonews.ca,Spain is preparing for evacuations due to a hantavirus outbreak on a cruise ship.
2026-05-08,Spain is preparing for evacuations due to a hantavirus outbreak on a cruise ship.
cruise ship,Spain is preparing for evacuations due to a hantavirus outbreak on a cruise ship.
evacuations,Spain is preparing for evacuations due to a hantavirus outbreak on a cruise ship.
Spain,Spain is preparing for evacuations due to a hantavirus outbreak on a cruise ship.
hantavirus,Spain is preparing for evacuations due to a hantavirus outbreak on a cruise ship.
Europe,Spain is preparing for evacuations due to a hantavirus outbreak on a cruise ship.
cbsnews.com,Passengers of the MV Hondius are being monitored due to hantavirus concerns.
2026-05-08,Passengers of the MV Hondius are being monitored due to hantavirus concerns.
Passengers,Passengers of the MV Hondius are being monitored due to hantavirus concerns.
MV Hondius,Passengers of the MV Hondius are being monitored due to hantavirus concerns.
cbsnews.com/sanfrancisco,Passengers of the MV Hondius are being monitored due to hantavirus concerns.
be.headtopics.com,The difficult search for the origin of hantavirus is ongoing.
2026-05-08,The difficult search for the origin of hantavirus is ongoing.
headtopics.com,The difficult search for the origin of hantavirus is ongoing.
it.headtopics.com,The infectologist states there is a need to reconstruct contact tracing for hantavirus.
2026-05-08,The infectologist states there is a need to reconstruct contact tracing for hantavirus.
hantavirus,The infectologist states there is a need to reconstruct contact tracing for hantavirus.
contact tracing,The infectologist states there is a need to reconstruct contact tracing for hantavirus.
infectologist,The infectologist states there is a need to reconstruct contact tracing for hantavirus.
headtopics.com,The infectologist states there is a need to reconstruct contact tracing for hantavirus.
10news.com,Several states are monitoring former cruise ship passengers for potential hantavirus exposure.
2026-05-08,Several states are monitoring former cruise ship passengers for potential hantavirus exposure.
states,Several states are monitoring former cruise ship passengers for potential hantavirus exposure.
former cruise ship passengers,Several states are monitoring former cruise ship passengers for potential hantavirus exposure.
10news.com,"A hantavirus outbreak on a cruise ship is raising concerns, with San Diego County tracking cases this year."
2026-05-08,"A hantavirus outbreak on a cruise ship is raising concerns, with San Diego County tracking cases this year."
cruise ship,"A hantavirus outbreak on a cruise ship is raising concerns, with San Diego County tracking cases this year."
San Diego County,"A hantavirus outbreak on a cruise ship is raising concerns, with San Diego County tracking cases this year."
hantavirus,"A hantavirus outbreak on a cruise ship is raising concerns, with San Diego County tracking cases this year."
San Diego,"A hantavirus outbreak on a cruise ship is raising concerns, with San Diego County tracking cases this year."
United States,"A hantavirus outbreak on a cruise ship is raising concerns, with San Diego County tracking cases this year."
North America,"A hantavirus outbreak on a cruise ship is raising concerns, with San Diego County tracking cases this year."
California,"A hantavirus outbreak on a cruise ship is raising concerns, with San Diego County tracking cases this year."
ktvz.com,A Bend doctor is on a cruise ship that is at the center of a hantavirus outbreak.
2026-05-08,A Bend doctor is on a cruise ship that is at the center of a hantavirus outbreak.
cruise ship,A Bend doctor is on a cruise ship that is at the center of a hantavirus outbreak.
Bend doctor,A Bend doctor is on a cruise ship that is at the center of a hantavirus outbreak.
United States,A Bend doctor is on a cruise ship that is at the center of a hantavirus outbreak.
North America,A Bend doctor is on a cruise ship that is at the center of a hantavirus outbreak.
Oregon,A Bend doctor is on a cruise ship that is at the center of a hantavirus outbreak.
Bend,A Bend doctor is on a cruise ship that is at the center of a hantavirus outbreak.
michiganpublic.org,Spain prepares for evacuations related to a hantavirus outbreak on a cruise ship.
2026-05-08,Spain prepares for evacuations related to a hantavirus outbreak on a cruise ship.
cruise ship,Spain prepares for evacuations related to a hantavirus outbreak on a cruise ship.
Spain,Spain prepares for evacuations related to a hantavirus outbreak on a cruise ship.
Europe,Spain prepares for evacuations related to a hantavirus outbreak on a cruise ship.
abc7news.com,"Hantavirus outbreak classified as level 3 emergency by CDC, leading to evacuations"
2026-05-08,"Hantavirus outbreak classified as level 3 emergency by CDC, leading to evacuations"
CDC,"Hantavirus outbreak classified as level 3 emergency by CDC, leading to evacuations"
Hantavirus,"Hantavirus outbreak classified as level 3 emergency by CDC, leading to evacuations"
abc7.com,Spain is preparing evacuations related to a hantavirus outbreak classified as a level 3 emergency by the CDC.
2026-05-08,Spain is preparing evacuations related to a hantavirus outbreak classified as a level 3 emergency by the CDC.
CDC,Spain is preparing evacuations related to a hantavirus outbreak classified as a level 3 emergency by the CDC.
Spain,Spain is preparing evacuations related to a hantavirus outbreak classified as a level 3 emergency by the CDC.
Europe,Spain is preparing evacuations related to a hantavirus outbreak classified as a level 3 emergency by the CDC.
abc7chicago.com,"There is a hantavirus outbreak that the CDC has classified as a level 3 emergency response, leading to evacuations in Spain."
2026-05-08,"There is a hantavirus outbreak that the CDC has classified as a level 3 emergency response, leading to evacuations in Spain."
CDC,"There is a hantavirus outbreak that the CDC has classified as a level 3 emergency response, leading to evacuations in Spain."
Spain,"There is a hantavirus outbreak that the CDC has classified as a level 3 emergency response, leading to evacuations in Spain."
hantavirus,"There is a hantavirus outbreak that the CDC has classified as a level 3 emergency response, leading to evacuations in Spain."
Europe,"There is a hantavirus outbreak that the CDC has classified as a level 3 emergency response, leading to evacuations in Spain."
techtimes.com,Health officials are monitoring the spread of hantavirus and expect limited outbreaks.
2026-05-08,Health officials are monitoring the spread of hantavirus and expect limited outbreaks.
health officials,Health officials are monitoring the spread of hantavirus and expect limited outbreaks.
cnnespanol.cnn.com,Cifras sobre hantavirus
2026-05-08,Cifras sobre hantavirus
be.headtopics.com,Hantavirus risk on a cruise ship
2026-05-08,Hantavirus risk on a cruise ship
cruise ship,Hantavirus risk on a cruise ship
headtopics.com,Hantavirus risk on a cruise ship
my.headtopics.com,Health ministry warns about hantavirus risks
2026-05-08,Health ministry warns about hantavirus risks
Health ministry,Health ministry warns about hantavirus risks
headtopics.com,Health ministry warns about hantavirus risks
my.headtopics.com,New suspected hantavirus case reported on a remote island
2026-05-08,New suspected hantavirus case reported on a remote island
island,New suspected hantavirus case reported on a remote island
hantavirus,New suspected hantavirus case reported on a remote island
headtopics.com,New suspected hantavirus case reported on a remote island
6abc.com,Hantavirus outbreak classified as a Level 3 emergency by the CDC with evacuations in Spain
2026-05-08,Hantavirus outbreak classified as a Level 3 emergency by the CDC with evacuations in Spain
CDC,Hantavirus outbreak classified as a Level 3 emergency by the CDC with evacuations in Spain
Spain,Hantavirus outbreak classified as a Level 3 emergency by the CDC with evacuations in Spain
Hantavirus,Hantavirus outbreak classified as a Level 3 emergency by the CDC with evacuations in Spain
Level 3 emergency,Hantavirus outbreak classified as a Level 3 emergency by the CDC with evacuations in Spain
Europe,Hantavirus outbreak classified as a Level 3 emergency by the CDC with evacuations in Spain
lemonde.fr,The risk of hantavirus to the population is deemed absolutely low by the WHO.
2026-05-08,The risk of hantavirus to the population is deemed absolutely low by the WHO.
population,The risk of hantavirus to the population is deemed absolutely low by the WHO.
hantavirus,The risk of hantavirus to the population is deemed absolutely low by the WHO.
WHO,The risk of hantavirus to the population is deemed absolutely low by the WHO.
whdh.com,Spain is preparing for evacuations due to a hantavirus outbreak on a cruise ship heading for the Canary Islands.
2026-05-08,Spain is preparing for evacuations due to a hantavirus outbreak on a cruise ship heading for the Canary Islands.
cruise ship,Spain is preparing for evacuations due to a hantavirus outbreak on a cruise ship heading for the Canary Islands.
Spain,Spain is preparing for evacuations due to a hantavirus outbreak on a cruise ship heading for the Canary Islands.
Canary Islands,Spain is preparing for evacuations due to a hantavirus outbreak on a cruise ship heading for the Canary Islands.
Europe,Spain is preparing for evacuations due to a hantavirus outbreak on a cruise ship heading for the Canary Islands.
cnnindonesia.com,Two suspected hantavirus cases in Indonesia have been declared negative
2026-05-08,Two suspected hantavirus cases in Indonesia have been declared negative
hantavirus,Two suspected hantavirus cases in Indonesia have been declared negative
Indonesia,Two suspected hantavirus cases in Indonesia have been declared negative
Asia,Two suspected hantavirus cases in Indonesia have been declared negative
bostonherald.com,Reports on hantavirus cases leading to cruise ship evacuations
2026-05-08,Reports on hantavirus cases leading to cruise ship evacuations
cruise ship,Reports on hantavirus cases leading to cruise ship evacuations
hantavirus,Reports on hantavirus cases leading to cruise ship evacuations
elpais.com,An outbreak in 2018 shows that Andes hantavirus is not only transmitted through close contact.
2026-05-08,An outbreak in 2018 shows that Andes hantavirus is not only transmitted through close contact.
Andes hantavirus,An outbreak in 2018 shows that Andes hantavirus is not only transmitted through close contact.
elpais.com,Expert warns that hantavirus is more virulent and could lead to chain infections.
2026-05-08,Expert warns that hantavirus is more virulent and could lead to chain infections.
Expert,Expert warns that hantavirus is more virulent and could lead to chain infections.
hantavirus,Expert warns that hantavirus is more virulent and could lead to chain infections.
elpais.com,Opinion on hantavirus and echoes of the COVID pandemic.
2026-05-08,Opinion on hantavirus and echoes of the COVID pandemic.
elpais.com,Live update on the hantavirus outbreak.
2026-05-08,Live update on the hantavirus outbreak.
elpais.com,Guide to action against hantavirus.
2026-05-08,Guide to action against hantavirus.
marca.com,An epidemiologist analyzes a hantavirus outbreak and discusses associated risks.
2026-05-08,An epidemiologist analyzes a hantavirus outbreak and discusses associated risks.
epidemiologist,An epidemiologist analyzes a hantavirus outbreak and discusses associated risks.
ladbible.com,Prediction of hantavirus outbreak in 2022
2026-05-08,Prediction of hantavirus outbreak in 2022
ladbible.com,Information about a hantavirus vaccine related to an outbreak
2026-05-08,Information about a hantavirus vaccine related to an outbreak
roma.corriere.it,Hantavirus exposure case in Rome
2026-05-09,Hantavirus exposure case in Rome
Rome,Hantavirus exposure case in Rome
Hantavirus,Hantavirus exposure case in Rome
Europe,Hantavirus exposure case in Rome
Italy,Hantavirus exposure case in Rome
Lazio,Hantavirus exposure case in Rome
abc7ny.com,Hantavirus infection outbreak on a cruise ship with symptoms and map provided.
2026-05-09,Hantavirus infection outbreak on a cruise ship with symptoms and map provided.
cruise ship,Hantavirus infection outbreak on a cruise ship with symptoms and map provided.
Hantavirus,Hantavirus infection outbreak on a cruise ship with symptoms and map provided.
abc7ny.com,New Jersey health officials are monitoring two residents for potential hantavirus exposure.
2026-05-09,New Jersey health officials are monitoring two residents for potential hantavirus exposure.
residents,New Jersey health officials are monitoring two residents for potential hantavirus exposure.
New Jersey health officials,New Jersey health officials are monitoring two residents for potential hantavirus exposure.
New Jersey,New Jersey health officials are monitoring two residents for potential hantavirus exposure.
United States,New Jersey health officials are monitoring two residents for potential hantavirus exposure.
North America,New Jersey health officials are monitoring two residents for potential hantavirus exposure.
nbcnews.com,World health chief addresses concerns of Tenerife residents regarding hantavirus.
2026-05-09,World health chief addresses concerns of Tenerife residents regarding hantavirus.
hantavirus,World health chief addresses concerns of Tenerife residents regarding hantavirus.
World health chief,World health chief addresses concerns of Tenerife residents regarding hantavirus.
Tenerife residents,World health chief addresses concerns of Tenerife residents regarding hantavirus.
Europe,World health chief addresses concerns of Tenerife residents regarding hantavirus.
Spain,World health chief addresses concerns of Tenerife residents regarding hantavirus.
Tenerife,World health chief addresses concerns of Tenerife residents regarding hantavirus.
Canary Islands,World health chief addresses concerns of Tenerife residents regarding hantavirus.
gbnews.com,Britons are reportedly trapped on a cruise ship in Tenerife due to hantavirus concerns.
2026-05-09,Britons are reportedly trapped on a cruise ship in Tenerife due to hantavirus concerns.
cruise ship,Britons are reportedly trapped on a cruise ship in Tenerife due to hantavirus concerns.
Tenerife,Britons are reportedly trapped on a cruise ship in Tenerife due to hantavirus concerns.
Britons,Britons are reportedly trapped on a cruise ship in Tenerife due to hantavirus concerns.
Europe,Britons are reportedly trapped on a cruise ship in Tenerife due to hantavirus concerns.
Spain,Britons are reportedly trapped on a cruise ship in Tenerife due to hantavirus concerns.
Santa Cruz de Tenerife,Britons are reportedly trapped on a cruise ship in Tenerife due to hantavirus concerns.
gbnews.com,Scientists are examining the sequence of hantavirus linked to a deadly cruise ship incident.
2026-05-09,Scientists are examining the sequence of hantavirus linked to a deadly cruise ship incident.
Scientists,Scientists are examining the sequence of hantavirus linked to a deadly cruise ship incident.
cruise ship,Scientists are examining the sequence of hantavirus linked to a deadly cruise ship incident.
hantavirus,Scientists are examining the sequence of hantavirus linked to a deadly cruise ship incident.
huffpost.com,The WHO is overseeing the evacuation of passengers and crew from a cruise ship affected by hantavirus.
2026-05-09,The WHO is overseeing the evacuation of passengers and crew from a cruise ship affected by hantavirus.
passengers,The WHO is overseeing the evacuation of passengers and crew from a cruise ship affected by hantavirus.
cruise ship,The WHO is overseeing the evacuation of passengers and crew from a cruise ship affected by hantavirus.
crew,The WHO is overseeing the evacuation of passengers and crew from a cruise ship affected by hantavirus.
WHO,The WHO is overseeing the evacuation of passengers and crew from a cruise ship affected by hantavirus.
apnews.com,Hantavirus outbreak linked to a cruise ship in Spain.
2026-05-09,Hantavirus outbreak linked to a cruise ship in Spain.
cruise ship,Hantavirus outbreak linked to a cruise ship in Spain.
Spain,Hantavirus outbreak linked to a cruise ship in Spain.
Hantavirus,Hantavirus outbreak linked to a cruise ship in Spain.
Europe,Hantavirus outbreak linked to a cruise ship in Spain.
apnews.com,Concerns about hantavirus on a cruise ship vacation.
2026-05-09,Concerns about hantavirus on a cruise ship vacation.
cruise ship,Concerns about hantavirus on a cruise ship vacation.
vacation,Concerns about hantavirus on a cruise ship vacation.
apnews.com,Discussion on the unknowns regarding hantavirus after a cruise outbreak.
2026-05-09,Discussion on the unknowns regarding hantavirus after a cruise outbreak.
cruise,Discussion on the unknowns regarding hantavirus after a cruise outbreak.
hantavirus,Discussion on the unknowns regarding hantavirus after a cruise outbreak.
outbreak,Discussion on the unknowns regarding hantavirus after a cruise outbreak.
eastbaytimes.com,A Californian has returned home after being on a cruise affected by hantavirus.
2026-05-09,A Californian has returned home after being on a cruise affected by hantavirus.
cruise,A Californian has returned home after being on a cruise affected by hantavirus.
Californian,A Californian has returned home after being on a cruise affected by hantavirus.
United States,A Californian has returned home after being on a cruise affected by hantavirus.
North America,A Californian has returned home after being on a cruise affected by hantavirus.
California,A Californian has returned home after being on a cruise affected by hantavirus.
cbsnews.com,"Gilbert Zermeno survived a hantavirus outbreak, but his mother and sister died."
2026-05-09,"Gilbert Zermeno survived a hantavirus outbreak, but his mother and sister died."
mother,"Gilbert Zermeno survived a hantavirus outbreak, but his mother and sister died."
sister,"Gilbert Zermeno survived a hantavirus outbreak, but his mother and sister died."
Gilbert Zermeno,"Gilbert Zermeno survived a hantavirus outbreak, but his mother and sister died."
cbsnews.com,Americans evacuated from a cruise ship due to a hantavirus outbreak.
2026-05-09,Americans evacuated from a cruise ship due to a hantavirus outbreak.
Americans,Americans evacuated from a cruise ship due to a hantavirus outbreak.
cruise ship,Americans evacuated from a cruise ship due to a hantavirus outbreak.
United States,Americans evacuated from a cruise ship due to a hantavirus outbreak.
North America,Americans evacuated from a cruise ship due to a hantavirus outbreak.
cbsnews.com,"A ship with a hantavirus outbreak is heading toward the Canary Islands, prompting local protests."
2026-05-09,"A ship with a hantavirus outbreak is heading toward the Canary Islands, prompting local protests."
ship,"A ship with a hantavirus outbreak is heading toward the Canary Islands, prompting local protests."
local protests,"A ship with a hantavirus outbreak is heading toward the Canary Islands, prompting local protests."
Canary Islands,"A ship with a hantavirus outbreak is heading toward the Canary Islands, prompting local protests."
hantavirus outbreak,"A ship with a hantavirus outbreak is heading toward the Canary Islands, prompting local protests."
Europe,"A ship with a hantavirus outbreak is heading toward the Canary Islands, prompting local protests."
Spain,"A ship with a hantavirus outbreak is heading toward the Canary Islands, prompting local protests."
cbsnews.com,Spain is preparing to dock a cruise ship affected by hantavirus to evacuate passengers.
2026-05-09,Spain is preparing to dock a cruise ship affected by hantavirus to evacuate passengers.
passengers,Spain is preparing to dock a cruise ship affected by hantavirus to evacuate passengers.
cruise ship,Spain is preparing to dock a cruise ship affected by hantavirus to evacuate passengers.
Spain,Spain is preparing to dock a cruise ship affected by hantavirus to evacuate passengers.
Europe,Spain is preparing to dock a cruise ship affected by hantavirus to evacuate passengers.
cnnindonesia.com,"Hantavirus has been detected in Indonesia, and the public is urged to be alert."
2026-05-09,"Hantavirus has been detected in Indonesia, and the public is urged to be alert."
the public,"Hantavirus has been detected in Indonesia, and the public is urged to be alert."
Indonesia,"Hantavirus has been detected in Indonesia, and the public is urged to be alert."
Hantavirus,"Hantavirus has been detected in Indonesia, and the public is urged to be alert."
Asia,"Hantavirus has been detected in Indonesia, and the public is urged to be alert."
infonews.ca,Report on growing hantavirus outbreak in Canada
2026-05-09,Report on growing hantavirus outbreak in Canada
Canada,Report on growing hantavirus outbreak in Canada
North America,Report on growing hantavirus outbreak in Canada
infonews.ca,Experts comment on hantavirus and its unlikely status as a pandemic
2026-05-09,Experts comment on hantavirus and its unlikely status as a pandemic
Experts,Experts comment on hantavirus and its unlikely status as a pandemic
metro.co.uk,"Confirmed hantavirus cases rise, contacts ordered to isolate in hotel rooms"
2026-05-09,"Confirmed hantavirus cases rise, contacts ordered to isolate in hotel rooms"
contacts,"Confirmed hantavirus cases rise, contacts ordered to isolate in hotel rooms"
marca.com,Old warning from Bill Gates about a new pandemic goes viral regarding hantavirus outbreak.
2026-05-09,Old warning from Bill Gates about a new pandemic goes viral regarding hantavirus outbreak.
pandemic,Old warning from Bill Gates about a new pandemic goes viral regarding hantavirus outbreak.
hantavirus,Old warning from Bill Gates about a new pandemic goes viral regarding hantavirus outbreak.
Bill Gates,Old warning from Bill Gates about a new pandemic goes viral regarding hantavirus outbreak.
dailymail.com,Tenerife residents express fury over hantavirus concerns as a cruise ship disembarks British passengers.
2026-05-09,Tenerife residents express fury over hantavirus concerns as a cruise ship disembarks British passengers.
cruise ship,Tenerife residents express fury over hantavirus concerns as a cruise ship disembarks British passengers.
British passengers,Tenerife residents express fury over hantavirus concerns as a cruise ship disembarks British passengers.
Tenerife residents,Tenerife residents express fury over hantavirus concerns as a cruise ship disembarks British passengers.
Europe,Tenerife residents express fury over hantavirus concerns as a cruise ship disembarks British passengers.
Spain,Tenerife residents express fury over hantavirus concerns as a cruise ship disembarks British passengers.
Tenerife,Tenerife residents express fury over hantavirus concerns as a cruise ship disembarks British passengers.
Canary Islands,Tenerife residents express fury over hantavirus concerns as a cruise ship disembarks British passengers.
dailymail.co.uk,Tenerife residents express fury over hantavirus concerns as a cruise ship disembarks British passengers.
yahoo.com/news,Reports confirm six hantavirus cases related to a cruise.
2026-05-09,Reports confirm six hantavirus cases related to a cruise.
cruise,Reports confirm six hantavirus cases related to a cruise.
hantavirus,Reports confirm six hantavirus cases related to a cruise.
yahoo.com/news,Hantavirus cases have nearly doubled in Argentina.
2026-05-09,Hantavirus cases have nearly doubled in Argentina.
Argentina,Hantavirus cases have nearly doubled in Argentina.
Hantavirus,Hantavirus cases have nearly doubled in Argentina.
South America,Hantavirus cases have nearly doubled in Argentina.
foxnews.com,CDC outlines steps after hantavirus exposure on cruise ship
2026-05-09,CDC outlines steps after hantavirus exposure on cruise ship
CDC,CDC outlines steps after hantavirus exposure on cruise ship
cruise ship,CDC outlines steps after hantavirus exposure on cruise ship
foxnews.com,Timeline highlights key moments of the hantavirus outbreak during a deadly cruise
2026-05-09,Timeline highlights key moments of the hantavirus outbreak during a deadly cruise
cruise,Timeline highlights key moments of the hantavirus outbreak during a deadly cruise
hantavirus outbreak,Timeline highlights key moments of the hantavirus outbreak during a deadly cruise
6abc.com,There is an outbreak of hantavirus infection connected to a cruise ship.
2026-05-09,There is an outbreak of hantavirus infection connected to a cruise ship.
cruise ship,There is an outbreak of hantavirus infection connected to a cruise ship.
hantavirus infection,There is an outbreak of hantavirus infection connected to a cruise ship.
6abc.com,Two New Jersey residents are being monitored for potential hantavirus exposure related to a cruise ship.
2026-05-09,Two New Jersey residents are being monitored for potential hantavirus exposure related to a cruise ship.
cruise ship,Two New Jersey residents are being monitored for potential hantavirus exposure related to a cruise ship.
New Jersey residents,Two New Jersey residents are being monitored for potential hantavirus exposure related to a cruise ship.
New Jersey,Two New Jersey residents are being monitored for potential hantavirus exposure related to a cruise ship.
United States,Two New Jersey residents are being monitored for potential hantavirus exposure related to a cruise ship.
North America,Two New Jersey residents are being monitored for potential hantavirus exposure related to a cruise ship.
abc7chicago.com,Hantavirus infection outbreak on a cruise ship
2026-05-09,Hantavirus infection outbreak on a cruise ship
cruise ship,Hantavirus infection outbreak on a cruise ship
Hantavirus,Hantavirus infection outbreak on a cruise ship
twitchy.com,Hantavirus is potentially spreading to Nebraska
2026-05-09,Hantavirus is potentially spreading to Nebraska
2026-05-10,Hantavirus is potentially spreading to Nebraska
Nebraska,Hantavirus is potentially spreading to Nebraska
Hantavirus,Hantavirus is potentially spreading to Nebraska
United States,Hantavirus is potentially spreading to Nebraska
North America,Hantavirus is potentially spreading to Nebraska
whatfinger.com,Hantavirus is potentially spreading to Nebraska
alexjoneslive.com,"Globalists are allegedly initiating 'COVID 2.0' as hantavirus spreads, prompting EU mask recommendations."
2026-05-09,"Globalists are allegedly initiating 'COVID 2.0' as hantavirus spreads, prompting EU mask recommendations."
EU,"Globalists are allegedly initiating 'COVID 2.0' as hantavirus spreads, prompting EU mask recommendations."
Globalists,"Globalists are allegedly initiating 'COVID 2.0' as hantavirus spreads, prompting EU mask recommendations."
Europe,"Globalists are allegedly initiating 'COVID 2.0' as hantavirus spreads, prompting EU mask recommendations."
European Union,"Globalists are allegedly initiating 'COVID 2.0' as hantavirus spreads, prompting EU mask recommendations."
whatfinger.com,"Globalists are allegedly initiating 'COVID 2.0' as hantavirus spreads, prompting EU mask recommendations."
nbc.com,New plan to evacuate Americans from hantavirus cruise.
2026-05-09,New plan to evacuate Americans from hantavirus cruise.
Americans,New plan to evacuate Americans from hantavirus cruise.
cruise,New plan to evacuate Americans from hantavirus cruise.
hantavirus,New plan to evacuate Americans from hantavirus cruise.
United States,New plan to evacuate Americans from hantavirus cruise.
North America,New plan to evacuate Americans from hantavirus cruise.
pjmedia.com,Discussion about the hantavirus and its implications.
2026-05-09,Discussion about the hantavirus and its implications.
thelibertydaily.com,Discussion about the hantavirus and its implications.
theguardian.com,Hantavirus turned dream cruise into tragedy
2026-05-09,Hantavirus turned dream cruise into tragedy
Hantavirus,Hantavirus turned dream cruise into tragedy
dream cruise,Hantavirus turned dream cruise into tragedy
cruise,Hantavirus turned dream cruise into tragedy
abc7ny.com,Information about hantavirus
2026-05-09,Information about hantavirus
corrierefiorentino.corriere.it,Report on a woman in Florence quarantined after flying with a hantavirus victim.
2026-05-09,Report on a woman in Florence quarantined after flying with a hantavirus victim.
woman,Report on a woman in Florence quarantined after flying with a hantavirus victim.
Florence,Report on a woman in Florence quarantined after flying with a hantavirus victim.
hantavirus victim,Report on a woman in Florence quarantined after flying with a hantavirus victim.
Europe,Report on a woman in Florence quarantined after flying with a hantavirus victim.
Italy,Report on a woman in Florence quarantined after flying with a hantavirus victim.
Tuscany,Report on a woman in Florence quarantined after flying with a hantavirus victim.
legalinsurrection.com,CDC classifies cruise ship hantavirus outbreak as a level 3 emergency.
2026-05-09,CDC classifies cruise ship hantavirus outbreak as a level 3 emergency.
CDC,CDC classifies cruise ship hantavirus outbreak as a level 3 emergency.
cruise ship,CDC classifies cruise ship hantavirus outbreak as a level 3 emergency.
hantavirus outbreak,CDC classifies cruise ship hantavirus outbreak as a level 3 emergency.
memeorandum.com,CDC classifies cruise ship hantavirus outbreak as a level 3 emergency.
theintercept.com,Discussion on the cruise ship hantavirus outbreak and its relation to ivermectin and COVID-19.
2026-05-09,Discussion on the cruise ship hantavirus outbreak and its relation to ivermectin and COVID-19.
cruise ship,Discussion on the cruise ship hantavirus outbreak and its relation to ivermectin and COVID-19.
COVID-19,Discussion on the cruise ship hantavirus outbreak and its relation to ivermectin and COVID-19.
ivermectin,Discussion on the cruise ship hantavirus outbreak and its relation to ivermectin and COVID-19.
hantavirus,Discussion on the cruise ship hantavirus outbreak and its relation to ivermectin and COVID-19.
memeorandum.com,Discussion on the cruise ship hantavirus outbreak and its relation to ivermectin and COVID-19.
fox2detroit.com,CDC provides an update on the hantavirus outbreak from a cruise ship.
2026-05-09,CDC provides an update on the hantavirus outbreak from a cruise ship.
CDC,CDC provides an update on the hantavirus outbreak from a cruise ship.
cruise ship,CDC provides an update on the hantavirus outbreak from a cruise ship.
hantavirus,CDC provides an update on the hantavirus outbreak from a cruise ship.
memeorandum.com,CDC provides an update on the hantavirus outbreak from a cruise ship.
statnews.com,Misinformation about the hantavirus outbreak spreads rapidly.
2026-05-09,Misinformation about the hantavirus outbreak spreads rapidly.
hantavirus outbreak,Misinformation about the hantavirus outbreak spreads rapidly.
memeorandum.com,Misinformation about the hantavirus outbreak spreads rapidly.
theguardian.com,Hantavirus poses a global health scare.
2026-05-09,Hantavirus poses a global health scare.
memeorandum.com,Hantavirus poses a global health scare.
theguardian.com,Americans facing quarantine due to hantavirus in Nebraska.
2026-05-09,Americans facing quarantine due to hantavirus in Nebraska.
Americans,Americans facing quarantine due to hantavirus in Nebraska.
Nebraska,Americans facing quarantine due to hantavirus in Nebraska.
hantavirus,Americans facing quarantine due to hantavirus in Nebraska.
quarantine,Americans facing quarantine due to hantavirus in Nebraska.
United States,Americans facing quarantine due to hantavirus in Nebraska.
North America,Americans facing quarantine due to hantavirus in Nebraska.
memeorandum.com,Americans facing quarantine due to hantavirus in Nebraska.
unilad.com,Discussion about U.S. plans regarding a hantavirus cruise ship outbreak.
2026-05-09,Discussion about U.S. plans regarding a hantavirus cruise ship outbreak.
U.S.,Discussion about U.S. plans regarding a hantavirus cruise ship outbreak.
cruise ship,Discussion about U.S. plans regarding a hantavirus cruise ship outbreak.
United States,Discussion about U.S. plans regarding a hantavirus cruise ship outbreak.
North America,Discussion about U.S. plans regarding a hantavirus cruise ship outbreak.
memeorandum.com,Discussion about U.S. plans regarding a hantavirus cruise ship outbreak.
vox.com,Explaining the hantavirus cruise ship outbreak.
2026-05-09,Explaining the hantavirus cruise ship outbreak.
memeorandum.com,Explaining the hantavirus cruise ship outbreak.
elpais.com,Expert discusses hantavirus's virulence and potential for chain transmission.
2026-05-09,Expert discusses hantavirus's virulence and potential for chain transmission.
Expert,Expert discusses hantavirus's virulence and potential for chain transmission.
elpais.com,An international race to identify contacts in a hantavirus outbreak.
2026-05-09,An international race to identify contacts in a hantavirus outbreak.
contacts,An international race to identify contacts in a hantavirus outbreak.
hantavirus outbreak,An international race to identify contacts in a hantavirus outbreak.
international race,An international race to identify contacts in a hantavirus outbreak.
elpais.com,Judge authorizes mandatory confinement for individuals from the hantavirus ship.
2026-05-09,Judge authorizes mandatory confinement for individuals from the hantavirus ship.
individuals,Judge authorizes mandatory confinement for individuals from the hantavirus ship.
Judge,Judge authorizes mandatory confinement for individuals from the hantavirus ship.
hantavirus ship,Judge authorizes mandatory confinement for individuals from the hantavirus ship.
elpais.com,"Tracking all affected by the hantavirus outbreak: eight infections, 30 disembarked in Santa Helena."
2026-05-09,"Tracking all affected by the hantavirus outbreak: eight infections, 30 disembarked in Santa Helena."
hantavirus outbreak,"Tracking all affected by the hantavirus outbreak: eight infections, 30 disembarked in Santa Helena."
Santa Helena,"Tracking all affected by the hantavirus outbreak: eight infections, 30 disembarked in Santa Helena."
South America,"Tracking all affected by the hantavirus outbreak: eight infections, 30 disembarked in Santa Helena."
Brazil,"Tracking all affected by the hantavirus outbreak: eight infections, 30 disembarked in Santa Helena."
elpais.com,Key insights into the hantavirus outbreak and the accompanying health crisis.
2026-05-09,Key insights into the hantavirus outbreak and the accompanying health crisis.
health crisis,Key insights into the hantavirus outbreak and the accompanying health crisis.
hantavirus,Key insights into the hantavirus outbreak and the accompanying health crisis.
elpais.com,Forty days aboard the MV Hondius during the hantavirus crisis.
2026-05-09,Forty days aboard the MV Hondius during the hantavirus crisis.
MV Hondius,Forty days aboard the MV Hondius during the hantavirus crisis.
elpais.com,Government will isolate all areas involved in the MV Hondius landing to prevent hantavirus infection.
2026-05-09,Government will isolate all areas involved in the MV Hondius landing to prevent hantavirus infection.
Government,Government will isolate all areas involved in the MV Hondius landing to prevent hantavirus infection.
MV Hondius,Government will isolate all areas involved in the MV Hondius landing to prevent hantavirus infection.
elpais.com,The most controversial port in the Canary Islands presents itself for the hantavirus cruise landing.
2026-05-09,The most controversial port in the Canary Islands presents itself for the hantavirus cruise landing.
cruise,The most controversial port in the Canary Islands presents itself for the hantavirus cruise landing.
port,The most controversial port in the Canary Islands presents itself for the hantavirus cruise landing.
hantavirus,The most controversial port in the Canary Islands presents itself for the hantavirus cruise landing.
Canary Islands,The most controversial port in the Canary Islands presents itself for the hantavirus cruise landing.
Europe,The most controversial port in the Canary Islands presents itself for the hantavirus cruise landing.
Spain,The most controversial port in the Canary Islands presents itself for the hantavirus cruise landing.
elpais.com,A photo gallery presenting life aboard the MV Hondius during the hantavirus outbreak.
2026-05-09,A photo gallery presenting life aboard the MV Hondius during the hantavirus outbreak.
MV Hondius,A photo gallery presenting life aboard the MV Hondius during the hantavirus outbreak.
elpais.com,Live updates on the hantavirus outbreak.
2026-05-09,Live updates on the hantavirus outbreak.
nypost.com,Evacuation of passengers from hantavirus cruise ship
2026-05-09,Evacuation of passengers from hantavirus cruise ship
passengers,Evacuation of passengers from hantavirus cruise ship
cruise ship,Evacuation of passengers from hantavirus cruise ship
hantavirus,Evacuation of passengers from hantavirus cruise ship
cbsnews.com,Information on what people need to know about hantavirus.
2026-05-09,Information on what people need to know about hantavirus.
people,Information on what people need to know about hantavirus.
ie.headtopics.com,Patient zero in the MV Hondius hantavirus outbreak has been identified
2026-05-09,Patient zero in the MV Hondius hantavirus outbreak has been identified
MV Hondius,Patient zero in the MV Hondius hantavirus outbreak has been identified
hantavirus outbreak,Patient zero in the MV Hondius hantavirus outbreak has been identified
Patient zero,Patient zero in the MV Hondius hantavirus outbreak has been identified
headtopics.com,Patient zero in the MV Hondius hantavirus outbreak has been identified
news3lv.com,Increasing concerns about hantavirus as a health threat
2026-05-09,Increasing concerns about hantavirus as a health threat
hantavirus,Increasing concerns about hantavirus as a health threat
univision.com,Advice on how to prevent hantavirus infection and its risk factors.
2026-05-09,Advice on how to prevent hantavirus infection and its risk factors.
univision.com,Cruise passengers with hantavirus will be quarantined in Nebraska.
2026-05-09,Cruise passengers with hantavirus will be quarantined in Nebraska.
Nebraska,Cruise passengers with hantavirus will be quarantined in Nebraska.
Cruise passengers,Cruise passengers with hantavirus will be quarantined in Nebraska.
United States,Cruise passengers with hantavirus will be quarantined in Nebraska.
North America,Cruise passengers with hantavirus will be quarantined in Nebraska.
corriere.it,Four passengers who were on a plane with a hantavirus victim have been identified.
2026-05-09,Four passengers who were on a plane with a hantavirus victim have been identified.
passengers,Four passengers who were on a plane with a hantavirus victim have been identified.
plane,Four passengers who were on a plane with a hantavirus victim have been identified.
hantavirus victim,Four passengers who were on a plane with a hantavirus victim have been identified.
simpleflying.com,A flight attendant was hospitalized after contact with a woman who died from hantavirus.
2026-05-09,A flight attendant was hospitalized after contact with a woman who died from hantavirus.
woman,A flight attendant was hospitalized after contact with a woman who died from hantavirus.
flight attendant,A flight attendant was hospitalized after contact with a woman who died from hantavirus.
rense.com,A flight attendant was hospitalized after contact with a woman who died from hantavirus.
dailymail.com,Americans are being monitored due to a hantavirus outbreak linked to a cruise ship.
2026-05-09,Americans are being monitored due to a hantavirus outbreak linked to a cruise ship.
Americans,Americans are being monitored due to a hantavirus outbreak linked to a cruise ship.
cruise ship,Americans are being monitored due to a hantavirus outbreak linked to a cruise ship.
United States,Americans are being monitored due to a hantavirus outbreak linked to a cruise ship.
North America,Americans are being monitored due to a hantavirus outbreak linked to a cruise ship.
rense.com,Americans are being monitored due to a hantavirus outbreak linked to a cruise ship.
infonews.ca,The head of WHO is reassuring residents regarding a ship carrying hantavirus headed for Spanish Island.
2026-05-09,The head of WHO is reassuring residents regarding a ship carrying hantavirus headed for Spanish Island.
residents,The head of WHO is reassuring residents regarding a ship carrying hantavirus headed for Spanish Island.
ship,The head of WHO is reassuring residents regarding a ship carrying hantavirus headed for Spanish Island.
hantavirus,The head of WHO is reassuring residents regarding a ship carrying hantavirus headed for Spanish Island.
head of WHO,The head of WHO is reassuring residents regarding a ship carrying hantavirus headed for Spanish Island.
Spanish Island,The head of WHO is reassuring residents regarding a ship carrying hantavirus headed for Spanish Island.
Europe,The head of WHO is reassuring residents regarding a ship carrying hantavirus headed for Spanish Island.
Spain,The head of WHO is reassuring residents regarding a ship carrying hantavirus headed for Spanish Island.
ms.now,Concerns are raised about the hantavirus outbreak in the Andes.
2026-05-09,Concerns are raised about the hantavirus outbreak in the Andes.
hantavirus,Concerns are raised about the hantavirus outbreak in the Andes.
Andes,Concerns are raised about the hantavirus outbreak in the Andes.
South America,Concerns are raised about the hantavirus outbreak in the Andes.
msnbc.com,Concerns are raised about the hantavirus outbreak in the Andes.
ms.now,Concerns about the response to the hantavirus outbreak following Trump administration cuts.
2026-05-09,Concerns about the response to the hantavirus outbreak following Trump administration cuts.
Trump administration,Concerns about the response to the hantavirus outbreak following Trump administration cuts.
msnbc.com,Concerns about the response to the hantavirus outbreak following Trump administration cuts.
ar.headtopics.com,Argentinian passengers on a cruise have hantavirus.
2026-05-09,Argentinian passengers on a cruise have hantavirus.
cruise,Argentinian passengers on a cruise have hantavirus.
Argentinian passengers,Argentinian passengers on a cruise have hantavirus.
South America,Argentinian passengers on a cruise have hantavirus.
Argentina,Argentinian passengers on a cruise have hantavirus.
headtopics.com,Argentinian passengers on a cruise have hantavirus.
br.headtopics.com,Hantavirus cases in Argentina have nearly doubled.
2026-05-09,Hantavirus cases in Argentina have nearly doubled.
Argentina,Hantavirus cases in Argentina have nearly doubled.
South America,Hantavirus cases in Argentina have nearly doubled.
headtopics.com,Hantavirus cases in Argentina have nearly doubled.
de.headtopics.com,A ship is heading towards a holiday island amid a hantavirus cruise.
2026-05-09,A ship is heading towards a holiday island amid a hantavirus cruise.
ship,A ship is heading towards a holiday island amid a hantavirus cruise.
hantavirus cruise,A ship is heading towards a holiday island amid a hantavirus cruise.
holiday island,A ship is heading towards a holiday island amid a hantavirus cruise.
headtopics.com,A ship is heading towards a holiday island amid a hantavirus cruise.
mx.headtopics.com,Hantavirus outbreak; when will the MV Hondius cruise arrive?
2026-05-09,Hantavirus outbreak; when will the MV Hondius cruise arrive?
MV Hondius,Hantavirus outbreak; when will the MV Hondius cruise arrive?
Hantavirus,Hantavirus outbreak; when will the MV Hondius cruise arrive?
headtopics.com,Hantavirus outbreak; when will the MV Hondius cruise arrive?
sg.headtopics.com,Eight people fell ill on a cruise ship due to hantavirus.
2026-05-09,Eight people fell ill on a cruise ship due to hantavirus.
cruise ship,Eight people fell ill on a cruise ship due to hantavirus.
eight people,Eight people fell ill on a cruise ship due to hantavirus.
headtopics.com,Eight people fell ill on a cruise ship due to hantavirus.
euronews.com,Concerns about the potential danger of a hantavirus outbreak in Tenerife.
2026-05-09,Concerns about the potential danger of a hantavirus outbreak in Tenerife.
Tenerife,Concerns about the potential danger of a hantavirus outbreak in Tenerife.
Europe,Concerns about the potential danger of a hantavirus outbreak in Tenerife.
Spain,Concerns about the potential danger of a hantavirus outbreak in Tenerife.
Canary Islands,Concerns about the potential danger of a hantavirus outbreak in Tenerife.
euronews.com,Information about the risks associated with hantavirus outbreaks at sea.
2026-05-09,Information about the risks associated with hantavirus outbreaks at sea.
breitbart.com,Tests for hantavirus are being conducted on a remote island in Singapore linked to a cruise ship crisis.
2026-05-09,Tests for hantavirus are being conducted on a remote island in Singapore linked to a cruise ship crisis.
cruise ship,Tests for hantavirus are being conducted on a remote island in Singapore linked to a cruise ship crisis.
hantavirus,Tests for hantavirus are being conducted on a remote island in Singapore linked to a cruise ship crisis.
Singapore,Tests for hantavirus are being conducted on a remote island in Singapore linked to a cruise ship crisis.
remote island,Tests for hantavirus are being conducted on a remote island in Singapore linked to a cruise ship crisis.
Asia,Tests for hantavirus are being conducted on a remote island in Singapore linked to a cruise ship crisis.
today.com,There was a hantavirus outbreak linked to a cruise ship impacting passengers from various states.
2026-05-09,There was a hantavirus outbreak linked to a cruise ship impacting passengers from various states.
passengers,There was a hantavirus outbreak linked to a cruise ship impacting passengers from various states.
cruise ship,There was a hantavirus outbreak linked to a cruise ship impacting passengers from various states.
various states,There was a hantavirus outbreak linked to a cruise ship impacting passengers from various states.
hantavirus,There was a hantavirus outbreak linked to a cruise ship impacting passengers from various states.
laist.com,LA health officials are monitoring hantavirus reports linked to a cruise ship outbreak.
2026-05-09,LA health officials are monitoring hantavirus reports linked to a cruise ship outbreak.
cruise ship,LA health officials are monitoring hantavirus reports linked to a cruise ship outbreak.
hantavirus,LA health officials are monitoring hantavirus reports linked to a cruise ship outbreak.
LA health officials,LA health officials are monitoring hantavirus reports linked to a cruise ship outbreak.
Los Angeles,LA health officials are monitoring hantavirus reports linked to a cruise ship outbreak.
United States,LA health officials are monitoring hantavirus reports linked to a cruise ship outbreak.
North America,LA health officials are monitoring hantavirus reports linked to a cruise ship outbreak.
California,LA health officials are monitoring hantavirus reports linked to a cruise ship outbreak.
gizmodo.com,Information on hantavirus and precautions.
2026-05-09,Information on hantavirus and precautions.
napoli.corriere.it,Health Ministry activates surveillance protocols for hantavirus in Campania
2026-05-09,Health Ministry activates surveillance protocols for hantavirus in Campania
Campania,Health Ministry activates surveillance protocols for hantavirus in Campania
Health Ministry,Health Ministry activates surveillance protocols for hantavirus in Campania
Europe,Health Ministry activates surveillance protocols for hantavirus in Campania
Italy,Health Ministry activates surveillance protocols for hantavirus in Campania
it.headtopics.com,Information about hantavirus quarantine protocols is provided.
2026-05-09,Information about hantavirus quarantine protocols is provided.
hantavirus,Information about hantavirus quarantine protocols is provided.
quarantine protocols,Information about hantavirus quarantine protocols is provided.
headtopics.com,Information about hantavirus quarantine protocols is provided.
no.headtopics.com,The cruise ship Hondius is dealing with a hantavirus outbreak among all on board.
2026-05-09,The cruise ship Hondius is dealing with a hantavirus outbreak among all on board.
cruise ship,The cruise ship Hondius is dealing with a hantavirus outbreak among all on board.
Hondius,The cruise ship Hondius is dealing with a hantavirus outbreak among all on board.
all on board,The cruise ship Hondius is dealing with a hantavirus outbreak among all on board.
headtopics.com,The cruise ship Hondius is dealing with a hantavirus outbreak among all on board.
latimes.com,Experts are questioning where the health authorities of the U.S. are in response to the hantavirus outbreak.
2026-05-09,Experts are questioning where the health authorities of the U.S. are in response to the hantavirus outbreak.
U.S.,Experts are questioning where the health authorities of the U.S. are in response to the hantavirus outbreak.
experts,Experts are questioning where the health authorities of the U.S. are in response to the hantavirus outbreak.
health authorities,Experts are questioning where the health authorities of the U.S. are in response to the hantavirus outbreak.
United States,Experts are questioning where the health authorities of the U.S. are in response to the hantavirus outbreak.
North America,Experts are questioning where the health authorities of the U.S. are in response to the hantavirus outbreak.
infonews.ca,Photos from a cruise ship affected by hantavirus.
2026-05-09,Photos from a cruise ship affected by hantavirus.
cruise ship,Photos from a cruise ship affected by hantavirus.
elpais.com,Discussion on the emergence of hantavirus and its implications in Spain.
2026-05-09,Discussion on the emergence of hantavirus and its implications in Spain.
Spain,Discussion on the emergence of hantavirus and its implications in Spain.
hantavirus,Discussion on the emergence of hantavirus and its implications in Spain.
Europe,Discussion on the emergence of hantavirus and its implications in Spain.
elpais.com,What will the landing of hantavirus affected individuals from the cruise in the Canary Islands look like.
2026-05-09,What will the landing of hantavirus affected individuals from the cruise in the Canary Islands look like.
individuals,What will the landing of hantavirus affected individuals from the cruise in the Canary Islands look like.
cruise,What will the landing of hantavirus affected individuals from the cruise in the Canary Islands look like.
hantavirus,What will the landing of hantavirus affected individuals from the cruise in the Canary Islands look like.
Canary Islands,What will the landing of hantavirus affected individuals from the cruise in the Canary Islands look like.
kjzz.org,The CDC states that the threat of a widespread hantavirus outbreak remains low.
2026-05-09,The CDC states that the threat of a widespread hantavirus outbreak remains low.
CDC,The CDC states that the threat of a widespread hantavirus outbreak remains low.
newser.com,There are public fears regarding hantavirus cruisers and their intentions.
2026-05-09,There are public fears regarding hantavirus cruisers and their intentions.
hantavirus cruisers,There are public fears regarding hantavirus cruisers and their intentions.
hotair.com,"There is an outbreak of hantavirus on a cruise ship, and details are being discussed."
2026-05-09,"There is an outbreak of hantavirus on a cruise ship, and details are being discussed."
cruise ship,"There is an outbreak of hantavirus on a cruise ship, and details are being discussed."
hantavirus,"There is an outbreak of hantavirus on a cruise ship, and details are being discussed."
oann.com,Americans from a hantavirus-affected cruise ship are being quarantined in Nebraska
2026-05-09,Americans from a hantavirus-affected cruise ship are being quarantined in Nebraska
Americans,Americans from a hantavirus-affected cruise ship are being quarantined in Nebraska
Nebraska,Americans from a hantavirus-affected cruise ship are being quarantined in Nebraska
hantavirus-affected cruise ship,Americans from a hantavirus-affected cruise ship are being quarantined in Nebraska
United States,Americans from a hantavirus-affected cruise ship are being quarantined in Nebraska
North America,Americans from a hantavirus-affected cruise ship are being quarantined in Nebraska
memeorandum.com,Americans from a hantavirus-affected cruise ship are being quarantined in Nebraska
statnews.com,Hantavirus outbreak on a cruise ship leads to evacuations in Spain and Canary Islands
2026-05-09,Hantavirus outbreak on a cruise ship leads to evacuations in Spain and Canary Islands
cruise ship,Hantavirus outbreak on a cruise ship leads to evacuations in Spain and Canary Islands
Spain,Hantavirus outbreak on a cruise ship leads to evacuations in Spain and Canary Islands
Canary Islands,Hantavirus outbreak on a cruise ship leads to evacuations in Spain and Canary Islands
Hantavirus,Hantavirus outbreak on a cruise ship leads to evacuations in Spain and Canary Islands
Europe,Hantavirus outbreak on a cruise ship leads to evacuations in Spain and Canary Islands
memeorandum.com,Hantavirus outbreak on a cruise ship leads to evacuations in Spain and Canary Islands
brownstone.org,The hantavirus spread is again a topic of concern.
2026-05-09,The hantavirus spread is again a topic of concern.
rebellionnews.com,The hantavirus spread is again a topic of concern.
yahoo.com/news,A cruise ship is experiencing a hantavirus outbreak.
2026-05-09,A cruise ship is experiencing a hantavirus outbreak.
cruise ship,A cruise ship is experiencing a hantavirus outbreak.
cnnespanol.cnn.com,CDC warns about hantavirus on a cruise for Americans
2026-05-09,CDC warns about hantavirus on a cruise for Americans
CDC,CDC warns about hantavirus on a cruise for Americans
Americans,CDC warns about hantavirus on a cruise for Americans
United States,CDC warns about hantavirus on a cruise for Americans
North America,CDC warns about hantavirus on a cruise for Americans
cnnespanol.cnn.com,Spanish authorities operate on a ship affected by hantavirus in the Canary Islands
2026-05-09,Spanish authorities operate on a ship affected by hantavirus in the Canary Islands
ship,Spanish authorities operate on a ship affected by hantavirus in the Canary Islands
hantavirus,Spanish authorities operate on a ship affected by hantavirus in the Canary Islands
Spanish authorities,Spanish authorities operate on a ship affected by hantavirus in the Canary Islands
Canary Islands,Spanish authorities operate on a ship affected by hantavirus in the Canary Islands
Europe,Spanish authorities operate on a ship affected by hantavirus in the Canary Islands
Spain,Spanish authorities operate on a ship affected by hantavirus in the Canary Islands
independent.co.uk,There is a hantavirus outbreak linked to a ship at Arrowe Park Hospital.
2026-05-09,There is a hantavirus outbreak linked to a ship at Arrowe Park Hospital.
hantavirus,There is a hantavirus outbreak linked to a ship at Arrowe Park Hospital.
Arrowe Park Hospital,There is a hantavirus outbreak linked to a ship at Arrowe Park Hospital.
Europe,There is a hantavirus outbreak linked to a ship at Arrowe Park Hospital.
United Kingdom,There is a hantavirus outbreak linked to a ship at Arrowe Park Hospital.
Merseyside,There is a hantavirus outbreak linked to a ship at Arrowe Park Hospital.
independent.co.uk,An outbreak of hantavirus has occurred on a cruise ship at Arrowe Park Hospital.
2026-05-09,An outbreak of hantavirus has occurred on a cruise ship at Arrowe Park Hospital.
cruise ship,An outbreak of hantavirus has occurred on a cruise ship at Arrowe Park Hospital.
hantavirus,An outbreak of hantavirus has occurred on a cruise ship at Arrowe Park Hospital.
Arrowe Park Hospital,An outbreak of hantavirus has occurred on a cruise ship at Arrowe Park Hospital.
news.ssbcrack.com,Hantavirus outbreak on a cruise ship is causing concern among Canadians.
2026-05-09,Hantavirus outbreak on a cruise ship is causing concern among Canadians.
cruise ship,Hantavirus outbreak on a cruise ship is causing concern among Canadians.
Canadians,Hantavirus outbreak on a cruise ship is causing concern among Canadians.
Hantavirus,Hantavirus outbreak on a cruise ship is causing concern among Canadians.
North America,Hantavirus outbreak on a cruise ship is causing concern among Canadians.
Canada,Hantavirus outbreak on a cruise ship is causing concern among Canadians.
es.headtopics.com,Cruise ship with hantavirus cases docks in Granadilla.
2026-05-09,Cruise ship with hantavirus cases docks in Granadilla.
Cruise ship,Cruise ship with hantavirus cases docks in Granadilla.
Granadilla,Cruise ship with hantavirus cases docks in Granadilla.
Europe,Cruise ship with hantavirus cases docks in Granadilla.
Spain,Cruise ship with hantavirus cases docks in Granadilla.
Tenerife,Cruise ship with hantavirus cases docks in Granadilla.
headtopics.com,Cruise ship with hantavirus cases docks in Granadilla.
es.headtopics.com,Hantavirus detected on a Dutch cruise from Argentina.
2026-05-09,Hantavirus detected on a Dutch cruise from Argentina.
Argentina,Hantavirus detected on a Dutch cruise from Argentina.
Hantavirus,Hantavirus detected on a Dutch cruise from Argentina.
Dutch cruise,Hantavirus detected on a Dutch cruise from Argentina.
South America,Hantavirus detected on a Dutch cruise from Argentina.
headtopics.com,Hantavirus detected on a Dutch cruise from Argentina.
es.headtopics.com,Hantavirus outbreak during arrival of the MV Hondius cruise in the Canary Islands.
2026-05-09,Hantavirus outbreak during arrival of the MV Hondius cruise in the Canary Islands.
Canary Islands,Hantavirus outbreak during arrival of the MV Hondius cruise in the Canary Islands.
MV Hondius,Hantavirus outbreak during arrival of the MV Hondius cruise in the Canary Islands.
Europe,Hantavirus outbreak during arrival of the MV Hondius cruise in the Canary Islands.
Spain,Hantavirus outbreak during arrival of the MV Hondius cruise in the Canary Islands.
headtopics.com,Hantavirus outbreak during arrival of the MV Hondius cruise in the Canary Islands.
mx.headtopics.com,24 British nationals evacuated from a cruise affected by hantavirus.
2026-05-09,24 British nationals evacuated from a cruise affected by hantavirus.
cruise,24 British nationals evacuated from a cruise affected by hantavirus.
British nationals,24 British nationals evacuated from a cruise affected by hantavirus.
Europe,24 British nationals evacuated from a cruise affected by hantavirus.
United Kingdom,24 British nationals evacuated from a cruise affected by hantavirus.
Britain,24 British nationals evacuated from a cruise affected by hantavirus.
headtopics.com,24 British nationals evacuated from a cruise affected by hantavirus.
pt.headtopics.com,Spain to demarcate passengers from cruise ship with hantavirus cases.
2026-05-09,Spain to demarcate passengers from cruise ship with hantavirus cases.
passengers,Spain to demarcate passengers from cruise ship with hantavirus cases.
cruise ship,Spain to demarcate passengers from cruise ship with hantavirus cases.
Spain,Spain to demarcate passengers from cruise ship with hantavirus cases.
hantavirus cases,Spain to demarcate passengers from cruise ship with hantavirus cases.
Europe,Spain to demarcate passengers from cruise ship with hantavirus cases.
headtopics.com,Spain to demarcate passengers from cruise ship with hantavirus cases.
se.headtopics.com,Spanish patient tests negative for hantavirus.
2026-05-09,Spanish patient tests negative for hantavirus.
Spanish patient,Spanish patient tests negative for hantavirus.
Europe,Spanish patient tests negative for hantavirus.
Spain,Spanish patient tests negative for hantavirus.
headtopics.com,Spanish patient tests negative for hantavirus.
us.headtopics.com,Photos from onboard the cruise ship affected by hantavirus.
2026-05-09,Photos from onboard the cruise ship affected by hantavirus.
cruise ship,Photos from onboard the cruise ship affected by hantavirus.
headtopics.com,Photos from onboard the cruise ship affected by hantavirus.
thegatewaypundit.com,Monitoring of potential hantavirus cases in four states
2026-05-09,Monitoring of potential hantavirus cases in four states
states,Monitoring of potential hantavirus cases in four states
hantavirus,Monitoring of potential hantavirus cases in four states
four states,Monitoring of potential hantavirus cases in four states
livemint.com,Claims about a hantavirus outbreak in Tenerife and urges for calm as a cruise ship linked to the illness prepares to dock.
2026-05-09,Claims about a hantavirus outbreak in Tenerife and urges for calm as a cruise ship linked to the illness prepares to dock.
cruise ship,Claims about a hantavirus outbreak in Tenerife and urges for calm as a cruise ship linked to the illness prepares to dock.
Tenerife,Claims about a hantavirus outbreak in Tenerife and urges for calm as a cruise ship linked to the illness prepares to dock.
hantavirus,Claims about a hantavirus outbreak in Tenerife and urges for calm as a cruise ship linked to the illness prepares to dock.
Europe,Claims about a hantavirus outbreak in Tenerife and urges for calm as a cruise ship linked to the illness prepares to dock.
Spain,Claims about a hantavirus outbreak in Tenerife and urges for calm as a cruise ship linked to the illness prepares to dock.
Canary Islands,Claims about a hantavirus outbreak in Tenerife and urges for calm as a cruise ship linked to the illness prepares to dock.
npr.org,The CDC indicates that the risk of a widespread hantavirus outbreak is low.
2026-05-09,The CDC indicates that the risk of a widespread hantavirus outbreak is low.
CDC,The CDC indicates that the risk of a widespread hantavirus outbreak is low.
dailymail.co.uk,Cruise ships are prone to outbreaks of diseases like hantavirus
2026-05-09,Cruise ships are prone to outbreaks of diseases like hantavirus
Cruise ships,Cruise ships are prone to outbreaks of diseases like hantavirus
kutv.com,Concerns about the CDC's response to a hantavirus outbreak on a cruise ship
2026-05-09,Concerns about the CDC's response to a hantavirus outbreak on a cruise ship
CDC,Concerns about the CDC's response to a hantavirus outbreak on a cruise ship
cruise ship,Concerns about the CDC's response to a hantavirus outbreak on a cruise ship
hantavirus,Concerns about the CDC's response to a hantavirus outbreak on a cruise ship
laist.com,Contact tracing may help stop the spread of hantavirus.
2026-05-09,Contact tracing may help stop the spread of hantavirus.
forbes.com,Hantavirus cruise passengers will be evacuated soon according to a report.
2026-05-09,Hantavirus cruise passengers will be evacuated soon according to a report.
report,Hantavirus cruise passengers will be evacuated soon according to a report.
cruise passengers,Hantavirus cruise passengers will be evacuated soon according to a report.
Hantavirus,Hantavirus cruise passengers will be evacuated soon according to a report.
endtimeheadlines.org,"Hantavirus cases are spreading, prompting a warning to wear masks."
2026-05-09,"Hantavirus cases are spreading, prompting a warning to wear masks."
endtimeheadlines.org,New Jersey has become the sixth state with suspected hantavirus cases linked to airplane exposure.
2026-05-09,New Jersey has become the sixth state with suspected hantavirus cases linked to airplane exposure.
New Jersey,New Jersey has become the sixth state with suspected hantavirus cases linked to airplane exposure.
United States,New Jersey has become the sixth state with suspected hantavirus cases linked to airplane exposure.
North America,New Jersey has become the sixth state with suspected hantavirus cases linked to airplane exposure.
endtimeheadlines.org,Passengers from a cruise linked to hantavirus returned to Texas and Virginia before the outbreak was recognized.
2026-05-09,Passengers from a cruise linked to hantavirus returned to Texas and Virginia before the outbreak was recognized.
Virginia,Passengers from a cruise linked to hantavirus returned to Texas and Virginia before the outbreak was recognized.
Texas,Passengers from a cruise linked to hantavirus returned to Texas and Virginia before the outbreak was recognized.
Passengers,Passengers from a cruise linked to hantavirus returned to Texas and Virginia before the outbreak was recognized.
United States,Passengers from a cruise linked to hantavirus returned to Texas and Virginia before the outbreak was recognized.
North America,Passengers from a cruise linked to hantavirus returned to Texas and Virginia before the outbreak was recognized.
es.headtopics.com,Hantavirus detected on a Dutch cruise ship
2026-05-09,Hantavirus detected on a Dutch cruise ship
Hantavirus,Hantavirus detected on a Dutch cruise ship
Dutch cruise ship,Hantavirus detected on a Dutch cruise ship
Europe,Hantavirus detected on a Dutch cruise ship
Netherlands,Hantavirus detected on a Dutch cruise ship
headtopics.com,Hantavirus detected on a Dutch cruise ship
laopinion.com,The article discusses the risks of hantavirus in the U.S. according to the CDC.
2026-05-09,The article discusses the risks of hantavirus in the U.S. according to the CDC.
CDC,The article discusses the risks of hantavirus in the U.S. according to the CDC.
United States,The article discusses the risks of hantavirus in the U.S. according to the CDC.
North America,The article discusses the risks of hantavirus in the U.S. according to the CDC.
newsweek.com,Health officials are raising alarms about hantavirus arrival as they question the Trump administration's readiness.
2026-05-09,Health officials are raising alarms about hantavirus arrival as they question the Trump administration's readiness.
Trump administration,Health officials are raising alarms about hantavirus arrival as they question the Trump administration's readiness.
Health officials,Health officials are raising alarms about hantavirus arrival as they question the Trump administration's readiness.
newsweek.com,Patient zero has been identified in a hantavirus outbreak on a ship.
2026-05-09,Patient zero has been identified in a hantavirus outbreak on a ship.
ship,Patient zero has been identified in a hantavirus outbreak on a ship.
hantavirus,Patient zero has been identified in a hantavirus outbreak on a ship.
Patient zero,Patient zero has been identified in a hantavirus outbreak on a ship.
newsnotnoisejessicayellin.substack.com,Hantavirus is affecting US passengers on ships
2026-05-09,Hantavirus is affecting US passengers on ships
ships,Hantavirus is affecting US passengers on ships
US passengers,Hantavirus is affecting US passengers on ships
United States,Hantavirus is affecting US passengers on ships
North America,Hantavirus is affecting US passengers on ships
es.headtopics.com,Hondius evacuates passengers after hantavirus outbreak
2026-05-09,Hondius evacuates passengers after hantavirus outbreak
passengers,Hondius evacuates passengers after hantavirus outbreak
hantavirus,Hondius evacuates passengers after hantavirus outbreak
Hondius,Hondius evacuates passengers after hantavirus outbreak
Europe,Hondius evacuates passengers after hantavirus outbreak
Netherlands,Hondius evacuates passengers after hantavirus outbreak
headtopics.com,Hondius evacuates passengers after hantavirus outbreak
theatlantic.com,Concerns about a hantavirus pandemic amid fears from COVID.
2026-05-09,Concerns about a hantavirus pandemic amid fears from COVID.
COVID,Concerns about a hantavirus pandemic amid fears from COVID.
hantavirus,Concerns about a hantavirus pandemic amid fears from COVID.
time.com,Discussion on a hantavirus outbreak and its distinction from COVID-19.
2026-05-09,Discussion on a hantavirus outbreak and its distinction from COVID-19.
COVID-19,Discussion on a hantavirus outbreak and its distinction from COVID-19.
hantavirus,Discussion on a hantavirus outbreak and its distinction from COVID-19.
time.com,Update on U.S. states monitoring cruise passengers due to hantavirus cases.
2026-05-09,Update on U.S. states monitoring cruise passengers due to hantavirus cases.
hantavirus,Update on U.S. states monitoring cruise passengers due to hantavirus cases.
U.S. states,Update on U.S. states monitoring cruise passengers due to hantavirus cases.
cruise passengers,Update on U.S. states monitoring cruise passengers due to hantavirus cases.
United States,Update on U.S. states monitoring cruise passengers due to hantavirus cases.
North America,Update on U.S. states monitoring cruise passengers due to hantavirus cases.
time.com,Analysis of how hantavirus fears are causing anxiety in a post-COVID context.
2026-05-09,Analysis of how hantavirus fears are causing anxiety in a post-COVID context.
COVID,Analysis of how hantavirus fears are causing anxiety in a post-COVID context.
hantavirus,Analysis of how hantavirus fears are causing anxiety in a post-COVID context.
dallasexpress.com,Concerns re-emerge about COVID-19 crisis response amidst hantavirus outbreak linked to Texas passengers.
2026-05-09,Concerns re-emerge about COVID-19 crisis response amidst hantavirus outbreak linked to Texas passengers.
COVID-19,Concerns re-emerge about COVID-19 crisis response amidst hantavirus outbreak linked to Texas passengers.
hantavirus,Concerns re-emerge about COVID-19 crisis response amidst hantavirus outbreak linked to Texas passengers.
Texas passengers,Concerns re-emerge about COVID-19 crisis response amidst hantavirus outbreak linked to Texas passengers.
United States,Concerns re-emerge about COVID-19 crisis response amidst hantavirus outbreak linked to Texas passengers.
North America,Concerns re-emerge about COVID-19 crisis response amidst hantavirus outbreak linked to Texas passengers.
Texas,Concerns re-emerge about COVID-19 crisis response amidst hantavirus outbreak linked to Texas passengers.
theportlandmedium.com,Hantavirus outbreak linked to a cruise ship
2026-05-09,Hantavirus outbreak linked to a cruise ship
cbc.ca,A Canadian survivor of hantavirus
2026-05-09,A Canadian survivor of hantavirus
survivor,A Canadian survivor of hantavirus
Canadian,A Canadian survivor of hantavirus
North America,A Canadian survivor of hantavirus
Canada,A Canadian survivor of hantavirus
wltreport.com,Claiming that Hantavirus could lead to another pandemic.
2026-05-09,Claiming that Hantavirus could lead to another pandemic.
Hantavirus,Claiming that Hantavirus could lead to another pandemic.
lemonde.fr,Cyril Dion argues that the sudden notoriety of hantavirus is a new alert that should not be ignored.
2026-05-09,Cyril Dion argues that the sudden notoriety of hantavirus is a new alert that should not be ignored.
hantavirus,Cyril Dion argues that the sudden notoriety of hantavirus is a new alert that should not be ignored.
Cyril Dion,Cyril Dion argues that the sudden notoriety of hantavirus is a new alert that should not be ignored.
backpacker.com,Informational article on hantavirus for backpackers
2026-05-09,Informational article on hantavirus for backpackers
yahoo.com/news,Concerns about a hantavirus outbreak
2026-05-09,Concerns about a hantavirus outbreak
hantavirus,Concerns about a hantavirus outbreak
yahoo.com/news,Hantavirus discovered on a ship
2026-05-09,Hantavirus discovered on a ship
ship,Hantavirus discovered on a ship
Hantavirus,Hantavirus discovered on a ship
pt.headtopics.com,Passengers from a ship with hantavirus cases disembark.
2026-05-09,Passengers from a ship with hantavirus cases disembark.
Passengers,Passengers from a ship with hantavirus cases disembark.
ship,Passengers from a ship with hantavirus cases disembark.
headtopics.com,Passengers from a ship with hantavirus cases disembark.
elpais.com,Concerns about a cruise ship linked to a hantavirus outbreak arriving at a port in Tenerife.
2026-05-09,Concerns about a cruise ship linked to a hantavirus outbreak arriving at a port in Tenerife.
cruise ship,Concerns about a cruise ship linked to a hantavirus outbreak arriving at a port in Tenerife.
Tenerife,Concerns about a cruise ship linked to a hantavirus outbreak arriving at a port in Tenerife.
port,Concerns about a cruise ship linked to a hantavirus outbreak arriving at a port in Tenerife.
hantavirus,Concerns about a cruise ship linked to a hantavirus outbreak arriving at a port in Tenerife.
Europe,Concerns about a cruise ship linked to a hantavirus outbreak arriving at a port in Tenerife.
Spain,Concerns about a cruise ship linked to a hantavirus outbreak arriving at a port in Tenerife.
Canary Islands,Concerns about a cruise ship linked to a hantavirus outbreak arriving at a port in Tenerife.
co.headtopics.com,Authorities report an outbreak of hantavirus on a cruise ship.
2026-05-09,Authorities report an outbreak of hantavirus on a cruise ship.
Authorities,Authorities report an outbreak of hantavirus on a cruise ship.
cruise ship,Authorities report an outbreak of hantavirus on a cruise ship.
headtopics.com,Authorities report an outbreak of hantavirus on a cruise ship.
es.headtopics.com,Live updates on hantavirus and the latest news on an outbreak.
2026-05-09,Live updates on hantavirus and the latest news on an outbreak.
hantavirus,Live updates on hantavirus and the latest news on an outbreak.
outbreak,Live updates on hantavirus and the latest news on an outbreak.
headtopics.com,Live updates on hantavirus and the latest news on an outbreak.
eastbaytimes.com,WHO head is reassuring residents about a ship carrying hantavirus heading to a Spanish island.
2026-05-09,WHO head is reassuring residents about a ship carrying hantavirus heading to a Spanish island.
residents,WHO head is reassuring residents about a ship carrying hantavirus heading to a Spanish island.
ship,WHO head is reassuring residents about a ship carrying hantavirus heading to a Spanish island.
hantavirus,WHO head is reassuring residents about a ship carrying hantavirus heading to a Spanish island.
WHO,WHO head is reassuring residents about a ship carrying hantavirus heading to a Spanish island.
Spanish island,WHO head is reassuring residents about a ship carrying hantavirus heading to a Spanish island.
Europe,WHO head is reassuring residents about a ship carrying hantavirus heading to a Spanish island.
Spain,WHO head is reassuring residents about a ship carrying hantavirus heading to a Spanish island.
1190kex.iheart.com,CDC classifies hantavirus outbreak as a Level 3 emergency response
2026-05-09,CDC classifies hantavirus outbreak as a Level 3 emergency response
CDC,CDC classifies hantavirus outbreak as a Level 3 emergency response
hantavirus outbreak,CDC classifies hantavirus outbreak as a Level 3 emergency response
1190kex.iheart.com,CDC is dispatching staff to a hantavirus-stricken cruise ship
2026-05-09,CDC is dispatching staff to a hantavirus-stricken cruise ship
CDC,CDC is dispatching staff to a hantavirus-stricken cruise ship
cruise ship,CDC is dispatching staff to a hantavirus-stricken cruise ship
staff,CDC is dispatching staff to a hantavirus-stricken cruise ship
washingtonexaminer.com,Americans are affected by hantavirus according to Bhattacharya.
2026-05-09,Americans are affected by hantavirus according to Bhattacharya.
Americans,Americans are affected by hantavirus according to Bhattacharya.
Bhattacharya,Americans are affected by hantavirus according to Bhattacharya.
United States,Americans are affected by hantavirus according to Bhattacharya.
North America,Americans are affected by hantavirus according to Bhattacharya.
boredpanda.com,Identifying the patient zero in a hantavirus outbreak on a cruise ship.
2026-05-09,Identifying the patient zero in a hantavirus outbreak on a cruise ship.
cruise ship,Identifying the patient zero in a hantavirus outbreak on a cruise ship.
hantavirus,Identifying the patient zero in a hantavirus outbreak on a cruise ship.
patient zero,Identifying the patient zero in a hantavirus outbreak on a cruise ship.
rollingstone.com,Discussion of a hantavirus outbreak on a cruise and related concerns.
2026-05-09,Discussion of a hantavirus outbreak on a cruise and related concerns.
cruise,Discussion of a hantavirus outbreak on a cruise and related concerns.
hantavirus,Discussion of a hantavirus outbreak on a cruise and related concerns.
mprnews.org,Claim that experts are questioning the CDC's response to hantavirus spread on a cruise ship
2026-05-09,Claim that experts are questioning the CDC's response to hantavirus spread on a cruise ship
CDC,Claim that experts are questioning the CDC's response to hantavirus spread on a cruise ship
cruise ship,Claim that experts are questioning the CDC's response to hantavirus spread on a cruise ship
experts,Claim that experts are questioning the CDC's response to hantavirus spread on a cruise ship
hantavirus,Claim that experts are questioning the CDC's response to hantavirus spread on a cruise ship
christianpost.com,Information on a hantavirus outbreak on a cruise.
2026-05-09,Information on a hantavirus outbreak on a cruise.
virginiamercury.com,Virginia is monitoring for possible hantavirus cases.
2026-05-10,Virginia is monitoring for possible hantavirus cases.
Virginia,Virginia is monitoring for possible hantavirus cases.
United States,Virginia is monitoring for possible hantavirus cases.
North America,Virginia is monitoring for possible hantavirus cases.
ca.headtopics.com,News on a fatal hantavirus outbreak
2026-05-10,News on a fatal hantavirus outbreak
headtopics.com,News on a fatal hantavirus outbreak
cbsnews.com,A survivor of a hantavirus outbreak lost his mother and sister to the virus.
2026-05-10,A survivor of a hantavirus outbreak lost his mother and sister to the virus.
mother,A survivor of a hantavirus outbreak lost his mother and sister to the virus.
survivor,A survivor of a hantavirus outbreak lost his mother and sister to the virus.
sister,A survivor of a hantavirus outbreak lost his mother and sister to the virus.
hantavirus outbreak,A survivor of a hantavirus outbreak lost his mother and sister to the virus.
cbsnews.com,There were deadly hantavirus cases linked to a cruise ship outbreak.
2026-05-10,There were deadly hantavirus cases linked to a cruise ship outbreak.
cruise ship,There were deadly hantavirus cases linked to a cruise ship outbreak.
outbreak,There were deadly hantavirus cases linked to a cruise ship outbreak.
cbsnews.com,Americans were evacuated from a cruise ship due to hantavirus concerns.
2026-05-10,Americans were evacuated from a cruise ship due to hantavirus concerns.
Americans,Americans were evacuated from a cruise ship due to hantavirus concerns.
cruise ship,Americans were evacuated from a cruise ship due to hantavirus concerns.
United States,Americans were evacuated from a cruise ship due to hantavirus concerns.
North America,Americans were evacuated from a cruise ship due to hantavirus concerns.
wltreport.com,Patient zero for hantavirus identified as an ornithologist who visited certain locations.
2026-05-10,Patient zero for hantavirus identified as an ornithologist who visited certain locations.
Patient zero,Patient zero for hantavirus identified as an ornithologist who visited certain locations.
ornithologist,Patient zero for hantavirus identified as an ornithologist who visited certain locations.
thegatewaypundit.com,The first patient of hantavirus was identified as a Dutch birdwatcher.
2026-05-10,The first patient of hantavirus was identified as a Dutch birdwatcher.
patient,The first patient of hantavirus was identified as a Dutch birdwatcher.
hantavirus,The first patient of hantavirus was identified as a Dutch birdwatcher.
Dutch birdwatcher,The first patient of hantavirus was identified as a Dutch birdwatcher.
Europe,The first patient of hantavirus was identified as a Dutch birdwatcher.
Netherlands,The first patient of hantavirus was identified as a Dutch birdwatcher.
cbsnews.com,"Hantavirus has led to cruise passengers being evacuated to their home countries, including Americans."
2026-05-10,"Hantavirus has led to cruise passengers being evacuated to their home countries, including Americans."
Americans,"Hantavirus has led to cruise passengers being evacuated to their home countries, including Americans."
cruise passengers,"Hantavirus has led to cruise passengers being evacuated to their home countries, including Americans."
Hantavirus,"Hantavirus has led to cruise passengers being evacuated to their home countries, including Americans."
United States,"Hantavirus has led to cruise passengers being evacuated to their home countries, including Americans."
North America,"Hantavirus has led to cruise passengers being evacuated to their home countries, including Americans."
dedicatedissues.com,Report on a plan to manage hantavirus outbreak
2026-05-10,Report on a plan to manage hantavirus outbreak
whatfinger.com,Report on a plan to manage hantavirus outbreak
de.headtopics.com,Claim about hantavirus affecting a cruise ship
2026-05-10,Claim about hantavirus affecting a cruise ship
cruise ship,Claim about hantavirus affecting a cruise ship
hantavirus,Claim about hantavirus affecting a cruise ship
headtopics.com,Claim about hantavirus affecting a cruise ship
de.headtopics.com,Claim regarding arrival of a cruise ship affected by hantavirus
2026-05-10,Claim regarding arrival of a cruise ship affected by hantavirus
cruise ship,Claim regarding arrival of a cruise ship affected by hantavirus
headtopics.com,Claim regarding arrival of a cruise ship affected by hantavirus
sg.headtopics.com,Claim about a hantavirus outbreak on a cruise ship
2026-05-10,Claim about a hantavirus outbreak on a cruise ship
cruise ship,Claim about a hantavirus outbreak on a cruise ship
hantavirus,Claim about a hantavirus outbreak on a cruise ship
headtopics.com,Claim about a hantavirus outbreak on a cruise ship
news.ssbcrack.com,UK passengers on a hantavirus-afflicted cruise ship will be quarantined in Merseyside.
2026-05-10,UK passengers on a hantavirus-afflicted cruise ship will be quarantined in Merseyside.
Merseyside,UK passengers on a hantavirus-afflicted cruise ship will be quarantined in Merseyside.
UK passengers,UK passengers on a hantavirus-afflicted cruise ship will be quarantined in Merseyside.
hantavirus-afflicted cruise ship,UK passengers on a hantavirus-afflicted cruise ship will be quarantined in Merseyside.
Europe,UK passengers on a hantavirus-afflicted cruise ship will be quarantined in Merseyside.
England,UK passengers on a hantavirus-afflicted cruise ship will be quarantined in Merseyside.
United Kingdom,UK passengers on a hantavirus-afflicted cruise ship will be quarantined in Merseyside.
ms.now,17 Americans on cruise ship with hantavirus outbreak will be taken to Nebraska for isolation.
2026-05-10,17 Americans on cruise ship with hantavirus outbreak will be taken to Nebraska for isolation.
Americans,17 Americans on cruise ship with hantavirus outbreak will be taken to Nebraska for isolation.
cruise ship,17 Americans on cruise ship with hantavirus outbreak will be taken to Nebraska for isolation.
Nebraska,17 Americans on cruise ship with hantavirus outbreak will be taken to Nebraska for isolation.
United States,17 Americans on cruise ship with hantavirus outbreak will be taken to Nebraska for isolation.
North America,17 Americans on cruise ship with hantavirus outbreak will be taken to Nebraska for isolation.
msnbc.com,17 Americans on cruise ship with hantavirus outbreak will be taken to Nebraska for isolation.
ch.headtopics.com,Outbreak of hantavirus on a cruise ship.
2026-05-10,Outbreak of hantavirus on a cruise ship.
cruise ship,Outbreak of hantavirus on a cruise ship.
headtopics.com,Outbreak of hantavirus on a cruise ship.
id.headtopics.com,Threat of deadly hantavirus on the MV cruise ship.
2026-05-10,Threat of deadly hantavirus on the MV cruise ship.
MV cruise ship,Threat of deadly hantavirus on the MV cruise ship.
headtopics.com,Threat of deadly hantavirus on the MV cruise ship.
theguardian.com,Spanish authorities are preparing for the arrival of hantavirus from a cruise ship.
2026-05-10,Spanish authorities are preparing for the arrival of hantavirus from a cruise ship.