w1,w2,count
a-piece,all,1
abide,by,1
abide,figures,1
about,again,1
about,among,1
about,and,5
about,anxiously,1
about,as,4
about,at,1
about,by,1
about,cats,1
about,change,1
about,children,1
about,donations,2
about,easily,1
about,fifteen,1
about,for,4
about,four,2
about,half,1
about,her,7
about,here,2
about,his,1
about,in,7
about,it,18
about,lessons,1
about,like,2
about,me,1
about,new,1
about,once,1
about,project,2
about,ravens,1
about,read,1
about,reminding,1
about,said,1
about,something,1
about,stopping,1
about,the,11
about,them,1
about,themall,1
about,this,3
about,trouble,1
about,trying,1
about,two,2
about,wasting,1
about,you,1
above,her,1
above,the,1
absence,and,1
absurd,but,1
absurd,for,1
accept,all,1
acceptance,of,1
accepted,but,1
accepted,in,1
accepting,unsolicited,1
access,to,10
accessed,displayed,1
accessible,by,1
accident,all,1
accident,of,1
accidentally,upset,1
accordance,with,2
account,of,1
accounting,for,1
accounts,for,1
accusation,said,1
accustomed,to,1
ache,alice,1
across,her,1
across,his,1
across,the,2
across,to,1
act,of,1
active,links,2
actual,direct,1
actually,took,1
ada,she,1
added,aloud,1
added,and,1
added,as,2
added,come,1
added,in,4
added,it,1
added,looking,1
added,the,7
added,them,1
added,to,2
added,turning,1
added,with,1
adding,youre,1
addition,to,1
additional,cost,1
additional,terms,2
additions,or,1
address,specified,1
addressed,her,1
addressed,to,1
addresses,donations,1
addressing,nobody,1
adjourn,for,1
adoption,of,1
advance,they,1
advance,twice,2
advantage,from,1
advantage,of,1
advantage,said,1
adventures,first,1
adventures,from,1
adventures,in,5
adventures,of,1
adventures,till,1
adventuresbeginning,from,1
advice,from,2
advice,though,1
advisable,found,1
advisable,to,1
advise,you,1
affair,he,1
affectionately,into,1
afford,to,1
afore,she,1
afraid,but,1
afraid,ive,1
afraid,of,3
afraid,said,1
afraid,sir,1
afraid,that,2
after,all,6
after,folding,1
after,glaring,1
after,her,3
after,hunting,1
after,it,5
after,some,1
after,such,1
after,that,3
after,thatonly,1
after,the,4
after,them,1
after,these,1
after,thinking,1
after,this,1
after,waiting,1
after,watching,1
after-time,be,1
afterwards,it,1
afterwards,stuff,1
again,alice,2
again,and,15
again,as,2
again,before,1
again,but,2
again,by-the-bye,1
again,cried,1
again,dear,1
again,dinahll,1
again,for,4
again,heard,1
again,in,3
again,into,1
again,it,1
again,keep,1
again,let,1
again,mine,1
again,no,2
again,or,1
again,please,1
again,repeated,1
again,said,2
again,she,1
again,singing,1
again,sitting,1
again,so,3
again,suddenly,1
again,thats,1
again,the,6
again,then,1
again,they,1
again,this,1
again,to,2
again,took,1
again,twenty-four,1
again,using,1
again,very,1
again,which,1
again,with,1
again,yelled,1
again,you,4
againbefore,she,1
against,accepting,1
against,each,1
against,her,1
against,herself,1
against,it,1
against,one,1
against,the,3
age,as,1
age,it,1
age,knew,1
age,there,1
agent,or,1
ago,and,1
ago,anything,1
agony,of,1
agree,that,2
agree,to,8
agree,with,1
agreed,to,1
agreement,and,2
agreement,before,1
agreement,by,1
agreement,disclaim,1
agreement,for,2
agreement,if,1
agreement,see,1
agreement,shall,2
agreement,the,1
agreement,there,1
agreement,violates,1
agreement,will,1
agreement,you,3
ah,my,1
ah,that,1
ah,thats,1
ah,then,1
ah,well,1
ahem,said,1
air,and,2
air,are,1
air,as,1
air,do,1
air,even,1
air,if,1
air,im,1
air,it,1
air,mixed,1
air,of,1
air,off,1
air,she,1
air,this,1
airs,do,1
alarm,in,1
alarm,this,1
alarmed,at,1
alas,either,1
alas,for,1
alas,it,1
alas,the,1
alice,added,1
alice,after,1
alice,again,3
alice,all,1
alice,allow,1
alice,alone,1
alice,aloud,1
alice,always,1
alice,an,1
alice,and,19
alice,angrily,1
alice,anything,1
alice,appeared,1
alice,as,11
alice,asked,3
alice,because,1
alice,began,7
alice,besides,1
alice,but,5
alice,by,1
alice,call,1
alice,called,2
alice,caught,1
alice,cautiously,2
alice,chapter,1
alice,come,4
alice,coming,1
alice,considered,1
alice,could,11
alice,crouched,1
alice,dear,1
alice,desperately,1
alice,did,10
alice,didnt,1
alice,dodged,1
alice,doubtfully,1
alice,every,1
alice,exactly,1
alice,feeling,1
alice,felt,5
alice,flinging,1
alice,folded,1
alice,for,2
alice,found,1
alice,gave,1
alice,gently,1
alice,glanced,1
alice,got,1
alice,guessed,2
alice,had,11
alice,hastily,4
alice,have,1
alice,he,1
alice,heard,3
alice,herself,1
alice,how,1
alice,im,4
alice,in,9
alice,indignantly,3
alice,it,5
alice,itll,1
alice,its,2
alice,ive,4
alice,joined,1
alice,jumping,1
alice,kept,1
alice,knew,1
alice,laughed,1
alice,led,1
alice,like,1
alice,living,1
alice,looked,8
alice,looking,1
alice,loudly,1
alice,more,1
alice,not,1
alice,nothing,2
alice,noticed,2
alice,now,1
alice,of,2
alice,off,1
alice,oh,1
alice,one,1
alice,only,2
alice,opened,1
alice,or,1
alice,panted,1
alice,put,1
alice,quietly,1
alice,quite,4
alice,rather,3
alice,recognised,1
alice,reeling,1
alice,remained,1
alice,remarked,2
alice,replied,9
alice,sadly,1
alice,said,11
alice,seriously,1
alice,severely,1
alice,shall,1
alice,sharply,1
alice,she,5
alice,shes,1
alice,sighed,1
alice,so,1
alice,soon,2
alice,stand,1
alice,started,1
alice,surprised,1
alice,swallowing,1
alice,that,2
alice,thats,3
alice,the,4
alice,then,2
alice,they,1
alice,theyre,1
alice,think,1
alice,thinking,1
alice,thought,12
alice,thoughtfully,1
alice,three,1
alice,timidly,2
alice,to,9
alice,took,1
alice,tried,1
alice,turned,1
alice,ventured,4
alice,very,6
alice,waited,3
alice,was,17
alice,watched,1
alice,we,1
alice,well,3
alice,went,5
alice,were,1
alice,what,2
alice,when,2
alice,wheres,1
alice,whispered,2
alice,who,6
alice,whos,1
alice,whose,1
alice,why,5
alice,with,2
alice,without,1
alice,would,1
alice,you,4
aliceand,perhaps,1
alices,adventures,5
alices,and,1
alices,elbow,1
alices,evidence,2
alices,first,1
alices,great,1
alices,head,1
alices,love,1
alices,right,1
alices,shoulder,2
alices,side,1
alive,for,1
alive,she,1
alive,with,1
all,about,4
all,access,1
all,advance,1
all,alone,1
all,and,2
all,anxious,1
all,as,1
all,at,2
all,because,1
all,brightened,1
all,but,1
all,came,2
all,can,1
all,cheered,1
all,come,1
all,comfortable,1
all,coming,1
all,copies,2
all,crowded,3
all,dark,1
all,day,2
all,difficulties,1
all,directions,2
all,do,1
all,dripping,1
all,dry,1
all,else,1
all,except,1
all,fairly,1
all,finished,1
all,for,1
all,have,1
all,he,2
all,her,6
all,his,1
all,however,2
all,in,2
all,is,1
all,it,1
all,its,2
all,joined,1
all,know,1
all,liability,2
all,like,1
all,locked,1
all,looked,2
all,mad,1
all,made,2
all,manner,1
all,move,1
all,moved,1
all,must,1
all,my,3
all,of,3
all,on,1
all,ornamented,1
all,other,1
all,over,5
all,pardoned,1
all,persons,1
all,played,1
all,quarrel,1
all,ready,1
all,references,2
all,returned,2
all,ridges,1
all,right,2
all,round,7
all,said,6
all,sat,1
all,seemed,1
all,shaped,1
all,she,2
all,sorts,2
all,soup,1
all,speed,1
all,spoke,1
all,states,1
all,stopped,1
all,talking,2
all,thank,1
all,that,6
all,the,30
all,their,2
all,these,2
all,think,1
all,this,5
all,three,2
all,to,1
all,turning,1
all,use,1
all,very,1
all,walks,1
all,wash,1
all,what,1
all,works,1
all,would,1
all,writing,1
all,wrong,1
all,wrote,1
all,you,1
allow,disclaimers,1
allow,me,2
allow,without,1
almost,anything,1
almost,certain,1
almost,no,2
almost,out,1
almost,think,1
almost,wish,2
alone,here,1
alone,serpent,1
alone,swamp,1
alone,with,1
along,hand,1
along,in,1
along,the,3
alongcatch,him,1
aloud,addressing,1
aloud,and,1
aloud,do,1
already,heard,1
already,that,1
already,use,1
also,and,1
also,defective,1
also,govern,1
also,its,1
alteration,modification,1
altered,it,1
alternate,format,1
alternately,without,1
altogether,alice,1
altogether,but,1
altogether,for,1
altogether,like,1
altogether,that,1
always,get,1
always,getting,1
always,grinned,1
always,growing,1
always,hated,1
always,lay,1
always,pepper,1
always,ready,2
always,six,1
always,tea-time,1
always,took,1
am,but,1
am,in,1
am,now,1
am,older,1
am,sir,1
am,so,1
am,to,1
am,very,1
among,mad,1
among,the,8
among,them,2
among,those,1
an,account,1
an,advantage,1
an,agony,1
an,air,1
an,angry,2
an,anxious,1
an,arm,3
an,arrow,1
an,atom,2
an,eaglet,1
an,ebook,1
an,eel,1
an,egg,1
an,electronic,1
an,encouraging,2
an,end,1
an,enormous,1
an,excellent,2
an,explanation,2
an,extraordinary,1
an,honest,1
an,hour,2
an,ignorant,1
an,immense,1
an,impatient,1
an,important,1
an,individual,3
an,inkstand,1
an,invitation,2
an,obstacle,1
an,occasional,1
an,offended,4
an,old,5
an,open,1
an,opportunity,2
an,oyster,1
an,uncomfortably,1
an,undertone,2
an,unusually,1
ancient,and,1
and,accept,1
and,added,2
and,addressed,1
and,addresses,1
and,after,5
and,again,1
and,alice,16
and,alices,2
and,all,10
and,among,1
and,an,2
and,and,1
and,animals,1
and,anxious,1
and,any,4
and,argued,1
and,as,14
and,asking,1
and,at,2
and,away,1
and,barking,1
and,bawled,1
and,be,2
and,beasts,1
and,beat,1
and,beg,1
and,began,14
and,begged,1
and,behind,3
and,being,2
and,besides,1
and,birds,1
and,book-shelves,1
and,both,3
and,bread-and-butter,2
and,broke,2
and,brought,1
and,burning,1
and,by,2
and,called,2
and,came,2
and,cannot,1
and,certainly,1
and,charitable,1
and,close,1
and,concluded,1
and,condemn,1
and,confusion,1
and,conquest,1
and,considered,1
and,crawled,1
and,credit,1
and,crept,1
and,cried,1
and,crossed,1
and,curiouser,1
and,david,1
and,day,1
and,days,1
and,decidedly,1
and,derision,1
and,did,1
and,discontinue,1
and,dishes,2
and,distribute,2
and,distributed,2
and,distributing,1
and,distribution,2
and,do,1
and,doesnt,1
and,dogs,1
and,donations,3
and,dont,3
and,down,3
and,drew,1
and,drinking,1
and,dry,1
and,eager,1
and,eaten,1
and,eels,1
and,employees,1
and,ending,1
and,ensuring,1
and,even,2
and,ever,1
and,every,2
and,everybody,2
and,expecting,1
and,expenses,2
and,fainting,1
and,fanned,1
and,feebly,1
and,feet,2
and,felt,1
and,fetch,1
and,fidgeted,1
and,fighting,1
and,financial,1
and,find,1
and,finding,1
and,finish,1
and,flat,1
and,fork,1
and,formats,1
and,fortunately,1
and,found,5
and,four,2
and,frowning,1
and,furrows,1
and,future,1
and,gave,1
and,get,3
and,given,1
and,giving,1
and,gloves,2
and,glovesthat,1
and,go,1
and,got,1
and,granted,1
and,gravy,1
and,green,1
and,grief,1
and,grinning,1
and,growing,2
and,had,7
and,half,2
and,hand,1
and,handed,2
and,have,2
and,he,11
and,held,2
and,help,2
and,her,3
and,here,3
and,hes,1
and,his,2
and,hold,1
and,holding,1
and,hot,1
and,how,10
and,howling,1
and,hurried,2
and,if,4
and,ill,1
and,im,3
and,in,8
and,intellectual,1
and,it,8
and,itll,2
and,its,1
and,ive,2
and,join,2
and,just,5
and,keep,1
and,kept,1
and,knocked,1
and,large,1
and,last,1
and,leave,1
and,left,2
and,legs,1
and,licensed,1
and,listen,1
and,live,1
and,lonely,1
and,longed,1
and,look,1
and,looked,11
and,looking,4
and,loving,1
and,low-spirited,1
and,made,3
and,make,3
and,making,3
and,managed,1
and,many,1
and,marked,1
and,may,1
and,me,1
and,meat,1
and,memory,1
and,mentioned,1
and,mine,1
and,modern,1
and,morcar,2
and,more,3
and,most,4
and,mouths,1
and,much,1
and,muchnessyou,1
and,music,1
and,must,1
and,mustard,1
and,near,1
and,neither,1
and,new,1
and,nibbled,1
and,night,1
and,no,3
and,nobody,1
and,nonsense,1
and,northumbria,2
and,not,1
and,nothing,1
and,noticed,1
and,now,3
and,of,1
and,off,1
and,offer,1
and,official,1
and,oh,3
and,on,2
and,once,2
and,one,1
and,opened,1
and,other,1
and,ourselves,1
and,out,1
and,paris,1
and,passed,1
and,peeped,1
and,pence,1
and,pencils,1
and,people,1
and,pepper,2
and,perhaps,2
and,permanent,1
and,picking,1
and,pictures,1
and,pour,1
and,printed,1
and,proofread,1
and,pulled,1
and,punching,1
and,put,3
and,queen,2
and,queens,1
and,quietly,1
and,rabbits,1
and,raised,1
and,ran,3
and,reaching,1
and,read,2
and,redistributing,1
and,reduced,1
and,repeat,2
and,repeated,1
and,reported,1
and,research,1
and,retire,1
and,return,1
and,rightly,1
and,romeno,1
and,round,3
and,rubbed,1
and,rubbing,1
and,rushed,1
and,sadly,1
and,said,13
and,saw,1
and,say,2
and,saying,3
and,scrambling,1
and,secondly,1
and,see,5
and,seemed,3
and,sent,1
and,seven,1
and,several,1
and,sharks,1
and,she,52
and,shes,1
and,shoes,3
and,shook,1
and,shouted,1
and,shouting,2
and,shut,2
and,sighing,1
and,simply,1
and,skurried,1
and,smaller,1
and,smiled,1
and,sneezing,1
and,so,5
and,some,3
and,sometimes,3
and,soon,1
and,stockings,1
and,stopped,1
and,straightening,1
and,strange,1
and,stupid,2
and,such,1
and,swam,1
and,take,2
and,taking,2
and,talking,1
and,that,7
and,thats,6
and,the,83
and,their,3
and,then,31
and,thenshe,1
and,there,6
and,theres,1
and,they,10
and,things,1
and,thinking,1
and,this,7
and,those,2
and,though,1
and,thought,2
and,throw,1
and,till,1
and,tillie,1
and,timidly,1
and,to,4
and,told,1
and,took,2
and,trademark,1
and,tremulous,1
and,tried,3
and,tumbled,1
and,turning,1
and,turns,1
and,two,2
and,uncomfortable,1
and,under,1
and,unlocking,1
and,untwist,1
and,up,3
and,vanished,2
and,vanishing,1
and,very,6
and,vinegar,1
and,wag,1
and,wags,1
and,waited,3
and,walked,3
and,walking,2
and,wander,1
and,was,19
and,washing,2
and,washingextra,1
and,waving,1
and,we,2
and,welcome,1
and,went,11
and,were,2
and,weve,1
and,what,4
and,whats,1
and,when,9
and,where,1
and,while,1
and,whiskers,2
and,whispered,1
and,who,2
and,why,1
and,will,1
and,with,4
and,without,1
and,wondering,2
and,would,1
and,writhing,1
and,writing-desks,1
and,yawned,1
and,yesterday,1
and,yet,5
and,you,3
and,youll,1
and,your,3
andoh,dear,2
anger,and,1
anger,as,1
angrily,at,1
angrily,away,1
angrily,but,1
angrily,here,1
angrily,it,1
angrily,or,1
angrily,really,1
angrily,rearing,1
angry,about,1
angry,and,1
angry,therefore,1
angry,tone,1
angry,voicethe,1
animal,she,1
animals,and,2
animals,feelings,1
animals,that,1
animals,with,1
ann,and,1
ann,mary,1
ann,said,1
ann,what,1
annoy,because,1
annoyed,said,1
another,confusion,1
another,dead,1
another,dig,1
another,figure,1
another,footman,1
another,hedgehog,1
another,however,1
another,key,1
another,long,1
another,minute,2
another,moment,5
another,of,1
another,puzzling,1
another,question,1
another,rush,1
another,shore,1
another,snatch,1
answer,either,1
answer,questionshow,1
answer,so,2
answer,theyre,1
answer,to,2
answer,without,1
answered,come,1
answered,herself,1
answered,three,1
answered,very,1
answers,if,1
anxious,alice,1
anxious,look,1
anxious,to,1
anxiously,about,2
anxiously,among,1
anxiously,at,2
anxiously,fixed,1
anxiously,into,2
anxiously,looking,1
anxiously,over,1
anxiously,round,2
anxiously,to,1
anxiously,yes,1
any,additional,1
any,advantage,1
any,agent,1
any,alternate,1
any,and,1
any,binary,1
any,copy,1
any,country,1
any,defect,1
any,direction,1
any,disclaimer,1
any,dispute,1
any,distributor,1
any,fees,1
any,files,1
any,further,1
any,good,1
any,kind,1
any,lesson-books,1
any,longer,2
any,minute,1
any,money,2
any,more,4
any,moreas,1
any,of,3
any,older,1
any,one,3
any,other,5
any,part,2
any,particular,2
any,pepper,1
any,project,3
any,provision,1
any,purpose,2
any,rate,8
any,rules,1
any,said,1
any,sense,1
any,shrimp,1
any,statements,1
any,tears,1
any,that,1
any,use,1
any,volunteers,1
any,way,2
any,wine,1
any,word,1
any,work,2
any,you,1
anyone,anywhere,2
anyone,for,1
anyone,in,1
anyone,providing,1
anything,about,1
anything,but,2
anything,else,1
anything,for,1
anything,had,1
anything,in,1
anything,more,2
anything,near,1
anything,so,1
anything,that,2
anything,then,1
anything,to,2
anything,tougher,1
anything,why,1
anything,would,1
anything,you,2
anywhere,in,2
anywhere,without,1
appealed,to,1
appear,and,1
appear,prominently,1
appear,to,1
appearance,in,1
appeared,again,1
appeared,and,2
appeared,but,1
appeared,on,1
appeared,she,1
appeared,to,1
appearing,and,1
appearing,on,1
appears,or,1
applause,which,1
apples,indeed,1
apples,yer,1
applicable,state,1
applicable,taxes,1
applicable,to,1
apply,to,1
approach,us,1
arch,ive,1
archbishop,find,1
archbishop,of,1
arches,are,1
arches,left,1
arches,the,1
arches,to,1
archive,foundation,13
are,accepted,1
are,all,2
are,around,1
are,back,1
are,confirmed,1
are,critical,1
are,done,1
are,ferrets,1
are,first,1
are,gone,2
are,gratefully,1
are,im,1
are,in,2
are,legally,1
are,located,4
are,much,1
are,no,1
are,nobody,1
are,not,5
are,often,1
are,old,6
are,outside,1
are,painting,1
are,particularly,1
are,put,1
are,redistributing,1
are,removed,1
are,said,2
are,secondly,1
are,set,1
are,so,1
are,tarts,1
are,tax,1
are,the,1
are,their,1
are,these,1
are,they,3
are,too,1
are,very,1
are,waiting,1
are,worse,1
are,you,12
are,youare,1
are,your,1
argue,its,1
argued,each,1
argument,was,3
argument,with,1
arguments,to,1
arise,directly,1
arithmeticambition,distraction,1
arm,affectionately,1
arm,and,1
arm,curled,1
arm,for,1
arm,out,1
arm,round,1
arm,that,2
arm,with,1
arm,yer,1
arm,you,1
arm-chair,at,1
arm-in-arm,with,1
arms,and,2
arms,folded,2
arms,round,1
arms,took,1
around,her,1
around,his,1
around,itonce,1
arranged,the,1
array,of,1
arrived,with,1
arrow,the,1
arrum,an,1
arthur,dibianca,1
as,alice,1
as,all,3
as,an,3
as,before,2
as,but,1
as,creation,1
as,curious,1
as,ever,2
as,far,3
as,ferrets,1
as,follows,3
as,for,2
as,hard,3
as,he,13
as,herself,2
as,himself,1
as,id,1
as,if,15
as,it,19
as,its,2
as,large,2
as,long,4
as,look,1
as,loud,1
as,mouse-traps,1
as,much,5
as,nearly,1
as,not,1
as,pigs,2
as,politely,1
as,prizes,1
as,quickly,1
as,safe,1
as,serpents,1
as,set,3
as,she,61
as,solemn,1
as,soon,6
as,specified,1
as,steady,1
as,such,1
as,sure,2
as,that,3
as,the,19
as,there,5
as,they,7
as,this,3
as,to,5
as,usual,3
as,we,2
as,well,21
as,wet,1
as,yet,2
as,you,6
as,youre,1
as-is,with,1
ascii,or,2
ashamed,of,2
ask,any,1
ask,help,1
ask,her,1
ask,his,1
ask,it,1
ask,its,1
ask,me,1
ask,perhaps,1
ask,suppose,1
ask,the,1
ask,them,1
askance,said,1
asked,alice,1
asked,another,1
asked,begin,1
asked,in,1
asked,it,1
asked,no,1
asked,oh,1
asked,that,1
asked,the,3
asked,triumphantly,1
asked,we,1
asked,why,1
asked,with,1
asked,yes,1
asked,your,1
asking,but,1
asking,no,1
asking,riddles,1
asking,riddlesi,1
asking,such,1
asleep,after,1
asleep,again,2
asleep,and,1
asleep,he,1
asleep,in,1
asleep,instantly,1
assembled,about,1
assembled,on,1
assistance,they,1
associated,in,2
associated,is,1
associated,with,4
at,alice,7
at,all,25
at,any,8
at,applause,1
at,dinn,1
at,each,1
at,everything,2
at,first,8
at,having,1
at,her,10
at,him,1
at,his,1
at,home,2
at,in,1
at,it,7
at,last,19
at,least,3
at,leastat,1
at,me,2
at,no,3
at,once,18
at,one,3
at,our,1
at,ours,1
at,poor,1
at,presentat,1
at,processions,1
at,school,1
at,tea-time,1
at,that,1
at,the,63
at,them,3
at,themi,1
at,this,10
at,two,1
at,watchung,1
at,wwwgutenbergorg,3
at,wwwgutenbergorgcontact,1
at,wwwgutenbergorglicense,1
at,you,2
at,your,1
atheling,to,1
atom,of,2
attached,full,1
attempt,proved,1
attempted,to,1
attempts,at,1
attended,to,1
attending,said,1
attending,to,2
attends,to,1
audibly,what,1
australia,and,1
author,lewis,1
authority,among,1
authority,over,1
available,for,1
available,with,1
avoid,shrinking,1
away,altogether,1
away,besides,1
away,but,1
away,come,1
away,comfortably,1
away,consider,1
away,even,1
away,from,2
away,in,1
away,into,1
away,my,1
away,or,2
away,quietly,1
away,she,1
away,some,1
away,the,2
away,there,1
away,under,1
away,went,1
away,when,1
away,with,1
away,without,2
away,you,1
awayyou,may,1
awfully,clever,1
axes,said,1
axis,talking,1
baby,altogether,1
baby,and,1
baby,at,1
baby,grunted,1
baby,it,1
baby,joined,1
baby,said,1
baby,the,2
baby,violently,1
baby,was,1
baby,with,1
babythe,fire-irons,1
back,again,4
back,and,5
back,at,1
back,by,1
back,for,1
back,however,1
back,in,3
back,into,2
back,of,1
back,once,1
back,please,1
back,the,3
back,to,13
back,with,1
back-somersault,in,1
backs,was,1
bad,cold,1
bad,that,1
bag,which,1
baked,me,1
balanced,an,1
balls,were,1
bank,and,1
bank,with,1
banks,and,1
bankthe,birds,1
banquet,what,1
bark,just,1
bark,sounded,1
barking,hoarsely,1
barley-sugar,and,1
barrowful,of,1
barrowful,will,1
based,on,2
bat,and,1
bat,how,1
bat,when,1
bathing,machines,1
bats,and,1
bats,do,1
bats,eat,1
bawled,out,1
be,able,1
be,afraid,2
be,all,1
be,almost,1
be,an,2
be,angry,1
be,as,1
be,ashamed,2
be,asleep,1
be,at,1
be,beheaded,3
be,bound,2
be,civil,1
be,clearer,1
be,clearly,1
be,collected,1
be,copied,1
be,denied,1
be,different,1
be,done,1
be,executed,1
be,found,2
be,four,1
be,free,1
be,freely,2
be,from,1
be,full,1
be,getting,2
be,going,1
be,grand,1
be,growing,1
be,herself,1
be,hungry,2
be,impertinent,1
be,in,3
be,interpreted,1
be,involved,1
be,it,2
be,judge,1
be,jury,1
be,kind,1
be,late,1
be,liable,1
be,like,3
be,linked,1
be,listening,1
be,lost,2
be,mabel,2
be,managed,1
be,modified,1
be,more,1
be,much,1
be,murder,1
be,nervous,1
be,no,7
be,nothing,1
be,number,1
be,of,2
be,off,3
be,offended,1
be,on,1
be,one,1
be,only,1
be,otherwise,2
be,paid,1
be,particularhere,1
be,patted,1
be,punished,1
be,quick,1
be,quite,3
be,raving,2
be,read,1
be,really,1
be,removed,1
be,renamed,1
be,rude,1
be,said,5
be,savage,1
be,seen,1
be,seeneverything,1
be,sending,1
be,shutting,1
be,so,4
be,some,1
be,stored,1
be,sure,4
be,talking,1
be,telling,1
be,the,4
be,thought,1
be,told,1
be,trampled,1
be,treated,1
be,true,2
be,turned,1
be,two,2
be,used,2
be,very,1
be,wasting,1
be,what,1
be,when,2
be,worth,1
beak,pray,1
bear,she,1
bearmind,that,1
beast,screamed,1
beasts,and,1
beasts,as,1
beat,him,2
beat,them,1
beat,time,1
beating,her,1
beating,now,1
beauootiful,soooop,4
beautiful,beautiful,3
beautiful,garden,1
beautiful,gardenhow,1
beautiful,soup,9
beautifully,marked,1
beautifully,printed,1
beautify,is,1
became,alive,1
became,of,1
because,he,3
because,im,2
because,it,1
because,of,2
because,she,1
because,some,1
because,the,2
because,they,2
because,theyre,1
become,of,4
become,very,1
becoming,and,1
bed,on,1
beds,of,1
bee,but,1
been,all,1
been,annoyed,1
been,anxiously,1
been,anything,1
been,before,1
been,broken,1
been,but,1
been,changed,4
been,doing,1
been,examining,1
been,for,1
been,found,1
been,ill,1
been,in,1
been,invited,1
been,it,1
been,jumping,1
been,looking,2
been,of,1
been,picked,1
been,reading,1
been,running,1
been,so,1
been,that,1
been,the,2
been,to,3
been,wandering,1
been,was,1
been,would,1
before,alice,1
before,and,5
before,as,1
before,but,2
before,downloading,1
before,he,1
before,her,1
before,if,1
before,its,2
before,never,1
before,oh,1
before,said,2
before,seen,1
before,she,9
before,sure,1
before,that,1
before,the,4
before,them,1
before,they,1
before,using,2
before,you,1
beg,for,1
beg,pardon,1
beg,your,6
began,again,3
began,alice,2
began,an,1
began,bowing,1
began,by,2
began,dreaming,1
began,fading,1
began,fancying,1
began,for,1
began,hunting,1
began,in,8
began,looking,1
began,moving,1
began,nibbling,1
began,nursing,1
began,ordering,1
began,picking,1
began,rather,1
began,running,2
began,shrinking,1
began,singing,1
began,smoking,1
began,sneezing,1
began,solemnly,1
began,staring,1
began,talking,2
began,telling,1
began,thinking,2
began,to,8
began,very,1
began,whistling,1
began,with,1
began,wrapping,1
began,you,1
began,youre,1
begged,the,1
begin,again,1
begin,at,2
begin,but,1
begin,for,1
begin,he,1
begin,lessons,1
begin,please,1
begin,the,1
begin,with,4
beginning,again,1
beginning,of,2
beginning,the,1
beginning,to,7
beginning,very,1
beginning,was,1
beginning,with,1
begins,with,3
begun,asking,1
begun,my,1
begun,theyre,1
begun,to,3
begun,well,1
behead,that,1
beheaded,and,1
beheaded,said,1
beheaded,what,1
beheading,people,1
behind,alice,1
behind,her,2
behind,him,2
behind,it,3
behind,she,1
behind,them,1
behind,to,1
behind,us,1
being,alive,1
being,all,1
being,arches,1
being,broken,1
being,drowned,1
being,fast,1
being,held,1
being,invited,1
being,made,1
being,ordered,1
being,pinched,1
being,quite,1
being,rather,1
being,run,1
being,seen,1
being,so,1
being,such,1
being,that,1
being,upset,1
believe,boots,1
believe,it,2
believe,so,1
believe,theres,2
believe,to,1
believe,you,1
believed,herself,1
belong,to,1
belongs,to,2
beloved,snail,1
below,and,1
below,her,1
below,there,1
belt,and,1
bend,about,1
bent,down,1
beor,if,1
besides,all,1
besides,shes,1
besides,thats,1
besides,what,1
best,afore,1
best,butter,2
best,cat,1
best,for,1
best,of,1
best,plan,1
best,some,1
best,thing,1
best,to,1
best,way,2
better,alice,1
better,and,1
better,ask,1
better,finish,1
better,id,1
better,leave,1
better,not,2
better,now,1
better,nowbut,1
better,take,1
better,this,1
better,to,1
better,with,1
between,him,1
between,the,1
between,them,1
between,us,1
between,whiles,1
between,yourself,1
bill,catch,1
bill,chapter,1
bill,french,1
bill,had,1
bill,it,1
bill,she,1
bill,the,2
bill,then,1
bill,thought,1
bill,was,1
bills,got,2
bills,place,1
binary,compressed,1
bird,alice,1
bird,as,1
birds,and,2
birds,complained,1
birds,hurried,1
birds,tittered,1
birds,waiting,1
birds,why,1
birds,with,1
birthday,presents,1
bit,afraid,1
bit,again,1
bit,and,1
bit,come,1
bit,her,1
bit,hurt,1
bit,if,1
bit,of,3
bit,perhaps,1
bit,said,2
bit,she,1
bit,to,1
bite,alice,1
bite,and,1
bitterandand,barley-sugar,1
blades,of,1
blame,on,1
blasts,on,2
bleeds,and,1
blew,three,2
blow,underneath,1
blow,with,1
blown,out,1
blows,hurt,1
blue,caterpillar,1
body,to,1
body,tucked,1
boldly,you,1
bone,in,1
bones,and,1
book,but,1
book,her,1
book,of,1
book,rule,1
book,said,1
book,thought,1
book,written,1
book-shelves,here,1
books,and,1
boon,was,1
boots,and,3
boots,every,1
bore,it,1
both,bite,1
both,bowed,1
both,creatures,1
both,cried,1
both,footmen,1
both,go,1
both,his,1
both,its,1
both,mad,1
both,of,1
both,paragraphs,1
both,sat,1
both,sides,2
both,the,1
bother,me,1
bottle,does,1
bottle,had,1
bottle,marked,1
bottle,on,1
bottle,saying,1
bottle,she,1
bottle,that,1
bottle,they,1
bottle,was,2
bottom,of,4
bough,of,1
bound,by,2
bound,into,1
bowed,and,2
bowed,low,2
bowing,to,1
box,allow,1
box,her,1
box,of,1
box,that,1
boxed,the,1
boy,and,1
boyand,the,1
brain,but,1
branch,of,1
branches,and,1
branches,of,1
brass,plate,1
brave,theyll,1
breach,of,2
bread-and-butter,and,2
bread-and-butter,but,1
bread-and-butter,getting,1
bread-and-butter,in,1
bread-and-butter,just,1
bread-knife,the,1
break,she,1
break,the,1
breath,and,3
breath,ill,1
breathe,it,1
breathe,when,1
breeze,that,1
bright,and,1
bright,brass,1
bright,eager,1
bright,flower-beds,1
bright,flowers,1
bright,idea,2
bright-eyed,terrier,1
brightened,up,2
bring,but,1
bring,me,1
bring,tears,1
bringing,herself,1
bringing,the,1
bringing,these,1
bristling,all,1
broke,off,1
broke,to,1
broken,glass,3
broken,only,1
broken,she,1
broken,to,1
brothers,latin,1
brought,herself,1
brought,it,1
brought,them,1
brown,hair,1
brush,and,1
brushing,away,1
burn,the,1
burn,you,1
burning,with,1
burnt,and,1
burst,of,1
bursting,out,1
busily,on,1
busily,painting,1
busily,stirring,1
busily,writing,1
business,ah,1
business,of,1
business,office,1
business,said,1
business,the,2
business,there,1
business,two,1
busy,bee,1
busy,farm-yardwhile,1
but,about,1
but,after,2
but,alas,3
but,alice,1
but,all,1
but,as,1
but,at,4
but,checked,1
but,come,1
but,do,1
but,everythings,1
but,for,1
but,frowning,1
but,generally,1
but,he,4
but,her,3
but,here,1
but,hurriedly,1
but,id,1
but,if,3
but,im,3
but,in,1
but,it,17
but,its,3
but,ive,1
but,little,1
but,looked,1
but,never,1
but,nevertheless,1
but,no,1
but,none,1
but,not,2
but,now,2
but,on,3
but,one,1
but,out-of-the-way,1
but,perhaps,2
but,said,2
but,she,23
but,sit,1
but,slowly,1
but,some,1
but,tea,1
but,thats,1
but,the,14
but,then,2
but,theni,1
but,there,3
but,they,6
but,those,1
but,thought,1
but,to,3
but,very,2
but,was,1
but,we,1
but,what,3
but,when,3
but,who,2
but,why,2
but,you,2
but,youre,1
butter,the,1
butter,wouldnt,1
butter,you,1
buttercup,to,1
buttered,toast,1
buttons,and,1
by,all,2
by,an,1
by,another,1
by,being,1
by,copyright,2
by,e-mail,1
by,everybody,1
by,far,1
by,following,1
by,freely,1
by,her,2
by,his,3
by,it,2
by,keeping,1
by,lewis,1
by,mice,1
by,mistake,1
by,people,1
by,producing,1
by,railway,1
by,reading,1
by,seeing,1
by,sending,1
by,taking,1
by,talking,1
by,that,1
by,the,29
by,this,7
by,two,1
by,us,5
by,using,1
by,way,1
by,wild,1
by,without,1
by,your,1
by-the-bye,what,1
bythe,frightened,1
cackled,out,1
cake,but,1
cake,chapter,1
cake,on,1
cakes,and,1
cakes,as,1
cakes,she,1
calculate,your,1
calculated,using,1
call,after,1
call,him,2
call,it,3
call,the,3
called,after,2
called,him,2
called,lessons,1
called,out,7
called,softly,1
called,the,1
calling,out,1
calmly,though,1
came,an,1
came,back,1
came,between,1
came,carried,1
came,different,2
came,first,1
came,flying,1
came,in,2
came,into,2
came,jumping,1
came,near,1
came,nearer,1
came,oh,1
came,opposite,1
came,rather,1
came,rattling,1
came,running,1
came,skimming,1
came,suddenly,1
came,ten,1
came,the,3
came,to,2
came,trotting,1
came,up,2
came,upon,5
came,very,1
camomile,that,1
can,all,1
can,be,5
can,copy,1
can,creep,1
can,do,5
can,draw,1
can,easily,1
can,ever,1
can,explain,1
can,find,3
can,go,1
can,guess,1
can,hardly,1
can,have,2
can,help,1
can,kick,1
can,listen,1
can,reach,1
can,really,1
can,receive,1
can,remember,1
can,said,1
can,say,1
can,see,1
can,swim,1
can,talk,1
can,tell,1
can,thoroughly,1
can,you,3
canary,called,1
candle,is,2
cannot,and,1
cannot,be,1
cannot,make,1
cannot,proceed,1
cannot,survive,1
cant,be,2
cant,explain,2
cant,get,1
cant,go,1
cant,have,1
cant,hear,1
cant,help,3
cant,possibly,1
cant,prove,1
cant,put,1
cant,quite,1
cant,remember,4
cant,see,1
cant,show,1
cant,swim,1
cant,take,2
cant,tell,1
cant,think,2
cant,understand,1
canterbury,found,1
canvas,bag,1
capering,wildly,1
capital,of,2
capital,one,2
card,donations,1
cardboard,all,1
cards,after,1
cards,at,1
cards,the,1
care,of,2
care,where,1
care,which,1
carefully,nibbling,1
carefully,remarking,1
carefully,with,1
cares,for,2
carried,it,2
carried,on,1
carried,the,1
carrier,she,1
carroll,release,1
carroll,the,1
carry,it,1
carry,out,1
carrying,clubs,1
carrying,the,1
cart-horse,and,1
cartwheels,and,1
case,it,1
case,said,1
case,with,2
cat,again,1
cat,and,4
cat,as,1
cat,dinah,1
cat,do,1
cat,grins,1
cat,id,1
cat,if,1
cat,in,2
cat,its,1
cat,may,1
cat,now,1
cat,only,1
cat,or,1
cat,remarked,1
cat,removed,1
cat,said,3
cat,seemed,1
cat,she,1
cat,sitting,1
cat,so,1
cat,went,1
cat,were,1
cat,which,1
cat,without,1
catch,hold,1
catching,mice,1
catching,miceoh,1
caterpillar,alice,3
caterpillar,and,3
caterpillar,angrily,1
caterpillar,called,1
caterpillar,chapter,1
caterpillar,contemptuously,1
caterpillar,decidedly,1
caterpillar,here,1
caterpillar,im,1
caterpillar,is,1
caterpillar,just,1
caterpillar,not,1
caterpillar,seemed,1
caterpillar,sternly,1
caterpillar,that,1
caterpillar,the,1
caterpillar,this,1
caterpillar,took,2
caterpillar,was,1
caterpillar,well,4
caterpillars,making,1
cats,always,1
cats,and,1
cats,could,1
cats,cried,1
cats,eat,3
cats,for,1
cats,head,2
cats,if,2
cats,nasty,1
cats,not,1
cats,or,1
cattle,in,1
caucus-race,and,2
caucus-race,said,1
caucus-race,what,1
caught,it,1
caught,the,2
cauldron,of,1
cauldron,which,1
cause,and,1
cause,of,1
cause,section,1
cause,to,1
cause,was,1
caused,some,1
cautiously,but,1
cautiously,replied,2
cease,using,1
ceiling,and,1
centre,of,1
certain,implied,1
certain,it,1
certain,to,1
certain,types,1
certainly,alice,1
certainly,but,1
certainly,did,1
certainly,english,1
certainly,not,2
certainly,said,3
certainly,there,1
certainly,too,2
certainly,was,2
chains,with,1
chance,of,3
chance,to,1
chanced,to,1
change,and,1
change,but,2
change,if,1
change,in,1
change,lobsters,2
change,she,1
change,the,4
change,them,1
change,to,2
changed,do,1
changed,for,2
changed,his,1
changed,in,1
changed,into,1
changed,several,1
changed,since,1
changes,are,1
changes,she,1
changing,so,1
changing,the,1
chapter,ii,2
chapter,iii,2
chapter,iv,2
chapter,ix,2
chapter,vi,2
chapter,vii,2
chapter,viii,2
chapter,xi,2
chapter,xii,2
character,but,1
charge,anything,1
charge,for,1
charge,with,1
charges,at,1
charges,if,1
charitable,donations,1
charities,and,1
chatte,which,1
cheap,sort,1
cheated,herself,1
check,the,4
checked,herself,2
checked,himself,1
checks,online,1
cheeks,he,1
cheered,alice,1
cheered,and,2
cheerfully,he,1
cherry-tart,custard,1
cheshire,cat,5
cheshire,cats,1
cheshire,puss,1
chief,difficulty,1
child,again,1
child,away,1
child,but,2
child,for,1
child,my,1
child,said,2
child,the,1
child,was,1
child-life,and,1
childhood,and,1
children,and,2
children,come,1
children,digging,1
children,how,1
children,she,2
children,sweet-tempered,1
children,there,1
children,who,1
chimney,and,1
chimney,as,1
chimney,close,1
chimney,has,1
chimney,oh,1
chimneys,were,1
chin,however,1
chin,in,1
chin,into,1
chin,it,1
chin,ive,1
chin,upon,1
chin,was,1
choice,and,1
choice,the,1
choke,himhow,1
choked,and,1
choked,his,1
choked,with,1
choking,of,1
choose,to,1
choosing,to,1
chop,off,1
chorus,again,1
chorus,in,1
chorus,of,2
chorus,wow,1
chorus,yes,1
chose,the,1
chose,to,1
christmas,and,1
chrysalisyou,will,1
chuckled,what,1
circle,the,1
circumstances,there,1
civil,of,2
civil,youd,1
clamour,of,1
clapping,of,1
clasped,upon,1
classics,master,1
claws,and,2
clean,cup,1
clear,notion,1
clear,way,1
cleared,all,1
clearer,than,1
clearly,alice,1
clearly,marked,1
clever,thing,1
climb,up,1
clinging,close,1
clock,for,1
clock,in,1
close,above,1
close,and,1
close,behind,3
close,by,2
close,to,6
closed,eyes,1
closed,its,1
closely,against,1
closer,to,1
clubs,these,1
coast,you,1
coaxing,hardly,1
coaxing,tone,1
codes,that,1
coils,what,1
cold,if,1
collar,that,1
collected,at,1
collected,round,1
collection,are,1
collection,despite,1
collection,of,1
collection,will,1
come,and,3
come,away,1
come,back,5
come,before,1
come,down,1
come,here,2
come,in,1
come,its,1
come,lets,2
come,my,1
come,on,7
come,once,1
come,or,1
come,out,1
come,over,1
come,so,1
come,that,1
come,thats,1
come,the,1
come,theres,2
come,to,4
come,up,2
come,upon,1
come,we,1
come,wriggling,1
come,wrong,1
come,yet,1
comes,at,1
comes,to,1
comfits,luckily,1
comfits,this,1
comfort,one,1
comfortable,and,1
comfortably,enough,1
coming,back,1
coming,different,1
coming,down,1
coming,how,1
coming,in,1
coming,it,1
coming,theres,1
coming,to,2
commercial,redistribution,1
committed,to,1
common,way,1
commotion,in,1
company,generally,1
compilation,copyright,1
complained,that,1
complaining,tone,1
completely,very,1
compliance,for,1
compliance,requirements,1
compliance,to,1
compliance,with,2
comply,either,1
comply,with,5
complying,with,3
compressed,marked,1
computer,codes,1
computer,virus,1
computers,including,1
computers,it,1
concept,and,1
concept,of,1
concerning,tax,1
concerning,the,1
concert,given,1
concert,on,1
concluded,that,1
concluded,the,1
conclusion,that,2
condemn,you,1
conduct,at,1
confirmation,of,1
confirmed,as,1
confused,clamour,1
confused,poor,1
confused,way,1
confusing,it,2
confusing,thing,1
confusion,as,1
confusion,getting,1
confusion,he,1
confusion,of,1
confusion,that,1
conger-eel,that,1
conqueror,for,1
conqueror,whose,1
conquest,edwin,1
consented,to,1
consequential,punitive,1
consider,my,1
consider,their,1
consider,your,2
considerable,effort,2
considered,him,1
considering,at,1
considering,how,1
considering,in,1
constant,heavy,1
constant,howling,1
constant,state,1
consultation,about,1
contact,information,1
contact,links,1
contact,the,1
contain,defects,1
contempt,ive,1
contemptuous,tones,1
contemptuously,who,1
content,now,1
contents,chapter,1
continued,as,2
continued,in,2
continued,the,4
continued,turning,1
contract,except,1
contradicted,in,1
contributions,from,1
contributions,to,1
conversation,alice,2
conversation,are,1
conversation,dropped,1
conversation,of,1
conversation,while,1
conversation,with,1
conversation,you,1
conversations,in,1
conversations,so,1
convert,to,1
cook,and,2
cook,had,1
cook,she,1
cook,the,1
cook,threw,1
cook,till,1
cook,to,1
cook,took,1
cook,treacle,1
cook,tulip-roots,1
cook,was,2
cool,fountains,2
copied,and,1
copied,or,1
copies,of,7
copy,and,1
copy,display,1
copy,if,1
copy,in,1
copy,is,1
copy,it,2
copy,of,2
copy,or,1
copy,upon,1
copying,and,1
copying,displaying,1
copying,distributing,1
copying,or,1
copyright,holder,4
copyright,in,3
copyright,law,5
copyright,laws,2
copyright,notice,1
copyright,or,1
copyright,research,1
copyright,royalties,1
copyright,status,1
corner,but,1
corner,of,1
corner,oh,1
cornerno,tie,1
corners,next,1
corporation,organized,1
corrupt,data,1
cost,and,2
cost,fee,1
cost,them,1
costs,and,2
could,abide,1
could,and,2
could,be,4
could,bear,1
could,do,2
could,draw,1
could,even,1
could,for,4
could,get,2
could,go,2
could,grin,1
could,guess,1
could,hardly,1
could,have,2
could,he,1
could,hear,3
could,if,2
could,im,1
could,keep,1
could,let,1
could,manage,1
could,no,1
could,not,21
could,only,2
could,possibly,1
could,remember,2
could,say,1
could,see,6
could,show,1
could,shut,1
could,speak,1
could,tell,1
could,the,3
could,think,2
couldnt,afford,1
couldnt,answer,1
couldnt,cut,1
couldnt,get,1
couldnt,guess,1
couldnt,have,2
couldnt,help,1
couldnt,see,1
counting,off,1
countries,are,1
country,in,1
country,is,1
country,other,1
country,where,2
couple,you,1
couples,they,1
courage,and,1
courage,as,1
courage,its,1
course,alice,1
course,had,1
course,he,1
course,here,1
course,it,2
course,just,1
course,not,2
course,of,1
course,said,1
course,the,3
course,they,1
course,to,1
course,twinkling,1
course,was,1
course,we,1
course,what,1
course,yes,1
course,you,3
coursei,gave,1
court,all,1
court,and,3
court,arm-in-arm,1
court,as,1
court,bring,1
court,but,1
court,by,1
court,everybody,1
court,of,1
court,she,1
court,suppress,1
court,was,2
court,what,1
court,with,1
court,without,1
courtiers,or,1
courtiers,these,1
coward,and,1
crab,he,1
crab,took,1
crash,as,1
crash,of,1
crashed,around,1
crashnow,who,1
crawled,away,1
crawling,away,1
crazy,the,1
created,from,1
created,to,1
creating,derivative,2
creating,the,2
creation,of,1
creature,and,1
creature,but,1
creature,down,1
creature,when,1
creatures,alice,1
creatures,argue,1
creatures,got,1
creatures,hid,1
creatures,of,1
creatures,order,1
creatures,she,1
creatures,who,1
creatures,wouldnt,1
creatures,you,1
credit,card,1
credits,arthur,1
creep,under,1
cried,alice,7
cried,come,1
cried,out,2
cried,so,1
cried,the,8
cried,wake,1
cries,to,1
crimson,velvet,1
crimson,with,1
critical,to,1
crocodile,improve,1
croquet,she,1
croquet,the,2
croquet,then,1
croquet,with,2
croquet-ground,chapter,1
croquet-ground,in,1
croquet-ground,the,1
croqueted,the,1
croqueting,one,1
cross,and,1
cross-examine,the,1
cross-examine,this,1
crossed,her,1
crossed,over,1
crossed,the,1
crossly,of,1
crouched,down,1
crowd,assembled,1
crowd,below,1
crowd,collected,1
crowd,of,1
crowded,round,3
crowded,together,1
crowded,with,1
crown,on,1
crown,over,1
crown,williams,1
crumbs,must,1
crumbs,said,1
crumbs,would,1
crumbs,youre,1
cry,again,2
cry,of,1
crying,in,1
crying,like,1
cucumber-frame,or,1
cucumber-frames,there,1
cunning,old,1
cup,interrupted,1
cup,of,1
cupboards,and,1
cupboards,as,1
cur,such,1
curiosity,and,1
curiosity,its,1
curiosity,she,1
curiosity,soles,1
curiosity,what,1
curious,appearance,1
curious,as,1
curious,child,1
curious,creatures,1
curious,croquet-ground,1
curious,dream,2
curious,feeling,1
curious,its,1
curious,plan,1
curious,sensation,1
curious,she,1
curious,song,1
curious,thing,2
curious,to,2
curious,today,1
curious,you,1
curiouser,and,1
curiouser,cried,1
curled,all,1
curled,round,1
curls,got,1
curly,brown,1
currants,well,1
current,donation,1
curtain,she,1
curtsey,as,1
curtseying,as,1
curving,it,1
cushion,and,1
cushion,resting,1
custard,pine-apple,1
custody,and,1
custody,by,1
cut,it,1
cut,off,2
cut,some,1
cut,your,1
cutting,said,1
dainties,would,1
daisies,when,1
daisy-chain,would,1
damage,or,1
damaged,disk,1
damages,costs,1
damages,even,1
damages,if,1
dance,is,1
dance,said,1
dance,so,1
dance,thank,1
dance,to,1
dance,what,1
dance,will,4
dance,would,2
dance,you,1
dancing,alice,1
dancing,round,1
dare,say,3
dare,to,2
daresay,its,1
dark,hall,1
dark,overhead,1
dark,to,1
darkness,as,1
data,transcription,1
date,contact,1
date,june,1
date,on,1
dates,on,1
daughter,ah,1
david,widger,1
day,about,1
day,and,2
day,did,1
day,is,1
day,ive,1
day,made,1
day,maybe,1
day,must,1
day,no,1
day,of,2
day,or,1
day,said,2
day,that,1
day,the,1
day,this,1
day,to,2
day,why,1
day,you,1
day,your,1
day-school,too,1
days,and,1
days,but,1
days,following,1
days,of,3
days,the,1
days,wrong,1
dead,leaves,1
dead,silence,3
deal,faster,1
deal,frightened,2
deal,of,1
deal,on,1
deal,this,1
deal,to,2
deal,too,2
deal,until,1
deal,worse,1
dear,and,1
dear,certainly,1
dear,cried,2
dear,dear,1
dear,dinah,1
dear,do,1
dear,how,2
dear,id,1
dear,it,1
dear,let,1
dear,little,1
dear,oh,1
dear,old,1
dear,paws,1
dear,quiet,1
dear,said,2
dear,she,1
dear,sir,1
dear,what,1
dear,you,1
dears,came,1
dears,im,1
dears,its,1
death,you,1
decided,on,1
decided,to,1
decided,tone,1
decidedly,and,3
decidedly,uncivil,1
declare,its,1
declare,you,1
declared,for,1
deductible,to,1
deep,and,1
deep,hollow,1
deep,or,1
deep,sigh,1
deep,voice,2
deep,well,1
deepest,contempt,1
deeply,and,2
deeply,what,1
deeply,with,1
defect,in,2
defect,you,1
defective,or,1
defective,work,1
defective,you,1
defects,such,1
delay,would,1
deletions,to,1
delight,and,1
delight,it,1
delight,which,1
delighted,to,2
delightful,it,1
delightful,thing,1
denial,we,1
denied,nothing,1
denied,so,1
denies,it,1
deny,it,2
denying,it,1
depends,upon,1
derivative,works,3
derive,from,1
derived,from,1
described,in,1
deserved,to,1
despair,she,1
desperate,that,1
desperately,hes,1
despite,these,1
destroy,all,2
detach,or,1
determine,the,1
diamonds,and,1
dibianca,and,1
did,after,1
did,alice,1
did,it,3
did,not,28
did,old,1
did,said,4
did,she,1
did,so,4
did,thatit,1
did,the,2
did,theres,1
did,they,5
did,with,1
did,you,9
didnt,interrupted,1
didnt,know,4
didnt,like,1
didnt,mean,1
didnt,much,1
didnt,said,1
didnt,sign,1
didnt,sound,1
didnt,the,1
didnt,think,1
didnt,write,1
die,the,1
died,away,1
different,alice,1
different,and,1
different,branches,1
different,but,1
different,from,1
different,person,1
different,said,1
different,sizes,1
different,terms,1
different,the,1
difficult,game,1
difficult,question,1
difficulties,great,1
difficulty,alice,1
difficulty,as,1
difficulty,was,2
dig,of,1
digging,for,2
digging,her,1
digging,in,1
diligently,to,1
dinah,and,1
dinah,at,1
dinah,here,1
dinah,if,1
dinah,my,1
dinah,she,1
dinah,stop,1
dinah,tell,1
dinah,was,1
dinahll,be,1
dinahll,miss,1
dinahs,our,1
dinn,may,1
dinn,she,1
dinner,and,1
dipped,it,1
dipped,suddenly,1
direct,indirect,1
directed,at,1
directed,to,1
direction,in,1
direction,it,1
direction,like,1
direction,the,1
direction,waving,1
directions,just,1
directions,tumbling,1
directions,will,1
directly,and,1
directly,as,1
directly,or,1
disagree,with,1
disappeared,never,1
disappeared,so,1
disappointment,it,1
disclaim,all,1
disclaimer,of,1
disclaimer,or,2
disclaimers,of,1
discontinue,all,1
discovered,and,1
disgust,and,1
dish,as,1
dish,of,1
dish,or,1
dish,who,1
dishes,crashed,1
dishes,the,1
disk,or,1
dismay,and,1
disobey,though,1
display,perform,1
displayed,performed,1
displaying,or,1
displaying,performing,2
displaying,the,1
dispute,going,1
dispute,with,1
distance,and,3
distance,come,1
distance,screaming,1
distance,sitting,1
distance,would,1
distancebut,then,1
distant,green,1
distant,sobs,1
distraction,uglification,1
distribute,copies,1
distribute,it,1
distribute,or,2
distribute,this,1
distributed,in,1
distributed,project,1
distributed,this,1
distributed,to,1
distributing,any,1
distributing,or,1
distributing,performing,1
distributing,project,2
distributing,this,1
distribution,must,1
distribution,of,5
distributor,under,1
dive,in,1
do,alice,2
do,almost,1
do,and,2
do,anything,1
do,as,1
do,bats,1
do,but,1
do,cats,3
do,come,1
do,copyright,1
do,either,1
do,hope,1
do,how,1
do,ill,2
do,it,4
do,itthat,1
do,lessons,1
do,let,1
do,lying,1
do,next,3
do,no,1
do,not,11
do,nothing,1
do,once,1
do,or,1
do,pleaded,1
do,practically,1
do,said,5
do,so,3
do,something,1
do,such,1
do,that,3
do,this,1
do,to,4
do,very,1
do,well,1
do,why,1
do,wish,2
do,with,5
do,without,1
do,wonder,1
do,you,17
dodged,behind,1
dodo,could,1
dodo,had,1
dodo,in,1
dodo,managed,1
dodo,pointing,1
dodo,replied,1
dodo,said,1
dodo,solemnly,2
dodo,suddenly,1
dodo,the,1
dodo,then,1
does,it,2
does,not,2
does,the,2
does,very,1
does,which,1
does,yer,1
does,your,1
doesnt,begin,1
doesnt,believe,1
doesnt,get,1
doesnt,go,1
doesnt,like,1
doesnt,look,1
doesnt,matter,4
doesnt,mind,1
doesnt,seem,1
doesnt,signify,1
doesnt,suit,1
doesnt,tell,1
doesnt,understand,1
dog,growls,1
dog,near,1
dogs,either,1
dogs,it,1
dogs,not,1
dogs,the,1
doing,alice,1
doing,cried,1
doing,here,1
doing,our,1
doing,out,1
domain,and,1
domain,in,1
donate,international,1
donate,please,1
donate,royalties,1
donation,methods,1
donations,are,2
donations,can,1
donations,from,2
donations,in,2
donations,or,1
donations,received,1
donations,to,6
done,about,1
done,by,1
done,just,1
done,now,1
done,once,1
done,she,1
done,such,1
done,that,2
done,they,1
done,thought,1
done,with,3
donors,in,1
dont,be,5
dont,believe,3
dont,bother,1
dont,care,1
dont,even,2
dont,explain,1
dont,fit,1
dont,give,2
dont,go,1
dont,grunt,1
dont,keep,1
dont,know,10
dont,let,2
dont,like,4
dont,look,1
dont,much,1
dont,put,1
dont,quite,1
dont,reach,1
dont,remember,1
dont,see,3
dont,seem,1
dont,speak,1
dont,take,1
dont,talk,2
dont,the,1
dont,think,4
dont,trouble,1
dont,understand,1
dont,want,3
dont,you,1
door,about,1
door,and,5
door,as,1
door,began,1
door,between,1
door,but,1
door,call,1
door,had,1
door,into,1
door,leading,1
door,led,1
door,of,2
door,opened,1
door,poor,1
door,pray,1
door,she,3
door,so,2
door,staring,1
door,that,1
door,was,1
door,with,1
doori,do,1
doors,all,1
doors,of,1
doorway,and,1
dormouse,after,1
dormouse,again,2
dormouse,and,2
dormouse,began,1
dormouse,crossed,1
dormouse,denied,1
dormouse,dont,1
dormouse,fell,1
dormouse,followed,1
dormouse,fourteenth,1
dormouse,go,1
dormouse,had,1
dormouse,indignantly,1
dormouse,into,1
dormouse,is,1
dormouse,not,2
dormouse,out,1
dormouse,said,1
dormouse,say,1
dormouse,shall,1
dormouse,shook,2
dormouse,slowly,1
dormouse,sulkily,1
dormouse,the,1
dormouse,thought,1
dormouse,turn,1
dormouse,turned,1
dormouse,very,1
dormouse,was,1
dormouse,well,1
dormouse,went,1
dormouse,who,2
dormouse,without,1
dormouse,write,1
dormouses,place,1
doth,the,3
double,themselves,1
doubled-up,soldiers,1
doubling,itself,1
doubt,and,1
doubt,for,1
doubt,only,1
doubt,that,1
doubtful,about,1
doubtful,whether,1
doubtfully,as,1
doubtfully,it,1
down,again,4
down,all,2
down,among,1
down,and,9
down,at,5
down,both,1
down,but,2
down,continued,1
down,down,4
down,from,2
down,heads,1
down,her,2
down,here,5
down,his,3
down,important,1
down,in,3
down,into,2
down,it,1
down,its,1
down,looking,1
down,off,1
down,on,7
down,one,1
down,said,1
down,she,1
down,so,1
down,stairs,2
down,stupid,1
down,that,1
down,the,12
down,their,1
down,there,1
down,to,5
down,upon,2
down,was,1
down,went,1
down,with,3
down,without,1
down,would,1
down,yet,1
downhere,bill,1
downloading,copying,1
downward,the,1
downwards,and,1
doze,but,1
dozing,off,1
draggled,feathers,1
draw,back,1
draw,said,1
draw,the,2
draw,treacle,1
draw,water,1
draw,you,1
drawing,of,1
drawling,stretching,1
drawling-master,was,1
drawlingthe,drawling-master,1
dreadful,she,1
dreadful,time,1
dreadfully,fond,1
dreadfully,one,1
dreadfully,puzzled,2
dreadfully,savage,1
dreadfully,ugly,1
dream,dear,1
dream,first,1
dream,it,1
dream,of,1
dream,said,1
dream,that,1
dream,the,1
dreamed,of,1
dreaming,after,1
dreamy,sort,1
dressed,with,1
drew,all,1
drew,her,1
drew,herself,1
drew,the,1
dried,her,1
driest,thing,1
drink,anything,1
drink,me,3
drink,much,1
drink,something,1
drink,under,1
drinking,they,1
dripping,wet,1
drive,on,1
drive,one,1
drop,the,1
dropped,and,1
dropped,his,1
dropped,it,1
dropped,the,1
dropped,them,1
dropping,his,1
drowned,in,1
drunk,half,1
drunk,quite,1
dry,again,2
dry,enough,1
dry,he,1
dry,leaves,1
dry,me,1
dry,very,1
dry,would,1
duchess,an,1
duchess,and,6
duchess,as,2
duchess,asked,1
duchess,began,1
duchess,by,1
duchess,chop,1
duchess,digging,1
duchess,everythings,1
duchess,flamingoes,1
duchess,hush,1
duchess,it,1
duchess,oh,2
duchess,replied,1
duchess,said,3
duchess,sang,1
duchess,she,1
duchess,sneezed,1
duchess,the,2
duchess,to,1
duchess,took,2
duchess,was,2
duchess,what,1
duchess,who,1
duchess,youd,1
duchesss,cook,1
duchesss,knee,1
duchesss,voice,1
duck,and,1
duck,found,1
duck,its,1
duck,with,1
dull,and,1
dull,realitythe,1
dull,you,1
dunce,go,1
e-mail,within,1
each,case,1
each,date,1
each,hand,1
each,other,2
each,side,2
each,time,1
each,with,1
eager,eyes,1
eager,to,1
eager,with,1
eagerly,and,1
eagerly,for,1
eagerly,half,1
eagerly,that,1
eagerly,thats,1
eagerly,the,1
eagerly,there,1
eagerly,wrote,1
eaglet,and,1
eaglet,bent,1
ear,alice,1
ear,and,2
ear,please,1
ear,to,1
ear,youre,1
earls,of,2
earnestly,ive,1
earnestly,now,1
ears,and,2
ears,for,1
ears,have,1
ears,the,1
earth,at,1
earth,how,1
earth,let,1
earth,takes,1
easily,comply,1
easily,in,1
easily,offended,2
easy,to,2
easy,you,1
eat,bats,3
eat,cats,1
eat,eggs,1
eat,her,1
eat,is,1
eat,it,1
eat,me,1
eat,one,1
eat,or,3
eat,some,1
eat,the,1
eat,what,1
eaten,up,1
eating,and,1
eats,cake,1
ebook,alices,2
ebook,complying,1
ebook,except,1
ebook,for,1
ebook,is,2
ebook,most,1
ebook,of,1
ebook,or,2
ebook,title,1
ebooks,and,1
ebooks,are,1
ebooks,in,1
ebooks,may,1
ebooks,not,1
ebooks,with,1
edgar,atheling,1
edge,of,2
edge,with,1
edition,contents,1
edition,most,1
editions,all,1
editions,continued,2
editions,not,1
editions,will,2
educational,corporation,1
educationsin,fact,1
edwin,and,2
eeevening,beautiful,3
eel,on,1
eels,of,1
effect,and,1
effect,of,1
effect,the,1
effort,much,1
effort,to,1
efforts,and,1
efforts,of,1
efforts,project,1
eggs,as,1
eggs,certainly,1
eggs,quite,1
eggs,said,1
ein,or,1
either,and,1
either,but,1
either,if,1
either,question,1
either,the,2
either,way,1
either,with,1
either,you,2
elbow,against,1
elbow,on,1
elbow,was,1
elbows,on,1
elect,to,1
electronic,work,11
electronic,works,16
electronically,in,1
electronically,the,1
elegant,thimble,1
eleventh,day,1
else,chapter,1
else,for,1
else,had,1
else,have,1
else,leave,1
else,seemed,1
else,to,3
else,youd,1
elsebut,oh,1
elses,hand,1
elsie,lacie,1
em,do,1
em,together,1
em,up,1
email,contact,1
email,newsletter,1
emphasis,looking,1
employee,of,1
employees,expend,1
empty,she,1
encourage,the,1
encouraged,to,1
encouraging,opening,1
encouraging,tone,1
end,end,1
end,if,1
end,of,12
end,said,1
end,then,1
end,to,1
end,you,1
ending,with,1
energetic,remedies,1
engaged,in,1
england,the,1
english,coast,1
english,now,1
english,other,1
english,said,1
english,thought,1
english,who,1
engraved,upon,1
enjoy,the,1
ennyworth,only,1
enormous,puppy,1
enough,about,1
enough,alice,1
enough,and,1
enough,dont,1
enough,for,1
enough,hatching,1
enough,of,2
enough,said,1
enough,they,1
enough,to,4
enough,under,1
enough,when,1
enough,yetoh,1
enoughi,hope,1
ensuring,that,1
entangled,among,1
entangled,together,1
entirely,disappeared,1
entirely,of,1
entity,providing,1
entity,that,1
entity,to,1
entrance,of,1
equipment,including,1
equipment,many,1
escape,again,1
escape,and,1
escape,said,1
escape,so,1
especially,commercial,1
esq,hearthrug,1
est,ma,1
even,before,1
even,get,1
even,if,3
even,in,1
even,introduced,1
even,know,2
even,looking,1
even,make,1
even,room,1
even,spoke,1
even,stigand,1
even,the,1
even,then,1
even,waiting,1
even,when,1
even,with,1
even,without,1
evening,beautiful,2
ever,be,1
ever,eat,1
ever,finish,1
ever,getting,1
ever,happen,1
ever,having,2
ever,heard,1
ever,said,1
ever,saw,3
ever,see,2
ever,she,1
ever,since,1
ever,so,1
ever,thought,1
ever,to,1
ever,was,2
ever,yet,1
every,christmas,1
every,day,1
every,door,1
every,golden,1
every,line,1
every,moment,1
every,now,4
every,way,1
every,word,1
everybody,else,1
everybody,executed,1
everybody,has,1
everybody,laughed,1
everybody,looked,1
everybody,minded,1
everybody,minding,1
everybody,says,1
everything,about,1
everything,is,3
everything,ive,1
everything,that,2
everything,there,1
everything,upon,1
everything,within,1
everythings,curious,1
everythings,got,1
evidence,chapter,1
evidence,here,1
evidence,said,2
evidence,the,1
evidence,to,1
evidence,weve,1
evidence,yet,1
evidently,meant,1
exact,shape,1
exactly,as,2
exactly,one,1
exactly,so,2
exactly,the,1
exactly,three,1
exactly,what,1
examining,the,1
excellent,opportunity,1
excellent,plan,1
except,by,1
except,for,2
except,the,2
except,those,1
exclaimed,alice,3
exclaimed,in,1
exclaimed,turning,1
exclaimed,you,1
exclamation,of,1
exclusion,or,1
execute,the,1
executed,all,1
executed,as,1
executed,for,1
executed,on,1
executed,the,1
executed,whether,1
executes,nobody,1
execution,then,1
execution,what,1
executioner,fetch,1
executioner,myself,1
executioner,ran,1
executioner,the,1
executioner,went,1
executioners,argument,1
executiononce,more,1
executions,the,1
exempt,status,2
existence,and,1
exists,because,1
expected,before,1
expecting,every,1
expecting,nothing,1
expecting,to,1
expend,considerable,1
expense,to,1
expenses,including,2
experiment,he,1
experiment,tried,1
explain,all,1
explain,it,4
explain,myself,1
explain,the,2
explain,to,1
explain,yourself,1
explained,said,1
explanation,ive,1
explanation,oh,1
explanation,the,1
explanation,to,1
explanations,take,1
express,or,1
expressing,yourself,1
expression,that,1
extent,permitted,1
extraordinary,noise,1
extraordinary,way,1
extras,asked,1
extremely,just,1
extremely,small,1
eye,but,1
eye,chanced,1
eye,fell,2
eye,how,1
eye,was,1
eyelids,so,1
eyes,again,1
eyes,and,4
eyes,anxiously,1
eyes,appeared,1
eyes,are,1
eyes,bright,1
eyes,but,1
eyes,by,1
eyes,filled,1
eyes,for,1
eyes,full,1
eyes,half,1
eyes,he,1
eyes,immediately,1
eyes,like,1
eyes,of,1
eyes,ran,1
eyes,then,1
eyes,to,1
eyes,very,1
eyes,were,3
eyesand,still,1
eyestell,her,1
face,and,2
face,as,1
face,brightened,1
face,ill,1
face,in,2
face,like,1
face,only,1
face,to,1
face,very,1
face,wake,1
face,was,1
face,with,1
faceand,she,1
faces,and,1
faces,at,1
faces,in,1
faces,so,1
faces,there,1
facility,wwwgutenbergorg,1
fact,alice,1
fact,is,1
fact,she,1
fact,theres,1
fact,we,1
fading,away,1
failure,alice,1
faint,in,1
fainting,in,1
faintly,came,1
fair,warning,1
fairly,alice,1
fall,and,1
fall,as,1
fall,never,1
fall,right,1
fall,upon,1
fall,was,1
fallen,by,1
fallen,into,3
falling,down,1
falling,through,1
familiarly,with,1
family,always,1
fan,and,7
fan,in,1
fan,quick,1
fan,she,1
fancied,she,1
fancied,that,1
fancy,that,2
fancy,to,2
fancy,what,1
fancying,the,1
fancywhos,to,1
fanned,herself,1
fanning,herself,1
far,and,1
far,as,1
far,before,1
far,below,1
far,down,1
far,off,2
far,out,1
far,said,1
far,the,1
far,thought,1
far,too,1
far,we,1
farm-yardwhile,the,1
farmer,you,1
farther,before,1
fashion,and,2
fast,asleep,3
fast,in,1
faster,said,1
faster,than,1
faster,while,1
fat,yet,1
father,dont,1
father,william,4
favoured,by,1
favourite,word,1
fear,lest,1
fear,of,2
fear,they,1
feared,it,1
feather,flock,1
feathers,the,1
federal,laws,1
federal,tax,1
fee,as,1
fee,for,3
fee,is,1
fee,of,1
fee,or,2
feeble,squeaking,1
feeble,voice,1
feebly,stretching,1
feel,encouraged,1
feel,it,1
feel,very,3
feel,which,1
feel,with,1
feeling,at,1
feeling,quite,1
feeling,said,1
feeling,very,3
feelings,may,1
fees,or,1
fees,that,1
fees,to,1
fees,you,1
feet,and,1
feet,as,1
feet,at,2
feet,for,2
feet,high,5
feet,in,2
feet,on,1
feet,ran,1
feet,they,1
feet,to,1
fell,asleep,1
fell,off,1
fell,on,1
fell,past,1
fell,upon,1
fell,very,1
fellow,dont,1
fellow,said,1
fellow,the,1
fellow,what,1
fellows,were,1
felt,certain,1
felt,dreadfully,1
felt,quite,3
felt,ready,1
felt,so,1
felt,sure,2
felt,that,6
felt,unhappy,1
felt,very,3
fender,with,1
ferrets,are,1
ferrets,where,1
fetch,her,1
fetch,it,2
fetch,me,2
fetch,the,1
fetch,things,1
few,little,1
few,minutes,6
few,things,2
few,yards,1
fidgeted,give,1
field,after,1
fifteen,inches,1
fifteenth,said,1
fifth,bend,1
fig,said,1
fight,was,1
fight,with,1
fighting,for,1
figure,of,1
figure,said,2
figures,and,1
file,or,1
files,containing,1
filled,the,1
filled,with,2
fills,the,1
financial,support,1
find,another,1
find,any,1
find,her,2
find,herself,2
find,it,2
find,my,1
find,out,1
find,quite,1
find,that,5
find,the,1
find,them,1
finding,it,1
finding,morals,1
finding,that,1
finds,out,1
fine,day,2
finger,and,1
finger,as,1
finger,for,1
finger,pressed,1
finger,very,1
finish,his,1
finish,if,1
finish,my,1
finish,the,1
finish,your,1
finished,as,1
finished,her,1
finished,it,1
finished,my,1
finished,off,1
finished,said,1
finished,so,1
finished,the,4
finished,this,1
finishing,the,1
fire,and,1
fire,licking,1
fire,stirring,1
fire-irons,came,1
fireplace,is,1
first,and,2
first,at,1
first,because,2
first,but,2
first,came,1
first,day,1
first,figure,2
first,form,1
first,hold,1
first,however,1
first,idea,1
first,it,1
first,minute,1
first,one,1
first,perhaps,1
first,position,1
first,question,2
first,really,1
first,remark,1
first,said,1
first,saw,1
first,sentence,1
first,she,5
first,speech,1
first,thats,1
first,the,1
first,then,1
first,thing,2
first,thought,1
first,to,2
first,verse,1
first,was,2
first,why,2
first,witness,3
firstthey,dont,1
firstverdict,afterwards,1
fish,came,1
fish,game,1
fish,would,1
fish-footman,began,1
fish-footman,was,1
fishand,rapped,1
fishes,in,1
fit,an,1
fit,you,2
fitness,for,1
fits,my,1
fitted,alice,1
five,always,1
five,and,2
five,dont,1
five,in,1
five,is,1
five,who,1
fix,on,1
fix,the,1
fixed,on,1
flame,of,1
flamingo,and,2
flamingo,shall,1
flamingo,she,1
flamingo,was,1
flamingoes,and,2
flapper,across,1
flappers,mystery,1
flashed,across,1
flat,upon,1
flat,with,1
flavour,of,1
flew,close,1
flinging,the,1
flock,together,1
floor,and,1
floor,as,1
floor,in,1
flower-beds,and,1
flower-pot,that,1
flowers,and,2
flown,into,1
flung,down,1
flurry,of,1
flustered,to,1
fluttered,down,1
fly,and,1
fly,like,1
fly,up,1
flying,down,1
folded,frowning,1
folded,her,1
folded,quietly,1
folding,his,1
follow,except,1
follow,it,1
follow,the,1
followed,by,1
followed,her,1
followed,him,2
followed,it,1
followed,the,1
followed,them,1
following,each,1
following,sentence,1
following,the,1
following,which,1
follows,the,2
follows,when,1
fond,of,2
fond,she,1
fondofof,dogs,1
foolish,alice,1
foot,as,1
foot,esq,1
foot,get,1
foot,high,1
foot,she,1
foot,slipped,1
foot,so,1
foot,that,1
foot,to,1
foot,up,1
footman,and,2
footman,because,1
footman,continued,1
footman,in,2
footman,remarked,1
footman,seemed,1
footman,thats,1
footman,went,1
footmans,head,1
footmen,alice,1
footsteps,and,1
footsteps,in,1
for,about,1
for,access,1
for,actual,1
for,alice,1
for,all,2
for,an,1
for,any,4
for,anything,1
for,apples,2
for,asking,2
for,bringing,2
for,catching,2
for,copies,2
for,croqueting,1
for,current,1
for,damages,1
for,days,1
for,dinner,1
for,eggs,2
for,fear,3
for,fish,1
for,forty,1
for,free,1
for,generations,1
for,going,1
for,having,2
for,he,1
for,her,7
for,him,1
for,his,1
for,instance,3
for,it,11
for,its,1
for,keeping,1
for,life,1
for,mabel,1
for,making,1
for,nearly,1
for,negligence,1
for,obtaining,1
for,poor,1
for,project,1
for,protection,1
for,pulling,1
for,really,2
for,repeating,1
for,said,2
for,serpents,1
for,she,11
for,showing,1
for,shutting,1
for,sneezing,1
for,some,12
for,such,2
for,tastes,1
for,ten,1
for,the,23
for,them,2
for,they,1
for,this,4
for,to,1
for,turns,1
for,two,2
for,use,1
for,when,1
for,with,1
for,you,8
for,your,2
for,yourself,1
forehead,ache,1
forehead,the,1
forepaws,to,1
forget,them,1
forget,to,1
forgetting,her,1
forgetting,in,1
forgetting,that,1
forgot,how,1
forgot,you,1
forgotten,that,2
forgotten,the,3
forgotten,to,1
fork,with,1
form,accessible,1
form,any,1
form,however,1
form,including,1
form,into,1
format,must,1
format,other,1
format,used,1
format,with,1
formats,readable,1
formats,wwwgutenbergorgebooks,1
forth,in,8
fortunately,was,1
forty,years,1
forty-two,all,1
forwards,each,1
found,all,1
found,an,1
found,and,1
found,at,3
found,her,2
found,herself,6
found,in,1
found,it,6
found,out,2
found,quite,1
found,she,2
found,that,3
found,the,1
found,this,1
found,to,1
found,what,1
foundation,and,2
foundation,anyone,1
foundation,are,1
foundation,as,1
foundation,at,1
foundation,how,1
foundation,information,1
foundation,is,2
foundation,makes,1
foundation,or,1
foundation,project,1
foundation,royalty,1
foundation,the,6
foundation,was,1
foundation,you,1
foundations,business,1
foundations,ein,1
foundations,website,1
fountains,but,1
fountains,chapter,1
four,feet,1
four,inches,1
four,thousand,1
four,times,3
fourteenth,of,1
fourth,two,1
france,then,1
free,access,1
free,at,1
free,distribution,3
free,exactly,1
free,future,1
free,of,1
freely,available,1
freely,distributed,1
freely,shared,1
freely,sharing,1
french,and,1
french,lesson-book,1
french,mouse,1
french,music,1
friend,of,1
friend,replied,1
friend,when,1
friends,had,1
friends,shared,1
fright,and,1
fright,oh,1
frighten,them,1
frightened,all,1
frightened,at,1
frightened,by,1
frightened,mouse,1
frightened,that,1
frightened,to,1
frightened,tone,1
frog,and,1
frog,or,1
frog-footman,repeated,1
from,all,2
from,any,1
from,beginning,1
from,being,2
from,copying,1
from,day,1
from,donors,1
from,ear,1
from,england,1
from,her,1
from,here,1
from,him,3
from,his,1
from,if,1
from,one,4
from,outside,1
from,people,1
from,print,1
from,said,1
from,several,1
from,states,1
from,texts,1
from,that,1
from,the,12
from,this,3
from,under,1
from,what,1
from,which,1
from,you,1
front,of,2
frontispiece,if,1
frowning,and,1
frowning,at,1
frowning,but,1
frowning,like,1
frying-pan,after,1
fulcrum,edition,1
full,effect,1
full,extent,1
full,license,1
full,of,4
full,project,7
full,refund,2
full,size,1
full,terms,2
fumbled,over,1
fun,now,1
fun,said,2
funny,itll,2
funny,watch,1
fur,and,1
fur,clinging,1
fur,it,1
furious,passion,1
furiously,throwing,1
furrow,in,1
furrows,the,1
further,off,1
further,opportunities,1
further,she,1
further,so,1
fury,and,1
fury,ill,1
fury,said,1
future,access,1
future,for,1
future,generations,1
gained,courage,1
gallons,of,1
game,began,1
game,chapter,1
game,feeling,1
game,indeed,1
game,of,2
game,or,1
game,the,3
game,was,2
games,going,1
games,now,1
garden,alice,1
garden,among,1
garden,and,3
garden,at,1
garden,called,1
garden,door,1
garden,first,1
garden,the,1
garden,then,1
garden,where,1
garden,with,1
garden,you,1
gardeners,at,1
gardeners,but,1
gardeners,instantly,2
gardeners,oblong,1
gardeners,or,1
gardeners,who,2
gardenhow,is,1
gather,about,1
gave,her,3
gave,herself,1
gave,him,2
gave,me,1
gave,one,1
gave,the,1
gave,to,1
gave,us,1
gay,as,1
gazing,up,1
general,chorus,1
general,clapping,1
general,conclusion,1
general,information,1
general,terms,2
generally,gave,1
generally,happens,1
generally,just,1
generally,takes,1
generally,you,1
generations,to,2
gently,brushing,1
gently,remarked,1
gently,smiling,1
geography,london,1
get,an,1
get,any,1
get,away,1
get,dry,2
get,her,2
get,hold,2
get,in,5
get,into,3
get,is,1
get,it,1
get,me,1
get,on,1
get,out,5
get,rather,1
get,ready,2
get,somewhere,1
get,the,1
get,them,1
get,through,2
get,to,5
get,up,2
get,us,1
get,used,2
get,very,1
get,what,1
getting,entangled,1
getting,extremely,1
getting,her,1
getting,home,1
getting,its,1
getting,late,1
getting,on,2
getting,out,1
getting,quite,1
getting,she,1
getting,so,3
getting,somewhere,1
getting,the,1
getting,tired,1
getting,up,4
getting,very,1
giddy,all,1
giddy,and,1
girl,like,1
girl,or,1
girl,said,1
girl,shell,1
girls,eat,1
girls,in,1
girls,of,1
give,all,1
give,birthday,1
give,him,1
give,it,3
give,notice,1
give,the,2
give,them,1
give,you,2
give,your,3
give,yourself,1
given,awayyou,1
given,by,1
giving,it,2
glad,ive,1
glad,she,1
glad,that,1
glad,there,1
glad,they,1
glad,theyve,1
glad,to,4
glanced,rather,1
glaring,at,1
glass,and,1
glass,box,1
glass,from,1
glass,now,1
glass,table,3
glass,there,1
glass,what,1
globe,of,1
gloomily,then,1
gloves,and,5
gloves,how,1
gloves,in,1
gloves,she,1
gloves,this,1
gloves,while,1
glovesthat,is,1
go,after,1
go,alice,1
go,among,1
go,and,5
go,anywhere,1
go,at,1
go,back,3
go,by,1
go,down,2
go,downhere,1
go,for,1
go,from,1
go,his,1
go,in,2
go,let,1
go,near,1
go,nearer,1
go,no,1
go,on,11
go,round,3
go,said,2
go,splashing,1
go,there,1
go,through,2
go,to,2
go,with,2
goals,and,1
goes,bill,1
goes,his,1
goes,in,1
goes,like,1
goes,on,2
goes,the,1
going,back,1
going,down,1
going,into,1
going,messages,1
going,off,1
going,on,5
going,out,1
going,though,1
going,through,1
going,to,12
going,up,1
golden,key,6
golden,scale,1
goldfish,kept,1
goldfish,she,1
gone,across,1
gone,and,2
gone,down,1
gone,far,1
gone,from,1
gone,if,1
gone,in,1
gone,much,1
gone,through,1
gone,to,1
gone,we,1
gone,well,1
good,advice,1
good,character,1
good,deal,7
good,english,1
good,height,1
good,manners,1
good,many,2
good,opportunity,3
good,practice,1
good,reason,1
good,school,1
good,terms,1
good,that,1
good,thing,1
good,way,1
good-bye,feet,1
good-natured,she,1
good-naturedly,began,1
goose,who,1
goose,with,1
got,altered,1
got,any,1
got,back,2
got,behind,2
got,burnt,1
got,down,1
got,entangled,1
got,in,2
got,into,3
got,it,1
got,its,2
got,much,1
got,no,2
got,settled,1
got,so,2
got,the,1
got,their,1
got,thrown,1
got,to,10
got,up,7
got,used,1
govern,what,1
graceful,zigzag,1
grand,certainly,1
grand,procession,1
grand,words,1
grant,that,1
granted,tax,1
grass,but,1
grass,merely,1
grass,rustled,1
grass,would,1
gratefully,accepted,1
grave,and,1
grave,that,1
grave,voice,1
gravely,and,1
gravely,what,1
gravy,and,1
grazed,his,1
great,concert,1
great,crash,1
great,crowd,1
great,curiosity,3
great,deal,3
great,delight,1
great,disappointment,1
great,disgust,1
great,dismay,1
great,emphasis,1
great,eyes,1
great,fear,1
great,girl,1
great,hall,1
great,hurry,6
great,interest,1
great,letter,1
great,many,2
great,or,1
great,puzzle,1
great,question,2
great,relief,2
great,surprise,2
great,thistle,1
great,wig,1
great,wonder,1
green,leaves,2
green,stuff,1
green,waiting,1
grew,no,1
grey,locks,1
grief,they,1
grin,and,1
grin,how,1
grin,they,1
grin,thought,1
grin,which,1
grin,without,1
grinned,in,1
grinned,when,1
grinning,from,1
grins,like,1
gross,profits,1
ground,alice,1
ground,as,1
ground,near,1
ground,so,1
group,of,1
grow,any,1
grow,at,1
grow,here,1
grow,large,1
grow,larger,2
grow,shorter,1
grow,smaller,1
grow,taller,1
grow,to,1
grow,up,3
growing,and,4
growing,larger,1
growing,near,1
growing,on,1
growing,small,1
growing,sometimes,1
growing,too,1
growing,youve,1
growl,and,1
growl,the,1
growl,when,1
growled,in,1
growling,said,1
growls,when,1
grown,in,1
grown,most,1
grown,so,1
grown,to,1
grown,up,2
grown,woman,1
grumbled,you,1
grunt,said,1
grunted,again,2
grunted,in,1
grunted,it,1
gryphon,added,1
gryphon,alice,1
gryphon,and,8
gryphon,answered,1
gryphon,as,1
gryphon,at,1
gryphon,before,1
gryphon,do,1
gryphon,half,1
gryphon,hastily,1
gryphon,how,1
gryphon,in,1
gryphon,interrupted,1
gryphon,is,1
gryphon,it,1
gryphon,its,1
gryphon,ive,1
gryphon,lifted,1
gryphon,lying,1
gryphon,never,1
gryphon,of,1
gryphon,only,1
gryphon,remarked,1
gryphon,repeated,1
gryphon,replied,2
gryphon,said,2
gryphon,sat,1
gryphon,she,1
gryphon,sighing,1
gryphon,that,1
gryphon,the,2
gryphon,then,1
gryphon,they,1
gryphon,turn,1
gryphon,we,1
gryphon,well,1
gryphon,went,3
gryphon,whispered,1
gryphon,with,1
gryphon,you,2
guard,him,1
guess,of,1
guess,she,1
guess,that,1
guessed,in,1
guessed,the,1
guessed,who,1
guests,had,1
guests,mostly,1
guests,to,1
guilt,said,1
guinea-pig,cheered,1
guinea-pig,head,1
guinea-pigs,cheered,1
guinea-pigs,filled,1
guinea-pigs,thought,1
guinea-pigs,who,1
gutenberg,and,1
gutenberg,appears,1
gutenberg,are,1
gutenberg,associated,1
gutenberg,collection,2
gutenberg,concept,2
gutenberg,depends,1
gutenberg,ebook,3
gutenberg,ebooks,3
gutenberg,electronic,18
gutenberg,including,1
gutenberg,is,4
gutenberg,license,11
gutenberg,literary,13
gutenberg,mission,2
gutenberg,name,1
gutenberg,project,1
gutenberg,trademark,5
gutenberg,volunteers,1
gutenberg,web,1
gutenberg,website,1
gutenberg,work,5
gutenberg,works,5
gutenberg,you,1
gutenbergs,goals,1
had,accidentally,1
had,all,1
had,already,1
had,any,2
had,asked,1
had,at,1
had,become,1
had,been,18
had,begun,1
had,brought,1
had,but,1
had,caught,1
had,changed,1
had,closed,1
had,come,3
had,disappeared,1
had,drunk,1
had,entirely,1
had,expected,1
had,fallen,2
had,felt,1
had,finished,3
had,fits,1
had,flown,1
had,fluttered,1
had,followed,1
had,forgotten,1
had,found,2
had,gone,2
had,got,5
had,grown,4
had,happened,3
had,hoped,1
had,hurt,1
had,in,1
had,it,1
had,its,1
had,just,5
had,kept,1
had,known,1
had,learnt,1
had,left,2
had,looked,1
had,lost,1
had,made,4
had,meanwhile,1
had,never,9
had,nibbled,1
had,no,5
had,not,11
had,nothing,2
had,now,1
had,oh,1
had,only,1
had,ordered,1
had,our,1
had,paused,1
had,peeped,1
had,plenty,1
had,powdered,1
had,put,2
had,quite,2
had,read,2
had,said,1
had,sat,1
had,settled,1
had,slipped,1
had,some,1
had,somehow,1
had,someone,1
had,spoken,1
had,struck,1
had,succeeded,1
had,such,1
had,taken,2
had,taught,1
had,the,3
had,this,2
had,tired,1
had,to,12
had,unrolled,1
had,vanished,1
had,very,1
had,wept,1
had,you,1
hadnt,begun,1
hadnt,cried,1
hadnt,drunk,1
hadnt,gone,1
hadnt,mentioned,1
hadnt,quite,1
hadnt,time,1
hadnt,to,1
hair,and,1
hair,as,1
hair,goes,1
hair,has,1
hair,that,2
hair,wants,1
half,afraid,1
half,an,2
half,believed,1
half,down,1
half,expecting,1
half,high,1
half,hoping,3
half,my,1
half,no,1
half,of,3
half,shut,1
half,the,1
half,those,1
half,to,3
half-past,one,2
hall,after,1
hall,and,2
hall,but,2
hall,in,1
hall,was,1
hall,which,1
hall,with,1
hand,again,1
hand,and,6
hand,if,1
hand,in,4
hand,it,2
hand,on,1
hand,round,1
hand,said,1
hand,upon,1
hand,watching,1
hand,with,1
handed,back,1
handed,over,1
handed,them,1
hands,and,5
hands,at,1
hands,how,1
hands,on,1
hands,so,1
hands,up,1
hands,were,1
hands,wondering,1
handsome,pig,1
handwriting,asked,1
hanging,down,1
hanging,from,1
hanging,out,1
happen,any,1
happen,in,1
happen,miss,1
happen,next,3
happen,she,1
happen,that,1
happened,and,1
happened,how,1
happened,lately,1
happened,she,1
happened,so,1
happened,to,2
happening,while,1
happens,and,1
happens,she,1
happens,what,1
happens,when,2
happy,summer,1
hard,against,1
hard,as,3
hard,at,1
hard,indeed,1
hard,to,1
hard,word,1
hardly,breathe,1
hardly,enough,1
hardly,finished,1
hardly,hear,1
hardly,knew,1
hardly,know,1
hardly,knowing,1
hardly,knowno,1
hardly,room,2
hardly,suppose,1
hardly,worth,1
hare,alice,2
hare,and,2
hare,exactly,1
hare,had,1
hare,he,1
hare,interrupted,2
hare,it,2
hare,meekly,1
hare,moved,1
hare,said,4
hare,she,1
hare,sixteenth,1
hare,that,1
hare,the,1
hare,then,1
hare,took,1
hare,visit,1
hare,was,1
hare,went,2
hare,who,1
hare,will,1
hare,yes,1
harm,in,1
harmless,from,1
hart,was,1
has,agreed,1
has,become,1
has,he,1
has,just,1
has,lasted,1
has,the,1
has,won,2
hasnt,got,1
hasnt,one,1
haste,she,1
hastily,afraid,1
hastily,and,1
hastily,began,1
hastily,but,1
hastily,consider,1
hastily,dried,1
hastily,for,1
hastily,go,1
hastily,interrupted,1
hastily,just,1
hastily,put,1
hastily,replied,2
hastily,said,1
hat,the,1
hatching,the,1
hate,cats,1
hatec,and,1
hated,cats,1
hatter,added,1
hatter,alice,1
hatter,and,5
hatter,as,1
hatter,asked,1
hatter,began,1
hatter,but,1
hatter,continued,1
hatter,does,1
hatter,dropped,1
hatter,grumbled,1
hatter,he,3
hatter,here,1
hatter,hurriedly,1
hatter,im,1
hatter,instead,1
hatter,it,2
hatter,its,1
hatter,lets,1
hatter,looked,1
hatter,nor,1
hatter,opened,1
hatter,or,1
hatter,replied,1
hatter,said,2
hatter,shook,1
hatter,so,1
hatter,stolen,1
hatter,this,1
hatter,trembled,1
hatter,was,3
hatter,went,3
hatter,were,1
hatter,when,1
hatter,who,1
hatter,with,2
hatter,you,3
hatters,before,1
hatters,remark,1
have,answered,1
have,any,2
have,anything,1
have,appeared,1
have,baked,1
have,been,8
have,called,1
have,changed,1
have,come,2
have,croqueted,1
have,done,3
have,dropped,1
have,everybody,1
have,finished,1
have,got,3
have,grown,1
have,happened,1
have,him,1
have,imitated,1
have,it,1
have,just,1
have,lessons,1
have,liked,1
have,lived,1
have,made,1
have,meant,1
have,my,1
have,next,1
have,no,5
have,none,1
have,not,2
have,nothing,1
have,of,1
have,ordered,1
have,our,1
have,prizes,1
have,put,1
have,read,1
have,removed,1
have,said,1
have,signed,1
have,some,2
have,somebody,1
have,tasted,1
have,the,1
have,their,2
have,this,1
have,to,8
have,told,1
have,wanted,1
have,wondered,1
have,you,7
havent,been,1
havent,found,1
havent,got,1
havent,had,1
havent,opened,1
havent,said,1
havent,the,2
having,cheated,1
having,found,1
having,heard,1
having,missed,1
having,nothing,1
having,seen,2
having,tea,1
having,the,1
he,added,3
he,asked,1
he,began,2
he,bit,1
he,called,1
he,came,3
he,can,2
he,cant,1
he,certainly,1
he,checked,1
he,consented,1
he,could,2
he,denies,1
he,did,5
he,dipped,1
he,doesnt,1
he,finds,1
he,found,1
he,fumbled,1
he,got,2
he,had,6
he,handed,1
he,has,1
he,hasnt,1
he,hurried,1
he,is,1
he,kept,1
he,knows,1
he,looked,3
he,met,1
he,might,2
he,moved,1
he,must,1
he,now,1
he,only,1
he,pleases,1
he,poured,1
he,produced,1
he,pronounced,1
he,repeated,1
he,replied,1
he,said,13
he,says,2
he,seems,1
he,sent,1
he,shall,1
he,shook,2
he,sneezes,2
he,spoke,6
he,stole,1
he,taught,3
he,thanked,1
he,thought,1
he,took,1
he,trusts,1
he,turn,1
he,unfolded,1
he,was,8
he,wasnt,2
he,went,6
he,were,1
he,with,1
he,wont,2
he,wore,1
he,would,2
head,about,1
head,alice,1
head,and,1
head,appeared,1
head,began,1
head,but,1
head,contemptuously,1
head,could,1
head,do,1
head,down,2
head,downwards,1
head,first,1
head,how,1
head,if,1
head,impatiently,3
head,in,1
head,is,1
head,it,2
head,made,1
head,mournfully,1
head,must,1
head,off,2
head,on,1
head,or,2
head,over,1
head,pressing,1
head,sadly,1
head,she,2
head,still,1
head,struck,1
head,the,1
head,those,1
head,through,1
head,to,3
head,unless,1
head,very,1
head,was,1
head,with,1
head,would,1
headbrandy,nowdont,1
heads,and,1
heads,are,1
heads,below,1
heads,cut,1
heads,down,2
heads,downward,1
heads,free,1
heads,of,1
heads,off,1
heads,she,1
heap,of,1
hear,about,1
hear,her,1
hear,him,1
hear,his,1
hear,it,1
hear,oneself,1
hear,some,1
hear,the,5
hear,whispers,1
hear,you,2
heard,before,1
heard,every,1
heard,her,2
heard,him,1
heard,in,1
heard,it,3
heard,of,4
heard,one,1
heard,something,2
heard,the,5
heard,this,1
heard,was,1
heard,yes,1
heard,yet,1
hearing,anything,1
hearing,for,1
hearing,her,1
hearing,this,1
heart,of,1
heart,would,1
hearth,and,1
hearthrug,near,1
hearts,alice,1
hearts,and,1
hearts,carrying,1
hearts,he,1
hearts,next,1
hearts,she,1
hearts,were,1
hearts,who,1
heavy,sobbing,1
heavy,sobs,1
hed,do,1
hedge,in,1
hedge,then,1
hedgehog,had,1
hedgehog,just,1
hedgehog,the,1
hedgehog,to,1
hedgehog,was,1
hedgehog,which,1
hedgehogs,and,1
hedgehogs,the,1
hedgehogs,were,1
hedges,the,1
heels,in,1
height,as,1
height,indeed,1
height,it,1
height,to,2
held,it,1
held,out,1
held,the,1
held,up,1
hell,be,1
help,bursting,1
help,it,3
help,me,1
help,of,1
help,preserve,1
help,produce,1
help,see,1
help,that,1
help,thinking,1
help,to,1
helped,herself,1
helpless,sort,1
her,about,4
her,adventures,1
her,after,1
her,age,1
her,alice,1
her,and,7
her,anger,1
her,answer,1
her,any,1
her,arm,4
her,arms,2
her,as,3
her,at,1
her,back,1
her,became,1
her,best,1
her,brothers,1
her,but,1
her,calling,1
her,child,1
her,childhood,1
her,chin,4
her,choice,1
her,coaxing,1
her,collar,1
her,daughter,1
her,down,1
her,draw,1
her,dream,1
her,ear,2
her,escape,1
her,ever,1
her,eye,2
her,eyes,5
her,eyesand,1
her,face,7
her,faceand,1
her,fancy,1
her,favourite,1
her,feel,1
her,feet,4
her,first,2
her,flamingo,3
her,foot,4
her,for,1
her,french,1
her,friend,1
her,full,1
her,going,1
her,great,2
her,hair,1
her,hand,6
her,hands,6
her,haste,1
her,head,20
her,hedgehog,1
her,here,1
her,idea,1
her,if,1
her,in,4
her,its,1
her,ive,1
her,knee,1
her,knowledge,3
her,lap,1
her,leaning,1
her,lessons,1
her,life,4
her,lips,1
her,listeners,1
her,listening,1
her,little,1
her,look,1
her,mind,1
her,mouth,1
her,neck,3
her,next,1
her,oh,1
her,once,1
her,one,3
her,or,1
her,other,1
her,own,5
her,paws,1
her,pet,1
her,pocket,2
her,poor,1
her,promise,1
her,question,1
her,rather,1
her,reach,1
her,repeating,1
her,riper,1
her,said,1
her,saucer,1
her,sentence,1
her,sharp,2
her,she,3
her,shoulders,1
her,side,1
her,sister,7
her,skirt,1
her,so,2
her,something,2
her,spectacles,1
her,still,1
her,surprise,1
her,swim,1
her,temper,1
her,that,2
her,the,2
her,then,2
her,there,1
her,they,1
her,though,1
her,to,5
her,toes,1
her,too,1
her,try,1
her,turn,1
her,turtle,1
her,unfortunate,1
her,up,1
her,usual,1
her,very,3
her,violently,1
her,voice,4
her,waiting,1
her,was,1
her,way,3
her,what,1
her,with,1
her,wonderful,1
her,yes,1
herald,read,1
here,alice,2
here,and,5
here,any,1
here,as,1
here,before,1
here,but,1
here,come,1
here,cried,1
here,digging,1
here,directly,1
here,he,1
here,im,1
here,in,1
here,itll,1
here,ladhere,1
here,may,1
here,one,1
here,ought,1
here,poor,1
here,run,1
here,said,2
here,she,1
here,that,2
here,the,7
here,thought,1
here,till,1
here,to,1
here,was,1
here,why,1
here,with,1
here,you,1
here,young,1
hers,began,1
hers,that,1
hers,would,1
herself,after,1
herself,alice,1
herself,all,1
herself,and,6
herself,as,5
herself,at,2
herself,because,1
herself,before,1
herself,being,1
herself,by,1
herself,down,2
herself,falling,1
herself,for,2
herself,from,1
herself,hastily,2
herself,his,1
herself,how,3
herself,if,1
herself,imagine,1
herself,in,7
herself,it,1
herself,its,1
herself,lying,1
herself,not,1
herself,now,2
herself,of,1
herself,out,1
herself,rather,1
herself,safe,1
herself,shy,1
herself,so,1
herself,still,1
herself,suppose,1
herself,talking,1
herself,that,1
herself,thats,1
herself,the,2
herself,this,1
herself,to,4
herself,up,3
herself,useful,1
herself,very,1
herself,what,1
herself,whenever,1
herself,which,1
herself,why,1
herself,with,1
herself,would,1
herself,you,1
hersshe,could,1
hes,murdering,1
hes,perfectly,1
hes,treading,1
hid,their,1
high,added,1
high,and,3
high,but,1
high,chapter,1
high,enough,1
high,even,1
high,said,1
high,she,1
high,then,1
high,time,2
high,to,1
high,whoever,1
highest,tree,1
him,and,6
him,as,1
him,declare,1
him,deeply,1
him,hed,1
him,his,1
him,ill,1
him,in,1
him,into,1
him,know,1
him,off,1
him,or,1
him,pinch,1
him,said,1
him,she,1
him,sighing,1
him,sixpence,1
him,the,3
him,to,3
him,tortoise,3
him,two,2
him,when,2
him,while,1
him,with,1
him,you,1
himhow,was,1
himit,was,1
himself,and,1
himself,as,1
himself,in,1
himself,suddenly,1
himself,upon,1
himself,we,1
hint,but,1
hint,to,1
hippopotamus,but,1
his,arm,1
his,arms,1
his,belt,1
his,book,1
his,brush,1
his,business,1
his,buttons,1
his,cheeks,1
his,claws,1
his,confusion,1
his,crown,1
his,cup,1
his,ear,1
his,eye,1
his,eyes,5
his,eyestell,1
his,face,2
his,fan,1
his,fancy,1
his,father,2
his,first,2
his,flappers,1
his,friends,1
his,garden,2
his,great,1
his,grey,1
his,guilt,1
his,hand,1
his,hands,1
his,head,9
his,headbrandy,1
his,heart,1
his,history,2
his,housemaid,1
his,knee,1
his,knuckles,1
his,mind,1
his,mouth,1
his,neighbour,1
his,normans,1
his,nose,3
his,note-book,2
his,plate,1
his,pocket,1
his,precious,1
his,remark,1
his,scaly,1
his,shining,1
his,shoes,2
his,shoulder,2
his,shrill,1
his,slate,1
his,sleep,1
his,son,1
his,sorrow,1
his,spectacles,2
his,story,1
his,tail,1
his,tea,1
his,teacup,2
his,throat,1
his,time,1
his,toes,2
his,turn,1
his,voice,4
his,watch,1
his,way,1
his,whiskers,1
hiss,made,1
histories,about,1
history,alice,1
history,and,1
history,as,1
history,of,1
history,she,1
history,you,1
hit,her,2
hjckrrh,from,1
hm,no,1
hoarse,and,1
hoarse,feeble,1
hoarse,growl,1
hoarsely,all,1
hold,it,2
hold,of,4
hold,the,1
hold,your,3
holder,additional,1
holder,found,1
holder,the,1
holder,your,1
holding,and,1
holding,her,1
holding,it,1
holiday,of,1
hollow,tone,1
home,the,1
home,this,1
home,thought,1
home,when,1
home,why,1
honest,man,1
honour,at,1
honour,but,1
honour,digging,1
honour,he,1
hookah,and,1
hookah,into,1
hookah,out,3
hope,itll,1
hope,that,1
hope,theyll,1
hopeful,tone,1
hopeless,than,1
hoping,she,1
hoping,that,2
hot,buttered,1
hot,day,1
hot,she,1
hot,tea,1
hot,tureen,1
hot-tempered,she,1
hour,or,2
hours,the,1
hours,to,1
house,and,4
house,because,1
house,before,1
house,down,1
house,if,1
house,in,1
house,let,1
house,of,1
house,on,1
house,opened,1
house,quite,1
house,that,1
house,till,1
house,which,1
housemaid,she,1
houses,and,1
how,am,2
how,are,2
how,brave,1
how,can,2
how,cheerfully,1
how,confusing,1
how,could,1
how,delightful,1
how,did,2
how,do,3
how,doth,3
how,dreadfully,1
how,eagerly,1
how,far,1
how,fond,1
how,funny,2
how,glad,1
how,he,2
how,in,1
how,is,1
how,it,1
how,large,1
how,late,1
how,long,1
how,many,2
how,neatly,1
how,odd,1
how,old,1
how,puzzling,2
how,queer,2
how,she,6
how,should,1
how,small,1
how,surprised,1
how,the,4
how,this,1
how,to,8
how,your,1
however,at,1
however,everything,1
however,he,1
however,if,1
however,it,3
however,ive,1
however,jury-men,1
however,on,1
however,she,6
however,the,2
however,they,1
however,this,1
however,when,1
howled,so,1
howling,alternately,1
howling,and,1
howling,so,1
humble,tone,1
humbly,you,1
hundred,pounds,1
hundreds,of,1
hung,upon,1
hungry,for,1
hungry,in,1
hungry,to,1
hunting,about,2
hunting,all,1
hurried,back,1
hurried,bythe,1
hurried,nervous,1
hurried,off,4
hurried,on,1
hurried,out,1
hurried,tone,1
hurried,upstairs,1
hurriedly,left,1
hurriedly,went,1
hurry,an,1
hurry,and,1
hurry,muttering,1
hurry,no,1
hurry,that,1
hurry,this,1
hurry,to,3
hurry,you,1
hurrying,down,1
hurt,and,1
hurt,it,1
hurt,the,1
hush,hush,1
hush,said,1
hush,the,1
hypertext,form,1
id,been,1
id,better,1
id,gone,1
id,hardly,1
id,have,1
id,nearly,2
id,only,1
id,rather,2
id,taken,1
idea,came,2
idea,how,2
idea,of,2
idea,said,1
idea,that,1
idea,to,2
idea,was,1
idea,what,4
identification,number,1
identify,do,1
idiot,said,1
idiotic,and,1
if,an,3
if,any,3
if,anything,1
if,everybody,1
if,he,6
if,his,1
if,id,1
if,im,2
if,it,10
if,ive,2
if,my,1
if,not,1
if,nothing,1
if,one,1
if,only,1
if,people,1
if,she,9
if,something,1
if,thats,1
if,the,3
if,there,2
if,theres,1
if,they,2
if,we,1
if,you,37
if,youd,2
if,youre,1
if,youve,1
ifif,id,1
ignorant,little,1
ii,hardly,1
ii,the,2
ill,alice,1
ill,be,2
ill,come,1
ill,eat,1
ill,fetch,1
ill,get,1
ill,give,2
ill,go,1
ill,have,4
ill,just,1
ill,kick,1
ill,look,1
ill,manage,1
ill,never,1
ill,put,1
ill,set,1
ill,so,1
ill,soon,1
ill,stay,2
ill,take,1
ill,tell,3
ill,try,3
ill,write,1
illustration,alices,1
im,afraid,7
im,aim,1
im,angry,1
im,better,1
im,certain,1
im,doubtful,1
im,getting,1
im,glad,3
im,going,1
im,growing,1
im,grown,1
im,here,1
im,mabel,1
im,mad,3
im,never,1
im,not,9
im,on,2
im,opening,1
im,perfectly,1
im,pleased,1
im,quite,1
im,somebody,1
im,sure,6
im,talking,1
im,too,1
im,very,1
imagine,her,1
imagine,yourself,1
imitated,somebody,1
immediate,access,2
immediate,adoption,1
immediately,met,1
immediately,suppressed,2
immense,length,1
impatient,tone,1
impatiently,and,3
impatiently,any,1
impatiently,it,1
impertinent,said,1
implied,including,1
implied,warranties,1
important,air,1
important,and,1
important,piece,1
important,the,1
important,to,2
importantunimportantunimportantimportant,as,1
imposed,by,1
impossible,there,1
impossible,to,2
improve,his,1
in,about,1
in,accordance,2
in,addition,1
in,all,7
in,among,1
in,an,10
in,another,7
in,any,5
in,as,1
in,asked,1
in,asking,1
in,at,5
in,bed,1
in,before,1
in,bills,1
in,books,1
in,bringing,1
in,but,1
in,by,1
in,chains,1
in,chorus,1
in,coils,1
in,compliance,2
in,confusion,1
in,contemptuous,1
in,couples,1
in,creating,1
in,crying,1
in,currants,1
in,curving,1
in,custody,1
in,dancing,1
in,despair,1
in,existence,1
in,fact,4
in,formats,1
in,front,2
in,getting,1
in,great,2
in,hand,2
in,head,1
in,her,15
in,here,2
in,his,5
in,it,8
in,its,3
in,knocking,1
in,large,1
in,less,1
in,lieu,2
in,like,1
in,livery,3
in,locations,1
in,machine-readable,1
in,managing,1
in,march,1
in,most,1
in,my,9
in,one,3
in,paragraph,6
in,paragraphs,1
in,particular,2
in,prison,1
in,questions,1
in,rather,1
in,reply,5
in,ringlets,1
in,salt,1
in,same,1
in,saying,1
in,search,1
in,section,2
in,she,2
in,sight,3
in,silence,3
in,some,2
in,spite,1
in,such,5
in,surprise,1
in,talking,1
in,that,8
in,the,98
in,their,5
in,them,1
in,there,1
in,these,2
in,things,1
in,this,7
in,time,4
in,to,1
in,trying,1
in,waiting,1
in,which,4
in,with,3
in,without,1
in,wonderland,6
in,writing,3
in,your,3
inaccurate,or,1
incessantly,stand,1
inches,deep,1
inches,high,4
inches,is,1
incidental,damages,1
inclined,to,1
include,the,1
included,thus,1
included,with,2
includes,information,1
including,any,1
including,but,1
including,checks,1
including,how,1
including,legal,2
including,obsolete,1
including,outdated,1
including,paying,1
incomplete,inaccurate,1
increasing,the,1
indeed,and,1
indeed,cried,1
indeed,said,7
indeed,she,2
indeed,the,1
indeed,tis,1
indeed,to,1
indeed,were,1
indemnify,and,1
indicate,that,1
indicating,that,1
indignant,voice,1
indignantly,ah,1
indignantly,and,1
indignantly,however,1
indignantly,let,1
indirect,consequential,1
indirectly,from,1
individual,project,2
individual,work,1
individual,works,1
information,about,6
information,and,1
information,can,1
information,page,1
injure,the,1
ink,that,1
inkstand,at,1
inquired,alice,1
inquisitively,and,1
inside,no,1
inside,you,1
insolence,of,1
instance,if,1
instance,suppose,1
instance,theres,1
instantly,and,2
instantly,jumped,1
instantly,made,1
instantly,threw,1
instead,chapter,1
instead,of,2
insult,me,1
intellectual,property,2
interest,in,1
interesting,and,1
interesting,dance,1
interesting,is,1
interesting,story,1
internal,revenue,1
international,donations,1
interpreted,to,1
interrupt,again,1
interrupted,alice,1
interrupted,if,1
interrupted,in,2
interrupted,the,2
interrupted,theres,1
interrupted,unimportant,1
interrupted,yawning,1
interrupting,him,1
interrupting,it,1
into,alarm,1
into,alices,3
into,custody,1
into,her,5
into,hers,1
into,hersshe,1
into,his,2
into,it,3
into,its,5
into,little,1
into,one,1
into,that,3
into,the,24
into,this,1
introduce,it,1
introduce,some,1
introduced,to,1
invalidity,or,1
invent,something,1
invented,it,1
invitation,for,1
invitation,from,1
invited,said,1
invited,yet,1
involved,in,1
inwards,and,1
irritated,at,1
irs,the,1
is,accessed,1
is,alice,1
is,all,1
is,almost,1
is,also,1
is,another,1
is,as,1
is,asleep,1
is,associated,1
is,bill,1
is,blown,1
is,but,1
is,committed,1
is,derived,1
is,dinah,1
is,discovered,1
is,enough,1
is,for,2
is,gay,1
is,here,1
is,his,2
is,if,1
is,ill,1
is,included,1
is,it,9
is,its,1
is,just,1
is,like,1
is,located,1
is,look,1
is,made,1
is,may,1
is,narrow,1
is,no,1
is,not,1
is,of,4
is,only,1
is,over,1
is,owed,1
is,posted,2
is,provided,1
is,queer,1
is,rather,1
is,right,1
is,said,2
is,so,1
is,something,1
is,subject,1
is,such,4
is,sure,1
is,synonymous,1
is,that,6
is,the,11
is,then,1
is,thirteen,1
is,this,2
is,to,6
is,to-day,1
is,twelve,1
is,unprotected,1
is,very,2
is,what,2
is,which,1
is,who,1
is,why,1
is,wrong,1
is,you,4
isbe,what,1
isbirds,of,1
isnt,any,1
isnt,directed,1
isnt,mine,1
isnt,said,1
isnt,usual,1
isoh,dear,1
isoh,tis,1
istake,care,1
isthe,more,1
it,about,1
it,added,1
it,advisable,2
it,after,1
it,again,4
it,alice,1
it,all,4
it,aloud,1
it,altogether,1
it,and,26
it,any,1
it,appeared,1
it,arrum,1
it,as,9
it,asked,1
it,at,4
it,away,5
it,back,2
it,be,2
it,before,1
it,began,2
it,begins,1
it,behind,1
it,belongs,2
it,busily,1
it,but,6
it,by,1
it,can,2
it,cant,1
it,chose,1
it,chuckled,1
it,continued,1
it,could,1
it,did,2
it,didnt,2
it,directed,1
it,does,3
it,doesnt,7
it,dont,1
it,down,2
it,even,1
it,every,1
it,except,1
it,exclaimed,1
it,exists,1
it,explained,1
it,felt,1
it,fills,1
it,first,1
it,fitted,1
it,flashed,1
it,for,2
it,further,1
it,gave,1
it,give,2
it,gloomily,1
it,goes,2
it,got,1
it,grunted,1
it,had,17
it,hadnt,1
it,happens,1
it,hasnt,1
it,hastily,1
it,he,4
it,her,1
it,here,1
it,home,1
it,how,1
it,hurried,1
it,if,1
it,im,1
it,in,12
it,into,2
it,is,19
it,isnt,4
it,it,2
it,its,1
it,just,4
it,kills,1
it,last,1
it,lasted,1
it,led,1
it,left,1
it,likes,1
it,looked,1
it,made,2
it,makes,3
it,marked,1
it,matter,1
it,matters,1
it,may,2
it,means,3
it,meanstomakeanythingprettier,1
it,meant,1
it,might,8
it,more,1
it,mouse,1
it,much,1
it,must,7
it,muttered,1
it,muttering,1
it,myself,1
it,never,1
it,no,1
it,now,2
it,occurred,2
it,off,3
it,oh,1
it,old,1
it,on,1
it,only,1
it,or,2
it,ought,2
it,out,6
it,over,4
it,panting,1
it,pleaded,2
it,please,2
it,pointed,1
it,pop,1
it,presently,1
it,proves,1
it,puffed,1
it,purring,1
it,put,2
it,puzzled,2
it,quite,2
it,ran,1
it,rather,1
it,really,1
it,right,1
it,sad,1
it,said,22
it,sat,2
it,saw,2
it,say,2
it,seemed,2
it,seems,2
it,set,1
it,settled,1
it,she,7
it,shes,1
it,should,1
it,signifies,1
it,so,6
it,something,1
it,sounded,1
it,sounds,1
it,spoke,2
it,stays,1
it,stop,1
it,suddenly,1
it,takes,1
it,teases,1
it,tells,1
it,that,1
it,thats,2
it,the,4
it,then,2
it,there,4
it,they,3
it,this,1
it,thought,1
it,to,11
it,too,2
it,tricks,1
it,trot,1
it,trying,1
it,turned,3
it,twelve,1
it,under,2
it,uneasily,1
it,unfolded,1
it,up,2
it,usually,1
it,vanished,1
it,very,3
it,was,74
it,wasnt,3
it,watched,1
it,well,1
it,went,3
it,were,2
it,what,1
it,when,2
it,which,2
it,while,2
it,why,1
it,will,1
it,without,1
it,woke,1
it,wont,1
it,would,15
it,wouldnt,1
it,written,2
it,yer,1
it,yet,1
it,you,5
itll,be,1
itll,fetch,1
itll,make,1
itll,never,2
itll,seem,2
itll,sit,1
itonce,more,1
its,age,1
its,all,3
its,always,3
its,an,2
its,angry,1
its,arms,3
its,asleep,1
its,at,1
its,attached,1
its,axis,1
its,body,1
its,by,1
its,called,1
its,children,1
its,coming,1
its,dinner,1
its,done,2
its,ears,1
its,enough,1
its,eyelids,1
its,eyes,6
its,face,3
its,feet,3
its,forehead,1
its,full,1
its,generally,1
its,getting,2
its,got,1
its,great,1
its,hardly,1
its,head,6
its,high,1
its,him,1
its,hurry,1
its,laid,1
its,legs,1
its,little,1
its,marked,1
its,meaning,1
its,mission,1
its,mouth,6
its,neck,1
its,nest,1
its,no,4
its,nose,1
its,original,1
its,paws,1
its,pleased,2
its,really,1
its,right,2
its,share,1
its,sleep,1
its,so,1
its,sure,1
its,tail,2
its,the,6
its,tongue,1
its,too,1
its,undoing,1
its,very,3
its,voice,2
its,waistcoat-pocket,1
its,wings,1
its,worth,1
itself,and,2
itself,half,1
itself,in,1
itself,oh,1
itself,out,1
itself,round,1
itself,she,1
itself,the,1
itself,then,2
itself,up,2
itself,upright,1
iv,the,2
ive,been,2
ive,fallen,1
ive,finished,1
ive,forgotten,1
ive,got,6
ive,had,2
ive,heard,1
ive,kept,1
ive,made,1
ive,none,1
ive,nothing,1
ive,offended,1
ive,often,2
ive,read,1
ive,said,1
ive,seen,3
ive,so,1
ive,something,1
ive,tried,5
ix,the,2
jack-in-the-box,and,1
jar,for,1
jar,from,1
jaw,has,1
jaws,are,1
jaws,im,1
jelly-fish,out,1
jogged,my,1
join,the,9
joined,in,1
joined,the,1
joined,wow,1
joys,remembering,1
judge,by,1
judge,ill,1
judge,she,1
judge,would,1
judging,by,1
jumped,but,1
jumped,into,1
jumped,up,4
jumping,about,1
jumping,merrily,1
jumping,up,2
june,ebook,1
june,language,1
juror,it,1
jurors,had,1
jurors,she,1
jurors,were,2
jury,all,3
jury,and,1
jury,asked,1
jury,consider,1
jury,eagerly,1
jury,had,1
jury,if,1
jury,in,1
jury,not,1
jury,of,1
jury,or,1
jury,said,1
jury,they,1
jury,who,1
jury,wrote,1
jury-box,and,1
jury-box,or,1
jury-box,thought,1
jury-box,with,1
jury-men,would,1
jurymen,are,1
jurymen,it,1
jurymen,no,1
jurymen,on,1
just,about,1
just,as,14
just,at,3
just,been,2
just,beginning,2
just,begun,3
just,explain,1
just,going,1
just,grazed,1
just,in,3
just,like,1
just,missed,1
just,now,3
just,over,1
just,possible,1
just,saying,1
just,see,1
just,succeeded,1
just,take,1
just,the,1
just,then,3
just,think,1
just,time,1
just,under,1
just,upset,1
just,what,1
justice,before,1
keep,appearing,1
keep,back,2
keep,ebooks,1
keep,herself,1
keep,it,1
keep,moving,1
keep,the,1
keep,them,1
keep,through,1
keep,tight,1
keep,up,1
keep,your,1
keeping,so,1
keeping,the,1
keeping,this,1
keeping,up,1
kept,all,1
kept,doubling,1
kept,fanning,1
kept,from,1
kept,getting,1
kept,her,2
kept,on,2
kept,running,1
kept,shifting,1
kept,tossing,1
kettle,had,1
key,and,5
key,in,1
key,on,1
key,was,2
kick,and,1
kick,you,1
kid,gloves,5
kill,it,1
killing,somebody,1
kills,all,1
kind,alice,1
kind,express,1
kind,of,5
kind,to,1
kindly,but,1
kindly,permitted,1
king,added,1
king,and,10
king,eagerly,1
king,exclaimed,1
king,going,1
king,had,1
king,hastily,1
king,here,1
king,however,1
king,in,1
king,it,1
king,laid,1
king,leave,1
king,looked,1
king,looking,1
king,nearly,1
king,nothing,1
king,on,1
king,or,1
king,put,1
king,repeated,1
king,replied,1
king,rubbing,1
king,said,9
king,say,1
king,shant,1
king,sharply,1
king,that,2
king,the,5
king,then,1
king,triumphantly,1
king,turned,1
king,unless,1
king,very,1
king,was,1
king,when,1
king,who,1
king,with,1
kings,and,1
kings,argument,1
kings,crown,1
kiss,my,1
kissed,her,1
kitchen,at,1
kitchen,that,1
kitchen,when,1
kitchen,which,1
knave,did,1
knave,of,3
knave,shook,1
knave,the,1
knave,turn,1
knave,was,1
knee,and,2
knee,as,1
knee,im,1
knee,while,1
kneel,down,1
knelt,down,1
knew,how,1
knew,it,1
knew,she,1
knew,so,1
knew,that,3
knew,the,3
knew,time,1
knew,to,1
knew,what,1
knew,whether,1
knew,who,1
knife,and,1
knife,it,1
knock,and,1
knocked,theres,1
knocking,and,1
knocking,said,1
knocking,the,1
knot,and,1
knot,said,1
know,about,2
know,alice,2
know,all,2
know,and,2
know,as,1
know,better,1
know,but,3
know,come,2
know,exclaimed,1
know,he,2
know,how,1
know,im,1
know,is,2
know,it,4
know,its,1
know,let,1
know,much,1
know,not,2
know,of,2
know,one,1
know,please,1
know,pointing,1
know,said,5
know,she,2
know,silence,1
know,sir,1
know,so,1
know,something,1
know,that,4
know,the,6
know,this,1
know,upon,1
know,what,12
know,when,1
know,where,1
know,whether,1
know,which,1
know,who,2
know,why,1
know,with,1
know,you,1
know,your,1
know,youre,1
knowand,then,1
knowing,how,1
knowing,what,1
knowledge,as,1
knowledge,just,1
knowledge,of,1
known,them,1
knowno,more,1
knows,it,1
knows,such,1
knuckles,it,1
label,this,1
label,with,1
labelled,orange,1
lacie,and,1
ladhere,put,1
lady,said,1
lady,tells,1
lady,to,1
laid,for,1
laid,his,1
lamps,hanging,1
land,again,1
language,english,1
languid,sleepy,1
lap,as,1
lap,of,1
large,again,1
large,arm-chair,1
large,as,2
large,birds,1
large,blue,1
large,canvas,1
large,cat,1
large,cauldron,1
large,crowd,1
large,dish,1
large,eyes,2
large,fan,1
large,flower-pot,1
large,in,1
large,kitchen,1
large,letters,1
large,mushroom,1
large,mustard-mine,1
large,one,1
large,or,1
large,piece,1
large,pigeon,1
large,plate,1
large,pool,1
large,rabbit-hole,1
large,ring,1
large,rose-tree,1
large,round,1
large,saucepan,1
large,she,1
larger,again,1
larger,and,1
larger,it,1
larger,sir,1
larger,still,1
larger,than,1
largest,telescope,1
lark,and,1
last,and,3
last,came,2
last,concert,1
last,few,2
last,in,1
last,it,2
last,marchjust,1
last,more,1
last,of,1
last,remark,3
last,resource,1
last,said,1
last,she,2
last,the,5
last,they,1
last,time,1
last,turned,1
last,with,1
last,word,2
last,words,1
lasted,the,1
lasted,then,1
lastly,she,1
late,and,1
late,its,1
late,much,1
late,so,1
late,to,1
late,when,1
lately,that,1
later,editions,2
later,however,1
latin,grammar,1
latitude,or,1
latitude,was,1
laugh,and,1
laughed,let,1
laughed,so,1
laughing,and,2
laughter,oh,1
law,and,1
law,does,1
law,in,2
law,means,1
law,of,1
law,redistribution,1
law,the,1
laws,alone,1
laws,and,1
laws,in,1
laws,of,5
laws,regulating,1
laws,the,1
lay,far,1
lay,on,1
lay,sprawling,1
lay,the,1
lazily,about,1
lazy,thing,1
leaders,and,1
leading,right,1
leaning,her,1
leaning,over,1
leant,against,1
leap,out,1
learn,it,1
learn,lessons,1
learn,more,1
learn,music,1
learn,no,1
learn,not,1
learn,oh,1
learn,well,1
learned,french,1
learning,to,2
learnt,it,1
learnt,several,1
least,idea,1
least,if,1
least,not,1
least,notice,1
least,one,1
least,theres,1
leastat,least,1
leave,it,1
leave,off,4
leave,out,1
leave,the,3
leaves,and,1
leaves,as,1
leaves,that,2
leaves,which,1
leaving,alice,1
led,into,2
led,right,1
led,the,1
ledge,of,1
left,alive,1
left,alone,1
left,and,1
left,foot,1
left,her,1
left,no,1
left,off,6
left,the,1
left,to,1
lefthand,bit,2
legal,fees,2
legally,required,1
legs,hanging,1
legs,in,1
legs,of,1
length,of,1
less,said,1
less,than,2
less,there,1
lessen,from,1
lesson,to,1
lesson-book,the,1
lesson-books,and,1
lessons,and,1
lessons,in,2
lessons,said,1
lessons,the,2
lessons,thought,1
lessons,to,2
lessons,youd,1
lest,she,1
let,dinah,1
let,him,1
let,me,8
let,the,3
let,this,1
let,us,2
let,you,1
lets,all,1
lets,go,1
lets,hear,1
lets,try,2
letter,after,1
letter,nearly,1
letter,written,1
letters,it,1
lewis,carroll,2
liability,breach,1
liability,costs,1
liability,to,1
liable,to,1
library,of,1
license,and,1
license,apply,1
license,as,1
license,available,1
license,especially,1
license,for,1
license,included,2
license,including,1
license,is,1
license,must,1
license,please,1
license,terms,1
license,the,1
license,when,1
license,you,1
licensed,works,1
licking,her,1
lie,down,2
lieu,of,2
life,and,1
life,before,1
life,indeed,1
life,it,1
life,just,1
life,never,1
life,she,1
life,the,1
life,to,1
life,volunteers,1
life,you,1
lifted,up,1
like,after,1
like,an,2
like,being,1
like,but,1
like,cats,3
like,changing,1
like,ears,1
like,for,1
like,having,1
like,her,1
like,herself,1
like,it,5
like,keeping,1
like,mad,1
like,one,1
like,said,4
like,telescopes,1
like,that,8
like,the,14
like,them,2
like,then,1
like,theyre,1
like,this,1
like,to,10
like,what,1
like,you,2
liked,and,1
liked,is,1
liked,so,1
liked,teaching,1
liked,them,1
liked,with,1
likely,it,1
likely,story,1
likely,to,2
likely,true,1
likes,id,1
limbs,very,1
limitation,of,1
limitation,permitted,1
limitation,set,1
limited,right,2
limited,to,2
limited,warranty,1
line,along,1
line,speak,1
lines,cried,1
linked,into,1
linked,to,1
links,and,1
links,or,1
links,to,1
list,feeling,1
list,of,2
listen,all,1
listen,mary,1
listen,the,2
listen,to,3
listened,or,1
listeners,were,1
listening,so,2
listening,this,1
lit,up,1
literary,archive,13
little,alice,3
little,and,2
little,animal,1
little,animals,1
little,anxiously,1
little,bat,1
little,before,2
little,besides,1
little,bill,3
little,bird,1
little,birds,1
little,bit,2
little,bottle,2
little,boy,1
little,bright-eyed,1
little,busy,1
little,cakes,1
little,cartwheels,1
little,children,1
little,chin,2
little,creature,2
little,crocodile,1
little,dears,1
little,different,1
little,dog,1
little,door,6
little,eyes,1
little,faster,1
little,feeble,1
little,feet,1
little,fishes,1
little,from,1
little,girl,3
little,girls,3
little,glass,2
little,golden,5
little,half,1
little,histories,1
little,hot,1
little,house,3
little,irritated,1
little,juror,1
little,larger,1
little,ledge,1
little,lizard,1
little,magic,1
little,more,1
little,nervous,2
little,now,1
little,of,3
little,passage,1
little,pattering,3
little,pebbles,1
little,puppy,1
little,queer,1
little,quicker,1
little,recovered,1
little,room,1
little,scream,2
little,shaking,1
little,sharp,1
little,she,1
little,shriek,2
little,shrieks,1
little,sister,1
little,sisters,2
little,sistersthey,1
little,snappishly,1
little,startled,2
little,the,1
little,thing,8
little,three-legged,1
little,timidly,3
little,tis,1
little,toss,1
little,use,2
little,voice,1
little,way,3
little,while,1
little,white,1
little,wider,1
little,worried,1
live,about,1
live,at,2
live,flamingoes,1
live,hedgehogs,1
live,in,1
live,ive,1
live,on,1
lived,at,1
lived,much,1
lived,on,1
livery,came,1
livery,otherwise,1
livery,with,1
lives,all,1
lives,there,1
living,at,1
living,would,1
lizard,as,1
lizard,bill,1
lizard,could,1
lizard,in,1
lizard,who,1
lizards,slate-pencil,1
lobster,alice,1
lobster,as,1
lobster,quadrille,5
lobsters,again,1
lobsters,and,2
lobsters,out,1
lobsters,shouted,1
lobsters,to,1
lobsters,you,1
located,also,1
located,at,1
located,before,2
located,in,3
locations,where,1
lock,and,1
locked,and,1
locks,were,1
lodging,houses,1
london,is,1
lonely,and,1
lonely,on,1
long,ago,2
long,and,2
long,argument,1
long,as,5
long,breath,1
long,claws,1
long,curly,1
long,enough,1
long,grass,1
long,hall,1
long,hookah,1
long,low,1
long,passage,1
long,ringlets,1
long,silence,2
long,since,1
long,sleep,1
long,tail,1
long,tale,2
long,that,1
long,time,2
long,to,1
long,way,2
long,words,1
longed,to,2
longer,she,1
longer,than,1
longer,to,1
longitude,either,1
longitude,ive,1
look,about,1
look,alices,1
look,and,1
look,askance,1
look,at,8
look,down,1
look,first,1
look,for,1
look,like,2
look,of,4
look,out,1
look,over,1
look,so,1
look,through,1
look,up,3
look-out,for,1
looked,all,2
looked,along,1
looked,anxiously,3
looked,at,17
looked,back,1
looked,down,5
looked,good-natured,1
looked,into,1
looked,like,1
looked,puzzled,1
looked,round,2
looked,so,2
looked,under,1
looked,up,5
looked,very,2
looking,about,1
looking,across,1
looking,angrily,1
looking,anxiously,3
looking,as,1
looking,at,7
looking,down,2
looking,for,5
looking,hard,1
looking,over,2
looking,round,2
looking,thoughtfully,1
looking,uneasily,1
looking,up,2
looking-glass,there,1
loose,network,1
loose,slateoh,1
lory,alice,1
lory,and,1
lory,as,1
lory,hastily,1
lory,positively,1
lory,who,1
lory,with,1
lose,your,1
losing,her,1
lost,as,1
lost,away,1
lost,something,1
lot,of,1
loud,and,1
loud,as,1
loud,crashnow,1
loud,indignant,1
loud,thinking,1
loud,voice,1
louder,tone,1
loudly,and,1
loudly,at,1
loudly,the,1
love,oh,1
love,that,1
love,tis,1
loveliest,garden,1
lovely,garden,2
loving,heart,1
low,and,1
low,curtain,1
low,hall,1
low,hurried,1
low,timid,1
low,trembling,2
low,voice,4
low,vulgar,1
low,weak,1
low,would,1
low-spirited,in,1
lower,said,1
lowing,of,1
luckily,for,1
luckily,the,1
lullaby,to,1
lying,down,2
lying,fast,1
lying,on,3
lying,round,1
lying,under,1
ma,chatte,1
ma,said,1
maam,is,1
mabel,after,1
mabel,for,1
mabel,ill,2
machine-readable,form,1
machines,in,1
mad,after,1
mad,as,1
mad,but,1
mad,here,1
mad,how,1
mad,people,1
mad,said,1
mad,tea-party,2
mad,things,1
mad,to,1
mad,you,2
mad,youre,1
madat,least,1
made,alice,1
made,another,2
made,believe,1
made,entirely,1
made,from,1
made,he,1
made,her,5
made,it,1
made,no,1
made,of,3
made,out,5
made,some,1
made,the,1
made,up,1
made,you,1
magic,bottle,1
magpie,began,1
main,pg,1
maintaining,tax,1
majesty,he,3
majesty,means,1
majesty,must,1
majesty,said,4
majesty,the,3
make,any,1
make,children,1
make,donations,1
make,herself,1
make,it,1
make,me,4
make,one,3
make,out,7
make,personal,1
make,some,1
make,the,2
make,their,1
make,with,1
make,you,4
makes,me,2
makes,my,1
makes,no,1
makes,people,1
makes,rather,1
makes,the,2
makes,them,3
makes,you,1
making,faces,1
making,her,1
making,personal,1
making,quite,2
making,such,2
mallets,live,1
man,said,1
man,the,1
man,there,1
man,your,2
manage,alice,1
manage,better,1
manage,it,2
manage,on,1
manage,the,1
manage,to,1
managed,it,1
managed,to,2
manager,of,1
managing,her,1
manner,of,1
manner,smiling,1
manners,for,1
many,different,1
many,fees,1
many,footsteps,1
many,hours,1
many,lessons,1
many,little,1
many,miles,1
many,more,1
many,out-of-the-way,1
many,small,1
many,tea-things,1
many,teeth,1
many,voices,1
maps,and,1
march,as,1
march,hare,31
marched,off,1
marchjust,before,1
mark,but,1
mark,on,1
mark,the,1
marked,as,1
marked,in,1
marked,out,1
marked,poison,3
marked,up,1
marked,with,1
marmalade,but,1
mary,ann,4
master,says,1
master,though,1
master,was,1
matter,it,1
matter,much,1
matter,on,1
matter,to,1
matter,which,2
matter,with,1
matter,worse,1
matters,it,1
maximum,disclaimer,1
may,as,1
may,be,5
may,charge,1
may,choose,1
may,contain,1
may,convert,1
may,copy,2
may,demand,1
may,do,1
may,elect,1
may,go,1
may,it,2
may,kiss,1
may,look,1
may,not,2
may,nurse,1
may,obtain,1
may,only,1
may,sit,1
may,stand,1
may,use,1
maybe,the,1
maynt,believe,1
me,alone,1
me,and,1
me,at,2
me,beautifully,1
me,but,2
me,by,1
me,executed,1
me,for,3
me,giddy,1
me,grow,3
me,he,1
me,hear,1
me,help,1
me,ill,1
me,larger,1
me,left,1
me,like,3
me,luckily,1
me,my,1
me,next,1
me,on,1
me,out,2
me,pat,1
me,please,1
me,said,5
me,see,3
me,seehow,1
me,smaller,1
me,that,2
me,thats,1
me,the,2
me,there,2
me,theyre,1
me,think,1
me,thought,1
me,to,3
me,too,1
me,very,1
me,well,1
me,were,1
me,when,1
me,whether,1
me,who,1
me,you,2
me,your,1
meal,and,1
mean,by,1
mean,it,1
mean,purpose,1
mean,said,1
mean,that,1
mean,the,1
mean,what,3
mean,you,1
meaning,and,1
meaning,in,5
meaning,of,2
means,much,1
means,of,3
means,that,1
means,well,1
meanstomakeanythingprettier,well,1
meant,for,1
meant,some,1
meant,the,1
meant,till,1
meant,to,1
meanwhile,been,1
measure,herself,1
meat,while,1
medium,and,1
medium,on,1
medium,with,1
medium,you,1
meekly,im,1
meekly,replied,1
meet,and,1
meet,the,1
meet,william,1
meeting,adjourn,1
melancholy,air,1
melancholy,tone,2
melancholy,voice,1
melancholy,way,1
melancholy,words,1
memorandum,of,1
memory,and,1
mentioned,before,1
mentioned,dinah,1
mentioned,me,1
merchantability,or,1
mercia,and,2
merely,remarking,2
merrily,along,1
messages,for,1
messages,next,1
met,in,2
met,the,1
met,those,1
method,you,1
methods,and,1
mice,and,1
mice,in,1
mice,you,1
middle,alice,1
middle,being,1
middle,nursing,1
middle,of,3
middle,wondering,1
middle-aged,and,1
might,answer,1
might,appear,1
might,as,4
might,be,2
might,belong,1
might,bite,1
might,catch,1
might,do,2
might,end,1
might,find,1
might,happen,1
might,have,1
might,injure,1
might,just,3
might,knock,1
might,like,1
might,not,1
might,tell,1
might,venture,1
might,well,1
might,what,1
mile,high,2
miles,down,1
miles,high,1
miles,ive,1
milk,at,1
milk-jug,into,1
millennium,fulcrum,1
mind,about,1
mind,and,1
mind,as,1
mind,now,1
mind,said,2
mind,she,1
mind,that,1
mind,the,1
mind,what,1
minded,their,1
minding,their,1
mine,before,1
mine,coming,1
mine,doesnt,1
mine,is,1
mine,said,2
mine,the,2
minea,cheshire,1
minute,alice,1
minute,and,1
minute,nurse,1
minute,or,12
minute,she,1
minute,the,1
minute,there,1
minute,to,1
minute,trying,1
minute,while,1
minutes,alice,1
minutes,and,2
minutes,it,2
minutes,she,1
minutes,that,1
minutes,the,2
minutes,to,1
minutes,together,1
mischief,or,1
miserable,hatter,1
miserable,mock,1
miss,alice,1
miss,me,1
miss,this,1
miss,were,1
missed,her,1
missed,their,1
mission,of,4
mississippi,and,1
mistake,about,1
mistake,and,1
mistake,it,1
mixed,flavour,1
mixed,up,1
mock,turtle,54
mock,turtles,3
moderate,but,1
modern,with,1
modification,or,1
modified,and,1
moment,alice,2
moment,and,1
moment,down,1
moment,five,1
moment,he,1
moment,how,1
moment,it,1
moment,lets,1
moment,like,1
moment,my,1
moment,she,5
moment,splash,1
moment,that,2
moment,the,2
moment,then,1
moment,they,1
moment,to,3
moment,when,1
moments,delay,1
moments,pause,1
money,if,1
money,paid,2
montclair,nj,1
month,and,1
month,is,1
moon,and,1
moral,and,1
moral,if,1
moral,of,6
morals,in,1
morcar,the,2
more,about,1
more,and,3
more,at,1
more,boldly,1
more,bread-and-butter,1
more,broken,1
more,calmly,1
more,clearly,1
more,conversation,1
more,energetic,1
more,evidence,1
more,faintly,1
more,happened,1
more,here,1
more,hopeless,1
more,if,1
more,like,1
more,nor,1
more,of,2
more,puzzled,1
more,questions,1
more,she,1
more,simplynever,1
more,sounds,1
more,subdued,1
more,tea,1
more,than,6
more,thank,1
more,the,2
more,there,1
more,they,1
more,till,1
more,to,3
more,whatever,1
more,while,1
more,you,2
moreas,it,1
morning,but,1
morning,ive,1
morning,just,1
morning,said,1
morsel,of,1
most,confusing,1
most,countries,1
most,curious,1
most,extraordinary,1
most,important,1
most,interesting,1
most,of,1
most,other,2
most,people,1
most,project,1
most,recently,1
most,things,1
most,uncommonly,1
mostly,kings,1
mostly,said,1
mournful,tone,1
mournfully,not,1
mouse,alice,1
mouse,come,1
mouse,dear,1
mouse,did,2
mouse,do,1
mouse,doesnt,1
mouse,everything,1
mouse,frowning,1
mouse,gave,1
mouse,getting,1
mouse,had,1
mouse,heard,1
mouse,in,2
mouse,looked,1
mouse,of,1
mouse,only,2
mouse,replied,1
mouse,sharply,1
mouse,she,1
mouse,splashed,1
mouse,that,2
mouse,the,1
mouse,to,3
mouse,turning,1
mouse,was,3
mouse,who,2
mouse,with,1
mouse,you,1
mouse-traps,and,1
mousea,mouseo,1
mouseo,mouse,1
mouses,tail,1
mouth,again,1
mouth,and,4
mouth,but,1
mouth,close,1
mouth,enough,1
mouth,open,1
mouth,with,1
mouths,and,1
mouths,so,2
mouthsand,theyre,1
move,one,1
move,she,1
move,that,1
moved,into,1
moved,off,1
moved,on,2
moved,who,1
moving,about,1
moving,round,1
moving,them,1
much,about,1
much,accustomed,1
much,alas,1
much,already,1
much,as,3
much,at,2
much,care,1
much,confused,1
much,contradicted,1
much,evidence,1
much,farther,1
much,frightened,2
much,from,1
much,ifif,1
much,indeed,1
much,into,1
much,larger,1
much,like,1
much,matter,1
much,more,1
much,of,3
much,out,1
much,overcome,1
much,paperwork,1
much,pepper,1
much,pleasanter,1
much,pleased,1
much,right,1
much,said,4
much,she,1
much,so,1
much,sooner,1
much,surprised,2
much,the,3
much,thought,1
much,to,1
much,to-night,1
much,under,1
much,use,1
much,what,1
muchness,really,1
muchnessdid,you,1
muchnessyou,know,1
muddle,their,1
multiplication,table,1
murder,to,1
murdering,the,1
muscular,strength,1
mushroom,and,3
mushroom,for,1
mushroom,growing,1
mushroom,in,1
mushroom,said,1
mushroom,she,1
music,ah,1
music,and,2
must,appear,1
must,at,1
must,be,20
must,burn,1
must,cease,1
must,comply,2
must,cross-examine,2
must,ever,1
must,go,3
must,have,10
must,include,1
must,know,1
must,make,1
must,manage,1
must,needs,1
must,obtain,1
must,remember,1
must,require,1
must,return,1
must,sugar,1
must,the,1
mustard,both,1
mustard,isnt,1
mustard-mine,near,1
muttered,the,1
muttered,to,1
muttering,over,1
muttering,to,2
my,adventuresbeginning,1
my,arm,1
my,boy,1
my,dear,11
my,dears,1
my,ears,1
my,elbow,1
my,forehead,1
my,fur,1
my,gloves,1
my,going,1
my,hair,1
my,hand,1
my,head,1
my,heads,1
my,history,1
my,jaw,1
my,kitchen,1
my,life,4
my,limbs,1
my,mind,1
my,name,1
my,notion,1
my,own,2
my,plan,1
my,poor,2
my,right,2
my,shoulders,2
my,size,1
my,tail,2
my,tea,2
my,teanot,1
my,throat,1
my,time,1
my,way,1
my,wife,1
my,youth,3
myself,about,1
myself,have,1
myself,im,1
myself,said,1
myself,the,1
myself,to,1
myself,you,1
mystery,ancient,1
mystery,the,1
name,again,1
name,alice,1
name,associated,1
name,child,1
name,however,1
name,is,1
name,like,1
name,of,2
name,signed,1
names,the,1
names,were,1
narrow,escape,1
narrow,to,1
nasty,low,1
natural,but,1
natural,to,1
natural,way,2
near,enough,1
near,her,2
near,here,1
near,our,1
near,the,10
nearer,alice,1
nearer,is,1
nearer,till,1
nearer,to,2
nearly,all,1
nearly,any,1
nearly,as,2
nearly,at,1
nearly,carried,1
nearly,everything,1
nearly,forgotten,2
nearly,getting,1
nearly,in,1
nearly,out,1
nearly,two,1
neat,little,1
neatly,and,1
neatly,spread,1
necessarily,keep,1
neck,as,1
neck,from,1
neck,kept,1
neck,nicely,1
neck,of,1
neck,which,1
neck,would,1
need,are,1
neednt,be,2
neednt,try,1
needs,come,1
negligence,strict,1
neighbour,to,1
neighbouring,poolshe,1
neither,more,1
neither,of,1
nervous,about,2
nervous,manner,1
nervous,or,2
nest,alice,1
network,of,1
never,and,1
never,been,2
never,before,1
never,come,1
never,could,1
never,do,2
never,done,1
never,even,2
never,executes,1
never,forgotten,1
never,get,2
never,go,1
never,had,2
never,happened,1
never,heard,4
never,knew,2
never,learnt,1
never,left,2
never,mind,1
never,once,1
never,one,1
never,said,2
never,saw,1
never,seen,1
never,so,1
never,sure,1
never,tasted,1
never,they,1
never,thought,1
never,to,1
never,understood,1
never,was,2
never,went,1
never-ending,meal,1
nevertheless,she,1
new,computers,1
new,ebooks,2
new,idea,2
new,kind,1
new,pair,1
new,zealand,1
newsletter,to,1
newspapers,at,1
next,and,2
next,as,1
next,came,2
next,day,1
next,first,1
next,if,1
next,itsits,1
next,moment,2
next,peeped,1
next,question,1
next,remark,1
next,that,1
next,the,2
next,thing,2
next,to,2
next,verse,2
next,walking,1
next,when,1
next,witness,5
nibbled,some,1
nibbling,at,2
nibbling,first,1
nice,grand,1
nice,it,1
nice,little,2
nice,muddle,1
nice,soft,1
nicely,by,1
nicely,straightened,1
night,and,1
night,let,1
night,you,1
night-air,doesnt,1
nile,on,1
nine,feet,2
nine,inches,1
nine,oclock,1
nine,the,1
nj,usa,1
no,accounting,1
no,additional,1
no,answers,1
no,arches,1
no,business,2
no,chance,2
no,cost,2
no,denial,1
no,doubt,3
no,harm,1
no,idea,4
no,ill,1
no,indeed,1
no,itll,1
no,ive,1
no,jury,1
no,label,1
no,larger,1
no,longer,1
no,lower,1
no,mark,2
no,meaning,1
no,mice,1
no,mistake,1
no,more,3
no,name,1
no,never,1
no,no,3
no,notice,1
no,notion,1
no,one,6
no,other,1
no,pictures,1
no,please,1
no,pleasing,1
no,prohibition,1
no,reason,1
no,remedies,1
no,representations,1
no,restrictions,2
no,result,1
no,right,1
no,room,4
no,said,3
no,sorrow,1
no,sort,3
no,such,1
no,tears,1
no,the,1
no,there,1
no,theyre,1
no,time,4
no,toys,1
no,use,9
no,very,1
no,wise,1
no,wonder,1
no,youre,1
nobody,asked,1
nobody,attends,1
nobody,in,1
nobody,moved,1
nobody,seems,1
nobody,spoke,1
nobody,which,1
nobody,you,1
nodded,its,1
noise,and,1
noise,going,1
noise,inside,1
noises,would,1
none,of,3
none,why,1
nonproprietary,or,1
nonsense,alice,1
nonsense,im,1
nonsense,said,3
nonsense,the,1
nor,did,1
nor,less,1
normans,how,1
northumbria,declared,1
northumbria,ugh,1
nose,also,1
nose,and,1
nose,as,1
nose,much,1
nose,the,1
nose,trims,1
nose,what,1
nose,you,1
not,ada,1
not,agree,3
not,alice,2
not,allow,2
not,an,1
not,answer,2
not,appear,1
not,as,1
not,at,5
not,attended,1
not,attending,1
not,be,4
not,becoming,1
not,being,1
not,charge,2
not,choosing,1
not,claim,1
not,come,1
not,contain,1
not,copy,1
not,could,5
not,cried,1
not,dare,2
not,do,1
not,easy,1
not,escape,1
not,even,2
not,feel,1
not,feeling,1
not,for,1
not,get,2
not,give,1
not,going,1
not,gone,3
not,got,1
not,growling,1
not,have,1
not,help,2
not,here,1
not,ill,1
not,im,1
not,in,2
not,join,3
not,like,7
not,limited,2
not,located,2
not,long,1
not,look,1
not,looking,1
not,mad,1
not,make,1
not,marked,1
not,met,1
not,much,3
not,myself,1
not,necessarily,1
not,notice,1
not,noticed,1
not,oh,1
not,open,1
not,otherwise,1
not,pale,1
not,particular,1
not,possibly,1
not,protected,5
not,quite,4
not,received,1
not,remember,3
not,said,6
not,see,1
not,seem,1
not,sneeze,1
not,so,2
not,solicit,2
not,stand,1
not,stoop,1
not,swim,2
not,talk,1
not,taste,1
not,tell,1
not,that,2
not,the,6
not,think,2
not,to,5
not,uniform,1
not,unlink,1
not,used,1
not,venture,2
not,void,1
not,we,1
not,wish,1
not,would,3
not,yet,2
note-book,cackled,1
note-book,hastily,1
nothing,being,1
nothing,better,1
nothing,but,4
nothing,can,1
nothing,else,3
nothing,had,1
nothing,more,2
nothing,nobody,1
nothing,of,3
nothing,on,2
nothing,perhaps,1
nothing,said,1
nothing,seems,1
nothing,she,2
nothing,so,1
nothing,this,1
nothing,to,3
nothing,whatever,2
nothing,when,1
nothing,written,1
nothing,yet,1
notice,indicating,1
notice,is,1
notice,of,4
notice,this,2
noticed,alice,1
noticed,before,1
noticed,had,1
noticed,that,3
noticed,with,1
noticing,her,1
notifies,you,1
notion,how,2
notion,was,1
now,about,2
now,and,8
now,at,1
now,chapter,1
now,dears,1
now,dinah,1
now,five,1
now,for,1
now,had,1
now,hastily,1
now,here,1
now,how,1
now,if,2
now,ill,1
now,im,1
now,in,1
now,its,1
now,let,1
now,more,1
now,my,1
now,only,2
now,run,1
now,said,1
now,she,2
now,tell,2
now,that,1
now,thatll,1
now,the,3
now,thought,3
now,we,1
now,what,2
now,which,1
now,you,2
nowbut,im,1
nowdont,choke,1
nowhere,to,2
number,is,1
number,of,6
number,one,1
nurse,but,1
nurse,it,1
nurseand,shes,1
nursing,her,1
nursing,it,1
obliged,to,3
oblong,and,1
obsolete,old,1
obstacle,that,1
obtain,permission,2
occasional,exclamation,1
occasionally,and,1
occurred,to,2
oclock,in,1
oclock,it,1
oclock,now,1
odd,the,1
of,adding,1
of,alice,1
of,alices,1
of,all,3
of,an,1
of,and,1
of,anger,1
of,any,9
of,anyone,2
of,anything,3
of,arithmeticambition,1
of,authority,2
of,axes,1
of,bathing,1
of,beautiful,2
of,beheading,1
of,being,3
of,boots,1
of,bread-and-butter,1
of,breath,2
of,bright,1
of,broken,2
of,canterbury,1
of,cardboard,1
of,cards,3
of,certain,2
of,chance,1
of,change,1
of,changes,1
of,cherry-tart,1
of,circle,1
of,comfits,1
of,compliance,2
of,computers,1
of,contract,1
of,conversation,2
of,course,23
of,coursei,1
of,court,1
of,crawling,1
of,croquet,1
of,cucumber-frames,1
of,damages,2
of,delight,2
of,derivative,1
of,donations,1
of,eating,1
of,educationsin,1
of,electronic,3
of,em,1
of,equipment,1
of,escape,1
of,every,1
of,everything,1
of,evidence,1
of,execution,2
of,executions,1
of,expecting,1
of,exporting,1
of,expressing,1
of,feet,2
of,finding,1
of,footsteps,1
of,fright,1
of,getting,2
of,gloves,1
of,goldfish,1
of,grass,1
of,great,5
of,green,1
of,half,2
of,hands,1
of,having,2
of,hearts,7
of,her,17
of,hers,2
of,herself,1
of,him,1
of,his,7
of,history,1
of,hjckrrh,1
of,hundreds,1
of,idea,1
of,increasing,1
of,interrupting,1
of,it,18
of,its,8
of,justice,1
of,keeping,1
of,killing,1
of,knot,1
of,lamps,1
of,late,1
of,laughter,1
of,life,3
of,little,6
of,living,1
of,lodging,1
of,long,1
of,lullaby,1
of,lying,1
of,making,1
of,many,1
of,march,1
of,me,3
of,meaning,3
of,merchantability,1
of,mercia,2
of,milk,1
of,mind,1
of,mine,2
of,minea,1
of,mississippi,1
of,mixed,1
of,more,2
of,mushroom,2
of,my,2
of,nearly,1
of,neck,1
of,no,1
of,nothing,2
of,nursing,1
of,obtaining,1
of,of,1
of,one,3
of,onions,1
of,or,2
of,other,1
of,paragraphs,1
of,parchment,1
of,paris,1
of,people,1
of,pepper,1
of,play,1
of,present,1
of,pretending,1
of,project,8
of,promoting,2
of,public,1
of,putting,1
of,receipt,2
of,receiving,1
of,repeating,1
of,replacement,3
of,rock,1
of,rome,1
of,room,1
of,rudeness,1
of,rule,1
of,rules,1
of,saucepans,1
of,saying,1
of,serpent,1
of,settling,1
of,short,1
of,showing,1
of,sight,7
of,singers,1
of,sitting,1
of,sleep,1
of,smoke,1
of,sob,1
of,solid,1
of,soup,2
of,speaking,1
of,stick,1
of,sticks,1
of,such,2
of,swimming,1
of,taking,1
of,tarts,1
of,tea,1
of,tears,6
of,terror,1
of,that,8
of,the,164
of,their,2
of,them,16
of,themand,1
of,themselves,1
of,there,1
of,these,1
of,thing,2
of,things,3
of,thingseverything,1
of,thingsi,1
of,this,28
of,thought,1
of,thunder,1
of,time,1
of,tiny,1
of,trees,1
of,trials,1
of,trouble,1
of,tumbling,1
of,uglification,1
of,uglifying,1
of,use,3
of,verses,1
of,very,2
of,voices,1
of,voiceshold,1
of,volunteer,1
of,volunteers,1
of,warranty,1
of,way,2
of,what,5
of,which,2
of,white,2
of,wonderland,1
of,works,1
of,you,5
of,your,5
of,yours,1
of,yourself,2
off,after,2
off,alice,1
off,all,1
off,and,5
off,as,1
off,at,3
off,being,1
off,for,1
off,from,2
off,give,1
off,her,3
off,if,1
off,in,1
off,into,1
off,leaving,1
off,like,1
off,nonsense,1
off,oh,1
off,or,1
off,outside,1
off,panting,1
off,quarrelling,1
off,quite,1
off,said,1
off,shouted,1
off,sneezing,1
off,staring,1
off,than,1
off,that,1
off,the,7
off,then,1
off,thinking,1
off,this,1
off,to,3
off,together,2
off,what,1
off,when,1
off,with,10
off,without,1
off,writing,1
off,you,1
off,your,1
offend,the,1
offended,again,1
offended,it,1
offended,tone,5
offended,we,1
offended,you,1
offended,youll,1
offer,him,1
offer,it,1
offers,to,1
office,is,1
officer,could,1
officers,but,1
officers,of,3
official,page,1
official,project,1
official,version,1
often,created,1
often,of,1
often,read,1
often,seen,2
often,you,1
oh,as,1
oh,dear,5
oh,do,1
oh,dont,2
oh,ever,1
oh,how,1
oh,hush,1
oh,im,1
oh,ive,1
oh,my,6
oh,please,1
oh,she,1
oh,so,1
oh,such,1
oh,the,1
oh,there,1
oh,theres,1
oh,wont,1
oh,you,3
oh,youre,1
ointmentone,shilling,1
old,conger-eel,1
old,crab,2
old,editions,1
old,father,3
old,fellow,4
old,fury,1
old,it,1
old,magpie,1
old,middle-aged,1
old,said,3
old,thing,1
old,turtlewe,1
old,womanbut,1
older,than,2
oldest,rule,1
on,again,3
on,alice,2
on,all,1
on,and,6
on,as,2
on,at,1
on,being,1
on,better,1
on,between,1
on,both,2
on,but,1
on,cried,1
on,crying,1
on,different,1
on,each,2
on,eagerly,2
on,every,1
on,everybody,1
on,for,2
on,found,1
on,going,1
on,good,1
on,growing,2
on,half,1
on,he,1
on,hearing,1
on,her,6
on,here,1
on,his,5
on,if,1
on,im,1
on,in,6
on,it,9
on,its,2
on,just,1
on,like,1
on,likely,1
on,looking,1
on,messages,1
on,muttering,1
on,my,1
on,now,1
on,old,1
on,one,5
on,or,2
on,others,1
on,planning,1
on,puzzling,1
on,rather,1
on,said,2
on,saying,1
on,second,1
on,shrinking,1
on,slates,1
on,so,2
on,spreading,1
on,such,1
on,taking,1
on,talking,1
on,that,2
on,the,37
on,their,8
on,then,3
on,they,1
on,this,2
on,three,1
on,till,1
on,tiptoe,1
on,to,3
on,transcribe,1
on,treacle,1
on,turning,1
on,various,1
on,very,1
on,we,1
on,what,3
on,whats,1
on,where,1
on,which,6
on,who,1
on,with,4
on,withina,1
on,without,2
on,would,1
on,yawning,1
on,you,3
on,your,2
once,again,1
once,and,3
once,but,1
once,considering,1
once,crowded,1
once,give,1
once,however,1
once,in,4
once,more,2
once,one,1
once,or,3
once,said,1
once,set,1
once,she,2
once,tasted,1
once,the,1
once,to,1
once,took,1
once,upon,1
once,while,1
once,with,1
once,without,1
one,a-piece,1
one,about,1
one,alice,2
one,and,1
one,arm,1
one,as,1
one,bills,1
one,but,2
one,cant,1
one,corner,1
one,could,1
one,crazy,1
one,doesnt,1
one,eats,1
one,elbow,1
one,else,1
one,end,2
one,eye,3
one,finger,4
one,flapper,1
one,foot,3
one,for,2
one,hand,3
one,in,1
one,indeed,1
one,knee,2
one,left,1
one,listening,1
one,minute,1
one,of,22
one,old,1
one,on,1
one,one,1
one,only,1
one,or,1
one,owns,1
one,paw,1
one,place,1
one,quite,1
one,repeat,1
one,respectable,1
one,said,3
one,sharp,1
one,side,5
one,so,1
one,that,1
one,the,1
one,there,1
one,they,2
one,time,1
one,to,1
one,two,1
one,wasnt,1
one,way,2
one,waynever,1
one,who,2
one,with,1
one,would,1
onebut,im,1
ones,choked,1
ones,own,1
oneself,speakand,1
onethe,old,1
onions,seven,1
online,at,3
online,payments,1
only,alice,1
only,answered,1
only,as,1
only,be,1
only,been,1
only,bowed,1
only,by,1
only,changing,1
only,difficulty,2
only,does,1
only,grinned,2
only,growled,1
only,have,1
only,hear,1
only,it,1
only,kept,1
only,knew,2
only,look,1
only,makes,1
only,mustard,1
only,of,2
only,one,3
only,rustling,1
only,say,1
only,see,1
only,she,1
only,shook,1
only,sobbing,1
only,ten,1
only,the,1
only,things,1
only,too,1
only,took,1
only,walk,1
only,wish,3
only,yesterday,1
only,you,1
open,air,1
open,any,1
open,gazing,1
open,her,1
open,it,1
open,place,1
open,them,1
opened,and,1
opened,by,1
opened,his,2
opened,inwards,1
opened,it,2
opened,the,2
opened,their,1
opening,for,1
opening,its,1
opening,out,1
opinion,said,1
opportunities,to,1
opportunity,for,4
opportunity,of,4
opportunity,to,1
opposite,to,1
or,access,1
or,additions,1
or,any,7
or,appearing,1
or,are,1
or,associated,1
or,at,2
or,australia,1
or,breach,1
or,by,1
or,cannot,1
or,cause,1
or,charges,1
or,computer,1
or,conversations,2
or,corrupt,1
or,courtiers,1
or,creating,2
or,damaged,1
or,deletions,1
or,destroy,2
or,detach,1
or,determine,1
or,distribute,2
or,distributed,1
or,distributing,3
or,dogs,1
or,drink,3
or,else,1
or,employee,1
or,entity,3
or,expense,1
or,federal,1
or,fig,1
or,fitness,1
or,furrow,1
or,group,1
or,grunted,1
or,heard,1
or,hippopotamus,1
or,hypertext,1
or,ill,4
or,immediate,1
or,implied,1
or,incidental,1
or,indirectly,1
or,is,1
or,judge,1
or,kettle,1
or,later,1
or,limitation,3
or,longitude,2
or,might,1
or,more,1
or,next,1
or,not,4
or,obtain,1
or,of,1
or,off,2
or,online,3
or,other,6
or,perhaps,1
or,pglaf,1
or,proprietary,1
or,providing,2
or,re-use,2
or,redistribute,1
or,refund,3
or,remove,1
or,seemed,1
or,she,2
or,small,1
or,so,2
or,soand,1
or,soldiers,1
or,something,1
or,the,2
or,they,1
or,three,3
or,twice,3
or,two,13
or,unenforceability,1
or,use,1
or,using,1
or,with,1
or,would,1
or,you,1
or,youll,1
or,your,1
orange,marmalade,1
order,continued,1
order,of,1
order,one,1
ordered,about,2
ordered,and,1
ordered,they,1
ordering,off,1
ordering,people,1
organized,under,1
original,plain,1
originator,of,1
ornamented,all,1
ornamented,with,1
other,and,2
other,arm,1
other,as,1
other,birds,1
other,bit,1
other,but,1
other,children,1
other,copies,1
other,curious,1
other,dish,1
other,end,1
other,for,1
other,form,1
other,format,1
other,guests,1
other,guinea-pig,1
other,he,1
other,however,1
other,immediate,1
other,in,1
other,information,1
other,intellectual,1
other,ladderwhy,1
other,little,1
other,looking,1
other,medium,1
other,parts,3
other,party,1
other,paw,1
other,players,1
other,project,1
other,queer,1
other,saying,1
other,side,6
other,subject,1
other,terms,1
other,than,2
other,the,2
other,trying,1
other,two,1
other,unpleasant,1
other,warranties,1
other,was,1
other,ways,1
other,work,2
otherbill,fetch,1
others,all,1
others,are,1
others,looked,1
others,that,1
others,took,1
others,we,1
others,youd,1
otherwise,judging,1
otherwise,than,2
ought,and,1
ought,not,1
ought,to,12
our,best,1
our,breath,1
our,cat,2
our,dinah,1
our,email,1
our,family,1
our,heads,1
our,house,1
our,new,1
our,small,1
our,website,1
ours,they,1
ourselves,and,1
out,again,5
out,altogether,1
out,among,1
out,and,2
out,as,1
out,at,3
out,behead,1
out,but,1
out,exactly,1
out,first,1
out,for,1
out,from,1
out,her,2
out,here,2
out,hes,1
out,his,1
out,in,2
out,into,1
out,its,2
out,laughing,1
out,like,1
out,loud,2
out,now,1
out,of,37
out,one,1
out,only,1
out,silence,2
out,sit,1
out,straight,1
out,that,5
out,the,7
out,to,6
out,under,1
out,we,1
out,what,3
out,when,1
out,which,1
out,who,2
out,with,2
out,you,1
out,youd,1
out-of-the-way,down,1
out-of-the-way,things,2
outdated,equipment,1
outside,and,1
outside,he,1
outside,the,4
over,afterwards,1
over,alice,2
over,all,2
over,and,4
over,at,2
over,crumbs,1
over,heels,1
over,her,1
over,here,1
over,his,2
over,however,1
over,its,1
over,me,1
over,other,1
over,the,7
over,their,3
over,thought,1
over,to,3
over,with,3
over,yes,1
overcome,to,1
overhead,before,1
owed,to,1
owl,and,1
owl,as,1
owl,had,1
own,business,2
own,child-life,1
own,children,1
own,courage,1
own,ears,1
own,feet,1
own,im,1
own,mind,1
own,tears,1
owner,and,1
owner,any,1
owner,of,2
pace,said,1
pack,of,3
pack,rose,1
pack,she,1
page,at,2
pages,for,1
paid,by,1
paid,for,2
paid,the,1
paid,within,1
paint,over,1
painting,them,1
painting,those,1
pair,of,5
pairs,of,1
pale,and,2
pale,beloved,1
pale,with,1
panted,as,1
panther,received,1
panther,took,1
panther,were,1
panting,and,1
panting,with,1
paper,as,1
paper,edition,1
paper,has,1
paper,if,1
paper,label,1
paperwork,and,1
paragraph,to,1
parchment,in,1
parchment,scroll,1
pardon,cried,2
pardon,said,2
pardon,she,1
pardon,your,1
pardoned,come,1
paris,and,1
paris,is,1
part,about,1
part,of,4
part,well,1
particular,as,1
particular,at,1
particular,paper,1
particular,shed,1
particular,state,1
particularhere,bill,1
particularly,important,1
partner,cried,1
partners,change,1
parts,of,3
party,at,1
party,distributing,1
party,look,1
party,sat,1
party,some,1
party,swam,1
party,that,1
party,went,1
party,were,1
pass,away,1
passage,and,2
passage,into,1
passage,not,1
passed,by,2
passed,it,1
passed,on,1
passed,too,1
passing,at,1
passion,alice,1
passion,and,1
passion,she,1
passionate,voice,1
past,it,1
pat,whats,1
pat,where,1
patience,of,1
patiently,once,1
patiently,until,1
patriotic,archbishop,1
patted,on,1
pattering,of,3
pattern,on,1
pause,the,2
paused,as,1
paw,lives,1
paw,round,1
paw,trying,1
paws,and,2
paws,in,1
paws,oh,1
paying,any,1
paying,copyright,1
paying,royalties,1
payments,and,1
payments,must,1
payments,should,1
pebbles,came,1
pebbles,were,1
peeped,into,1
peeped,out,1
peeped,over,1
peeping,anxiously,1
peering,about,1
pegs,she,1
pence,take,1
pencil,that,1
pencils,had,1
pennyworth,only,1
people,about,1
people,alice,1
people,began,1
people,but,1
people,had,1
people,here,1
people,hot-tempered,1
people,in,1
people,knew,1
people,live,1
people,near,1
people,start,1
people,that,1
people,up,1
people,who,1
people,why,1
pepper,chapter,1
pepper,for,1
pepper,in,2
pepper,mostly,1
pepper,that,2
pepper,when,1
pepper-box,in,1
perfectly,idiotic,1
perfectly,quiet,1
perfectly,round,1
perfectly,sure,1
perform,distribute,1
performances,and,1
performed,viewed,1
performing,copying,1
performing,displaying,1
performing,distributing,1
perhaps,after,1
perhaps,as,1
perhaps,even,1
perhaps,he,1
perhaps,it,4
perhaps,ive,1
perhaps,not,2
perhaps,said,1
perhaps,they,1
perhaps,you,2
perhaps,your,1
periodic,tax,1
permanent,future,1
permission,and,1
permission,for,1
permission,in,1
permission,of,3
permitted,by,2
permitted,to,1
persisted,how,1
persisted,the,1
person,ill,1
person,of,1
person,or,3
person,soon,1
person,then,1
person,you,1
personal,remarks,2
persons,more,1
pet,dinahs,1
pg,search,1
pglaf,owns,1
phrase,project,4
physical,medium,2
picked,her,1
picked,up,2
picking,the,1
picking,them,1
picture,up,1
pictured,to,1
pictures,hung,1
pictures,of,1
pictures,or,2
pie,later,1
pie,was,1
pie-crust,and,1
piece,of,4
piece,out,1
pieces,against,1
pieces,of,1
pieces,please,1
pig,alice,1
pig,and,3
pig,my,1
pig,or,1
pig,replied,1
pig,she,1
pig-baby,was,1
pigeon,but,3
pigeon,had,2
pigeon,im,1
pigeon,in,2
pigeon,raising,1
pigeon,the,1
pigeon,went,1
pigs,and,1
pigs,have,1
pinch,him,1
pinch,it,1
pinched,by,1
pinched,it,1
pine-apple,roast,1
pink,eyes,1
piteous,tone,1
pitied,him,1
pity,it,1
pity,the,1
place,and,1
place,around,1
place,for,1
place,of,2
place,on,1
place,where,2
place,with,1
placed,along,1
places,shouted,1
placesall,he,1
plain,vanilla,2
plainly,through,1
plan,done,1
plan,exclaimed,1
plan,it,1
plan,no,1
planning,to,1
plate,alice,1
plate,came,1
plate,with,1
plates,and,2
play,at,1
play,croquet,5
play,with,2
played,at,1
players,all,1
players,and,1
players,except,1
players,to,1
playing,against,1
playing,the,1
plaza,montclair,1
pleaded,alice,1
pleaded,poor,2
pleasant,temper,1
pleasanter,at,1
please,check,1
please,come,1
please,do,2
please,go,1
please,if,1
please,maam,1
please,mind,1
please,read,1
please,sir,1
please,then,1
please,visit,1
please,we,1
please,which,1
please,william,1
please,would,1
please,your,6
pleased,and,1
pleased,at,1
pleased,now,1
pleased,so,1
pleased,to,2
pleased,tone,1
pleases,chorus,1
pleasing,them,1
pleasure,in,1
pleasure,of,1
plenty,of,2
pocket,and,2
pocket,he,1
pocket,the,1
pocket,till,1
pointed,to,1
pointing,to,3
pointing,with,1
poison,it,1
poison,or,1
poison,so,1
poker,will,1
poky,little,1
politely,as,1
politely,but,1
politely,did,1
politely,feeling,1
politely,for,1
politely,if,1
pool,all,1
pool,and,2
pool,as,1
pool,of,3
pool,rippling,1
pool,was,1
poolshe,could,1
poor,alice,11
poor,animals,1
poor,child,1
poor,hands,1
poor,little,9
poor,man,3
poor,speaker,1
pop,down,1
pope,was,1
porpoise,close,1
porpoise,dont,1
porpoise,keep,1
porpoise,wouldnt,1
position,in,2
positively,refused,1
possessed,in,1
possession,if,1
possibility,of,1
possible,it,1
possibly,hear,1
possibly,make,1
possibly,reach,1
posted,on,1
posted,with,3
pounds,he,1
pour,the,1
powdered,hair,1
practically,anything,1
practice,to,1
pray,dont,1
pray,how,1
pray,what,1
precious,nose,1
prepare,or,1
prepare,your,1
present,of,1
present,thought,1
presentat,least,1
presented,the,1
presently,she,1
presently,the,1
presents,like,1
presents,to,1
preserve,free,1
pressed,hard,1
pressed,so,1
pressed,upon,1
pressing,against,1
pretend,to,1
pretending,to,1
pretexts,they,1
pretty,dance,1
prevent,its,1
prevent,you,1
previous,onethe,1
print,editions,1
printed,and,1
printed,editions,1
printed,on,1
prison,the,1
prisoner,toto,1
prisoners,handwriting,1
prize,herself,1
prizes,alice,1
prizes,but,1
prizes,prizes,1
prizes,quite,1
prizes,there,1
proceed,edwin,1
proceed,said,1
processing,or,1
procession,came,2
procession,moved,1
procession,thought,1
procession,wondering,1
processions,and,1
produce,our,1
produced,and,1
produced,another,1
producing,from,1
production,promotion,1
professor,michael,1
profits,you,1
prohibition,against,1
project,gutenberg,87
project,gutenbergs,1
prominently,displaying,1
prominently,whenever,1
promise,treacle,1
promised,to,1
promising,certainly,1
promoting,free,1
promoting,the,1
promotion,and,1
pronounced,it,1
proofread,works,1
proper,placesall,1
proper,way,2
property,infringement,1
property,trademarkcopyright,1
proposal,then,1
proprietary,form,1
prosecute,youcome,1
protect,the,2
protected,by,5
protection,you,1
proud,as,1
proud,of,1
proved,it,1
proves,his,1
proves,nothing,1
provide,access,1
provide,in,1
provide,volunteers,1
provided,in,1
provided,that,1
provided,to,1
provided,you,1
providing,access,2
providing,copies,1
providing,it,1
provision,of,1
provoking,to,1
public,domain,2
public,support,1
puffed,away,1
pulled,out,1
pulling,me,1
pun,the,1
punching,him,1
punished,for,1
punitive,or,1
puppy,began,1
puppy,it,1
puppy,jumped,1
puppy,made,1
puppy,was,1
puppy,whereupon,1
puppys,bark,1
purpose,said,1
purpose,such,1
purring,not,1
purring,so,1
push,the,1
puss,she,1
put,back,1
put,down,3
put,em,1
put,everything,1
put,her,1
put,his,2
put,it,6
put,more,1
put,my,1
put,on,5
put,one,1
put,out,1
put,the,3
put,their,1
put,them,1
putting,down,1
putting,their,1
putting,things,1
puzzle,and,1
puzzled,but,1
puzzled,by,1
puzzled,does,1
puzzled,expression,1
puzzled,he,1
puzzled,her,3
puzzled,the,1
puzzling,about,1
puzzling,all,1
puzzling,it,1
puzzling,question,1
quadrille,chapter,1
quadrille,is,1
quadrille,that,1
quadrille,the,2
quarrel,so,1
quarrelled,last,1
quarrelling,all,1
quarrelling,with,1
queen,added,1
queen,an,1
queen,and,7
queen,but,1
queen,can,1
queen,first,1
queen,furiously,1
queen,had,3
queen,in,3
queen,it,1
queen,jumped,1
queen,left,1
queen,merely,1
queen,never,2
queen,of,4
queen,ordering,1
queen,pointing,1
queen,put,1
queen,really,1
queen,said,5
queen,say,1
queen,sentence,1
queen,shouted,1
queen,shrieked,1
queen,smiled,1
queen,so,1
queen,stamping,1
queen,the,2
queen,their,1
queen,till,1
queen,to,1
queen,to-day,1
queen,tossing,1
queen,turned,2
queen,turning,1
queen,was,4
queen,well,1
queen,who,4
queen,will,1
queen,you,1
queens,absence,1
queens,and,1
queens,argument,1
queens,croquet-ground,2
queens,ears,1
queens,hedgehog,1
queens,shrill,1
queens,voice,1
queer,everything,1
queer,indeed,1
queer,it,1
queer,little,1
queer,noises,1
queer,thing,1
queer,things,1
queer,to,1
queer,to-day,1
queer,wont,1
queer-looking,party,1
queer-shaped,little,1
queerest,thing,1
question,added,1
question,and,2
question,but,1
question,certainly,1
question,however,1
question,is,3
question,it,1
question,of,1
question,said,1
question,the,1
question,was,1
question,what,1
question,why,1
question,you,1
questions,about,1
questions,and,1
questions,of,1
questionshow,am,1
quick,about,1
quick,now,1
quicker,what,1
quickly,as,1
quickly,that,1
quiet,thing,1
quiet,till,1
quietly,and,1
quietly,into,1
quietly,marched,1
quietly,said,1
quietly,smoking,1
quite,absurd,1
quite,agree,1
quite,as,3
quite,away,1
quite,crowded,1
quite,dry,1
quite,dull,1
quite,enoughi,1
quite,faint,1
quite,finished,1
quite,follow,1
quite,forgetting,3
quite,forgot,2
quite,forgotten,1
quite,giddy,1
quite,hungry,1
quite,impossible,1
quite,jumped,1
quite,know,1
quite,like,1
quite,makes,1
quite,natural,2
quite,out,2
quite,pale,1
quite,plainly,1
quite,pleased,2
quite,relieved,1
quite,right,1
quite,silent,2
quite,slowly,1
quite,so,1
quite,strange,1
quite,sure,1
quite,surprised,1
quite,tired,2
quite,unable,1
quite,understand,1
quite,unhappy,1
quiver,all,1
rabbit,actually,1
rabbit,and,2
rabbit,angrily,1
rabbit,as,1
rabbit,asked,1
rabbit,began,1
rabbit,blew,2
rabbit,but,1
rabbit,came,2
rabbit,coming,1
rabbit,cried,1
rabbit,engraved,1
rabbit,hastily,1
rabbit,hurried,1
rabbit,in,2
rabbit,interrupted,1
rabbit,it,1
rabbit,jumping,1
rabbit,just,1
rabbit,noticed,1
rabbit,put,1
rabbit,read,2
rabbit,returning,1
rabbit,say,2
rabbit,sends,2
rabbit,she,1
rabbit,started,1
rabbit,trotting,1
rabbit,was,2
rabbit,whispered,1
rabbit,who,2
rabbit,with,3
rabbit-hole,alice,1
rabbit-hole,chapter,1
rabbit-hole,under,1
rabbit-hole,went,1
rabbit-holeand,yetand,1
rabbits,little,1
rabbits,voice,2
rabbitspat,pat,1
race,is,1
race,was,1
race-course,in,1
railway,she,1
railway,station,1
raised,herself,1
raised,himself,1
raising,its,1
ran,across,1
ran,as,1
ran,away,1
ran,but,1
ran,close,1
ran,how,1
ran,off,3
ran,out,1
ran,round,1
ran,the,1
ran,till,1
ran,to,1
ran,wildly,1
ran,with,1
rapidly,she,1
rapidly,so,1
rapped,loudly,1
rat-hole,she,1
rate,go,1
rate,he,1
rate,however,1
rate,ill,1
rate,it,1
rate,said,1
rate,the,1
rate,theres,1
rather,alarmed,1
rather,anxiously,1
rather,better,1
rather,crossly,1
rather,curious,1
rather,doubtful,1
rather,doubtfully,1
rather,finish,1
rather,glad,1
rather,impatiently,1
rather,inquisitively,1
rather,late,1
rather,not,2
rather,offended,1
rather,proud,1
rather,sharply,1
rather,shyly,1
rather,sleepy,1
rather,timidly,2
rather,unwillingly,1
rats,andoh,1
rattle,of,1
rattling,in,1
rattling,teacups,1
raven,like,1
ravens,and,1
raving,mad,1
raving,madat,1
raw,well,1
re-use,it,2
reach,at,1
reach,half,1
reach,it,1
reach,the,1
reaching,half,1
reaching,project,1
read,about,1
read,as,1
read,by,1
read,fairy-tales,1
read,in,1
read,out,2
read,several,1
read,that,1
read,the,1
read,them,1
read,they,1
read,this,1
read,understand,1
readable,by,1
readily,but,1
reading,about,1
reading,but,1
reading,or,1
reading,the,1
ready,for,1
ready,this,1
ready,to,6
real,mary,1
real,nose,1
real,turtle,1
realitythe,grass,1
really,clever,1
really,dreadful,1
really,good,1
really,have,1
really,im,1
really,impossible,1
really,must,1
really,my,1
really,now,1
really,offended,1
really,said,1
really,this,1
really,you,1
rearing,itself,1
reason,and,2
reason,is,3
reason,of,1
reason,so,1
reason,theyre,1
reason,to,1
reasonable,fee,1
reasonable,pace,1
reasons,first,1
receipt,of,1
receipt,that,1
receive,the,1
received,from,1
received,knife,1
received,the,3
received,written,1
receiving,it,1
recently,updated,1
recognised,the,1
recovered,from,1
recovered,his,1
red,alice,1
red,rose-tree,1
red-hot,poker,1
redistribute,this,1
redistributing,or,1
redistributing,project,1
redistribution,is,1
redistribution,start,1
reduced,the,1
reedsthe,rattling,1
reeling,and,1
references,to,2
refreshments,but,1
refund,described,1
refund,from,1
refund,if,2
refund,in,1
refund,of,3
refund,set,1
refused,to,1
registered,trademark,2
regular,course,1
regular,rule,1
regulating,charities,1
release,date,1
relief,call,1
relief,now,1
relieved,to,1
remain,freely,1
remain,where,1
remained,looking,1
remained,some,1
remained,the,1
remaining,behind,1
remaining,provisions,1
remark,and,1
remark,it,1
remark,its,1
remark,myself,1
remark,of,1
remark,seemed,1
remark,that,1
remark,then,1
remark,tut,1
remark,with,1
remarkable,in,1
remarkable,sensation,1
remarked,because,1
remarked,dont,1
remarked,if,1
remarked,it,1
remarked,oh,1
remarked,right,1
remarked,the,1
remarked,there,1
remarked,theyd,1
remarked,till,1
remarking,as,1
remarking,that,1
remarks,alice,1
remarks,and,1
remarks,now,1
remedies,for,1
remedies,speak,1
remember,about,1
remember,ever,2
remember,feeling,1
remember,half,1
remember,her,1
remember,it,1
remember,remarked,1
remember,said,1
remember,the,1
remember,them,1
remember,things,1
remember,what,1
remember,where,1
remembered,having,1
remembered,how,1
remembered,that,1
remembered,the,1
remembered,trying,1
remembering,her,1
reminding,her,1
remove,the,1
removed,all,1
removed,of,1
removed,said,1
removed,the,1
renamed,creating,1
repeat,it,3
repeat,lessons,1
repeat,something,1
repeat,tis,1
repeat,you,1
repeated,aloud,1
repeated,angrily,1
repeated,her,1
repeated,impatiently,1
repeated,in,2
repeated,the,1
repeated,their,1
repeated,thoughtfully,1
repeated,with,1
repeating,all,1
repeating,his,1
repeating,you,1
replace,the,1
replacement,copy,2
replacement,or,3
replied,alice,1
replied,and,1
replied,at,1
replied,but,1
replied,counting,1
replied,eagerly,1
replied,here,1
replied,in,4
replied,not,1
replied,of,1
replied,only,1
replied,rather,3
replied,so,1
replied,there,1
replied,thoughtfully,1
replied,to,1
replied,too,1
replied,very,4
replied,we,1
replied,whats,1
replied,yes,1
reply,for,1
reply,idiot,1
reply,it,1
reply,please,1
reply,thats,1
reported,to,1
reports,performances,1
representations,concerning,1
request,of,1
require,such,1
required,to,1
requirements,are,1
requirements,of,1
requirements,we,2
research,on,1
research,project,1
resource,she,1
respect,cheshire,1
respectable,person,1
respectful,tone,1
rest,between,1
rest,her,1
rest,herself,1
rest,of,5
rest,waited,1
rest,were,1
resting,in,1
resting,their,1
restrictions,whatsoever,2
result,seemed,1
retire,in,1
return,or,2
return,the,1
returned,from,2
returning,splendidly,1
returns,royalty,1
revenue,service,1
rich,and,1
riddle,yet,1
riddles,that,1
riddlesi,believe,1
ridge,or,1
ridges,and,1
ridiculous,fashion,1
right,as,1
right,distancebut,1
right,ear,1
right,five,1
right,foot,1
right,height,1
right,house,1
right,im,1
right,in,1
right,into,2
right,not,1
right,of,3
right,paw,1
right,said,3
right,shouted,1
right,size,5
right,so,1
right,thing,1
right,through,1
right,to,3
right,way,2
right,word,1
right,words,1
right-hand,bit,1
righthand,bit,1
rightly,too,1
ring,and,1
ring,with,1
ringlets,and,1
ringlets,at,1
riper,years,1
rippling,to,1
rise,like,1
rises,and,1
rising,to,1
roared,the,1
roast,turkey,1
rock,and,1
rome,and,1
romeno,thats,1
roof,bearmind,1
roof,of,2
roof,off,1
roof,there,1
roof,was,1
room,again,1
room,at,1
room,for,3
room,no,1
room,said,1
room,the,1
room,they,1
room,to,2
room,when,1
room,with,1
roots,of,1
ropewill,the,1
rose,up,1
rose-tree,and,1
rose-tree,for,1
rose-tree,she,1
rose-tree,stood,1
roses,five,1
roses,growing,1
roses,off,1
roughly,to,1
round,alice,1
round,also,1
round,and,4
round,as,1
round,but,1
round,eager,1
round,eyes,1
round,face,1
round,goes,1
round,her,5
round,if,1
round,ill,1
round,it,4
round,lives,1
round,on,1
round,she,2
round,somebody,1
round,the,8
round,to,2
round,your,1
row,of,2
royal,children,2
royalties,for,1
royalties,special,1
royalties,under,1
royalty,fee,1
royalty,payments,2
rubbed,its,1
rubbing,his,1
rubbing,its,1
rude,so,1
rude,the,1
rudeness,was,1
rule,and,1
rule,at,1
rule,forty-two,1
rule,in,1
rule,you,1
rules,for,1
rules,in,1
rules,set,1
rules,their,1
rumbling,of,1
run,back,1
run,home,1
run,in,1
run,over,1
running,about,1
running,down,1
running,half,1
running,in,1
running,on,1
running,out,1
running,when,1
rush,at,2
rushed,at,1
rustled,at,1
rustling,in,1
sad,and,2
sad,tale,1
sadly,and,1
sadly,do,1
sadly,down,1
sadly,hand,1
sadly,will,1
safe,in,1
safe,to,1
sage,as,1
said,advance,1
said,after,1
said,alice,115
said,aliceand,1
said,aloud,1
said,and,5
said,anxiously,1
said,as,2
said,at,1
said,but,1
said,by,1
said,consider,1
said,cunning,1
said,everybody,1
said,fifteenth,1
said,five,3
said,for,2
said,get,1
said,gravely,1
said,he,1
said,her,1
said,his,2
said,im,1
said,in,8
said,it,3
said,just,1
said,no,2
said,nothing,6
said,on,1
said,one,1
said,pig,1
said,poor,1
said,right,1
said,seven,1
said,severely,1
said,so,2
said,than,1
said,that,1
said,thats,2
said,the,210
said,theres,1
said,these,1
said,this,6
said,to,39
said,tossing,1
said,turning,3
said,two,1
said,very,4
said,was,1
said,waving,1
said,what,2
said,which,1
said,with,3
said,without,2
salmon,and,1
salt,water,2
same,age,1
same,as,3
same,format,1
same,height,1
same,little,1
same,order,1
same,shedding,1
same,side,1
same,size,2
same,solemn,1
same,the,1
same,thing,7
same,tone,1
same,when,1
same,words,1
same,year,1
sand,with,1
sands,are,1
sang,the,1
sang,this,1
sat,down,9
sat,for,1
sat,on,1
sat,silent,2
sat,still,2
sat,up,1
sat,upon,1
saucepan,flew,1
saucepans,plates,1
saucer,of,1
savage,exclaimed,1
savage,if,1
savage,queen,1
savage,when,1
save,her,1
saw,alice,2
saw,her,1
saw,how,1
saw,in,2
saw,maps,1
saw,mine,1
saw,one,2
saw,that,1
saw,the,2
saw,them,1
say,added,2
say,again,1
say,anything,2
say,as,1
say,but,1
say,creatures,1
say,drink,1
say,how,2
say,if,1
say,in,1
say,it,4
say,look,1
say,one,1
say,only,1
say,pig,1
say,presently,1
say,said,1
say,she,1
say,so,1
say,than,1
say,that,1
say,the,1
say,there,1
say,things,1
say,this,3
say,to,3
say,what,3
say,when,1
say,whether,1
say,which,1
say,who,1
say,with,1
say,you,1
say,youre,1
saying,and,1
saying,anything,1
saying,come,1
saying,in,1
saying,lessons,1
saying,tell,1
saying,thank,1
saying,to,7
saying,we,1
says,come,1
says,it,1
says,its,1
says,youre,1
saythats,the,1
scale,how,1
scaly,friend,1
school,at,1
school,every,1
school,in,2
school,said,1
schoolroom,and,1
scolded,herself,1
scrambling,about,1
scratching,and,1
scream,half,1
scream,of,1
screamed,off,1
screamed,the,3
screaming,with,1
scroll,and,1
scroll,of,1
sea,and,1
sea,as,1
sea,but,2
sea,cried,1
sea,of,1
sea,so,1
sea,some,1
sea,the,2
sea,though,1
sea-shore,two,1
seals,turtles,1
seaography,then,1
search,facility,1
search,of,1
seaside,once,1
seated,on,1
second,copy,1
second,opportunity,1
second,thing,1
second,thoughts,1
second,time,1
second,verse,1
secondly,because,2
secret,kept,1
section,below,1
section,general,2
section,information,4
sections,and,1
secure,and,1
see,after,1
see,alice,1
see,any,1
see,anything,2
see,as,3
see,because,1
see,four,1
see,her,2
see,how,4
see,if,5
see,ill,1
see,it,7
see,its,1
see,me,1
see,miss,2
see,paragraph,2
see,said,2
see,sections,1
see,shakespeare,1
see,she,1
see,so,1
see,some,1
see,such,1
see,that,4
see,the,4
see,this,1
see,what,7
see,when,1
see,whether,1
see,you,4
see,youre,1
seehow,is,1
seeing,the,1
seem,sending,1
seem,to,7
seemed,inclined,1
seemed,not,1
seemed,quite,3
seemed,ready,1
seemed,to,20
seemed,too,1
seems,alice,1
seems,to,4
seen,hatters,1
seen,in,1
seen,she,1
seen,such,2
seen,that,1
seen,the,1
seen,them,3
seen,when,1
seeneverything,seemed,1
seldom,followed,1
sell,the,1
sell,you,1
send,donations,1
send,the,1
sending,me,1
sending,presents,1
sends,in,2
sensation,among,1
sensation,which,1
sense,and,1
sense,in,1
sense,theyd,1
sent,for,1
sent,them,1
sent,to,1
sentence,first,1
sentence,firstverdict,1
sentence,in,1
sentence,of,2
sentence,set,1
sentence,three,1
sentence,with,1
sentenced,were,1
series,of,1
seriously,ill,1
serpent,and,1
serpent,but,1
serpent,it,1
serpent,said,1
serpent,screamed,1
serpent,she,1
serpent,thats,1
serpents,do,1
serpents,night,1
serpents,theres,1
service,the,1
set,about,1
set,dinah,1
set,forth,8
set,of,1
set,off,1
set,out,1
set,the,1
set,them,1
set,to,7
setting,sun,1
settle,the,1
settled,down,3
settling,all,1
seven,flung,1
seven,isoh,1
seven,jogged,1
seven,looked,1
seven,said,1
seven,yes,1
several,nice,1
several,other,1
several,printed,1
several,things,1
several,times,1
severely,as,1
severely,to,1
severely,what,1
severely,who,1
severity,its,1
sh,and,1
sh,sh,1
shade,however,1
shake,at,1
shakespeare,in,1
shaking,among,1
shaking,him,1
shaking,it,1
shall,be,4
shall,do,1
shall,ever,1
shall,fall,1
shall,get,1
shall,have,4
shall,never,1
shall,not,1
shall,only,1
shall,remember,1
shall,see,1
shall,sing,1
shall,sit,2
shall,tell,1
shall,they,1
shall,think,1
shall,we,1
shant,be,2
shant,go,1
shant,grow,1
shant,said,1
shant,you,1
shape,doesnt,1
shaped,like,2
share,it,1
share,of,1
shared,their,1
shared,with,1
sharing,project,1
shark,but,1
sharks,are,1
sharp,bark,1
sharp,chin,1
sharp,hiss,1
sharp,kick,1
sharp,little,2
sharply,and,1
sharply,do,1
sharply,for,1
she,added,5
she,again,1
she,and,1
she,answered,1
she,appeared,2
she,asked,2
she,at,1
she,ate,1
she,be,1
she,began,13
she,bore,1
she,boxed,1
she,called,1
she,came,8
she,cant,1
she,carried,2
she,caught,1
she,checked,1
she,comes,1
she,concluded,1
she,could,29
she,couldnt,2
she,crossed,1
she,decided,2
she,did,14
she,do,1
she,does,1
she,doesnt,1
she,dreamed,1
she,drew,2
she,dropped,1
she,exclaimed,1
she,fancied,1
she,fell,2
she,felt,13
she,first,1
she,found,11
she,gained,1
she,gave,4
she,generally,1
she,got,8
she,grew,1
she,had,60
she,hardly,1
she,hastily,2
she,heard,11
she,helped,1
she,hurried,1
she,if,1
she,is,4
she,jumped,2
she,kept,3
she,knelt,1
she,knew,6
she,knows,1
she,leant,1
she,left,1
she,let,1
she,liked,1
she,listened,1
she,longed,1
she,looked,9
she,made,5
she,meant,1
she,might,6
she,must,1
she,muttered,1
she,never,1
she,next,1
she,noticed,3
she,of,1
she,oh,1
she,opened,2
she,ought,2
she,passed,1
she,picked,2
she,pictured,1
she,pitied,1
she,put,4
she,quite,1
she,ran,8
she,remained,1
she,remarked,2
she,remembered,5
she,repeated,2
she,said,35
she,sat,4
she,saw,3
she,scolded,1
she,sentenced,1
she,set,5
she,shook,1
she,should,3
she,simply,1
she,sits,1
she,soon,4
she,spoke,5
she,spokefancy,1
she,spread,1
she,squeezed,1
she,still,1
she,stood,3
she,stopped,1
she,stretched,2
she,succeeded,1
she,suddenly,1
she,swallowed,1
she,swam,3
she,thought,18
she,tipped,1
she,told,1
she,too,1
she,took,3
she,trembled,1
she,tried,9
she,tucked,2
she,turned,3
she,uncorked,1
she,very,3
she,waited,4
she,walked,5
she,wandered,1
she,wanted,2
she,wants,1
she,was,55
she,wasnt,1
she,went,29
she,were,2
she,what,1
she,would,7
shed,have,1
shed,soon,1
shedding,gallons,1
sheep-bells,and,1
shell,eat,1
shell,get,1
shell,think,1
shelves,as,1
shepherd,boyand,1
shes,in,1
shes,she,1
shes,so,1
shes,such,2
shes,the,1
shes,under,1
shifting,from,1
shilling,the,1
shillings,and,1
shinglewill,you,1
shining,tail,1
shiny,alice,1
shock,of,1
shoes,and,1
shoes,done,1
shoes,off,1
shoes,on,1
shoes,she,1
shoes,the,1
shoes,under,1
shook,both,1
shook,his,3
shook,its,2
shook,itself,2
shook,the,1
shore,and,1
shore,chapter,1
shore,you,1
short,charges,1
short,remarks,1
short,speech,1
short,time,1
shorter,one,1
shorter,until,1
should,all,1
should,be,4
should,chance,1
should,forget,1
should,frighten,1
should,have,2
should,it,1
should,learn,1
should,like,5
should,meet,1
should,push,1
should,say,2
should,think,5
should,understand,1
shoulder,and,1
shoulder,as,2
shoulder,with,1
shoulders,got,1
shoulders,oh,1
shoulders,that,1
shoulders,were,1
shouldnt,be,1
shouldnt,have,1
shouldnt,like,1
shouldnt,talk,1
shouldnt,want,1
shouted,alice,1
shouted,at,1
shouted,in,1
shouted,out,1
shouted,the,5
shouting,off,2
show,it,1
show,you,2
shower,of,2
showing,off,2
shriek,and,3
shriek,of,2
shrieked,out,1
shrieks,and,1
shrill,cries,1
shrill,little,1
shrill,loud,1
shrill,passionate,1
shrill,voice,1
shrimp,could,1
shrink,any,1
shrinking,away,1
shrinking,directly,1
shrinking,rapidly,2
shut,again,1
shut,his,2
shut,this,1
shut,up,1
shutting,people,1
shutting,up,1
shy,they,1
shyly,ii,1
side,and,3
side,as,1
side,of,6
side,she,1
side,the,2
side,to,2
side,will,2
sides,at,1
sides,of,3
sigh,he,1
sigh,its,1
sighed,deeply,2
sighed,the,2
sighed,wearily,1
sighing,as,1
sighing,in,1
sighing,it,1
sight,alice,1
sight,and,2
sight,before,1
sight,but,1
sight,he,1
sight,hurrying,1
sight,of,1
sight,then,1
sight,they,1
sign,it,1
signed,at,1
signed,your,1
signifies,much,1
signify,lets,1
silence,after,1
silence,alice,2
silence,all,1
silence,and,2
silence,at,2
silence,broken,1
silence,for,1
silence,in,1
silence,instantly,1
silence,its,1
silence,what,1
silent,and,3
silent,for,2
silent,the,2
simple,and,1
simple,joys,1
simple,question,1
simple,rules,1
simple,sorrows,1
simpleton,alice,1
simply,arranged,1
simply,bowed,1
simplynever,imagine,1
since,her,1
since,she,1
since,that,1
since,then,1
sing,her,1
sing,oh,1
sing,said,1
sing,this,1
sing,twinkle,1
sing,you,1
singers,in,1
singers,you,1
singing,in,1
sink,into,1
sir,for,1
sir,if,1
sir,just,1
sir,said,2
sir,the,1
sir,with,1
sister,as,1
sister,kissed,1
sister,of,1
sister,on,1
sister,sat,1
sister,was,1
sister,who,1
sister,why,1
sisters,dream,1
sisters,the,1
sistersthey,were,1
sit,down,4
sit,here,2
sit,up,1
sit,with,1
sits,purring,1
sitting,between,1
sitting,by,1
sitting,next,1
sitting,on,6
sitting,sad,1
six,is,1
six,oclock,1
sixteenth,added,1
size,again,1
size,alice,1
size,and,1
size,by,1
size,do,1
size,for,2
size,that,1
size,the,1
size,to,2
size,why,2
sizes,in,1
skimming,out,1
skirt,upsetting,1
skurried,away,1
sky,alice,1
sky,all,1
sky,twinkle,1
sky,ugh,1
sky-rocket,so,1
slate,herald,1
slate,with,1
slate-pencil,and,1
slateoh,its,1
slates,and,3
slates,but,1
slates,she,1
slates,what,1
slates,when,1
slatesll,be,1
sleep,is,1
sleep,that,1
sleep,these,1
sleep,twinkle,1
sleep,when,1
sleep,youve,1
sleepy,and,3
sleepy,voice,2
slightest,idea,1
slipped,and,1
slipped,in,1
slipped,the,1
slippery,and,1
slowly,after,1
slowly,and,1
slowly,back,2
slowly,beginning,1
slowly,followed,1
slowly,for,1
slowly,opened,1
sluggard,said,1
small,again,1
small,as,1
small,but,1
small,cake,1
small,donations,1
small,enough,1
small,for,1
small,off,1
small,ones,1
small,passage,1
small,she,1
small,staff,1
smaller,and,1
smallest,idea,1
smallest,notice,1
smile,some,1
smile,there,1
smiled,and,1
smiled,in,1
smiling,at,1
smiling,jaws,1
smoke,from,1
smoking,again,1
snail,but,1
snail,replied,1
snail,theres,1
snappishly,youre,1
snatch,in,2
sneeze,of,1
sneeze,were,1
sneezed,occasionally,1
sneezes,for,1
sneezes,he,1
sneezing,all,1
sneezing,and,2
sneezing,by,1
sneezing,on,1
sneezing,there,1
snorting,like,1
snout,than,1
so,after,1
so,alice,7
so,and,2
so,as,1
so,awfully,1
so,bills,1
so,close,2
so,closely,1
so,confused,1
so,desperate,1
so,dreadfully,1
so,eagerly,1
so,easily,2
so,either,1
so,extremely,1
so,far,3
so,full,1
so,good,1
so,grave,2
so,he,3
so,ill,1
so,indeed,1
so,it,1
so,its,1
so,kind,1
so,large,2
so,like,1
so,long,3
so,mad,1
so,managed,1
so,many,4
so,much,9
so,nicely,1
so,now,1
so,often,3
so,on,2
so,ordered,1
so,out-of-the-way,1
so,please,1
so,proud,1
so,quickly,1
so,rich,1
so,said,5
so,savage,1
so,severely,1
so,shall,1
so,she,29
so,shiny,1
so,small,1
so,stingy,1
so,suddenly,2
so,that,7
so,the,2
so,there,1
so,these,1
so,they,8
so,thinand,1
so,used,1
so,useful,1
so,very,6
so,violently,1
so,when,1
so,yet,1
so,you,4
soand,what,1
sob,ive,1
sobbed,again,1
sobbing,of,1
sobbing,she,1
sobs,choked,1
sobs,lastly,1
sobs,of,1
sobs,to,1
soft,thing,1
softly,after,1
soldier,on,1
soldiers,carrying,1
soldiers,did,1
soldiers,had,1
soldiers,or,1
soldiers,remaining,1
soldiers,shouted,1
soldiers,wandered,1
soldiers,were,2
soldiers,who,1
solemn,as,1
solemn,tone,2
solemnly,alice,1
solemnly,dancing,1
solemnly,presented,1
solemnly,rising,1
soles,and,1
solicit,contributions,1
solicit,donations,1
solicitation,requirements,1
solid,glass,1
some,alarm,1
some,attempts,1
some,book,1
some,change,1
some,children,1
some,crumbs,1
some,curiosity,1
some,day,1
some,dead,1
some,difficulty,1
some,executions,1
some,fun,1
some,kind,1
some,meaning,1
some,minutes,4
some,mischief,1
some,more,3
some,noise,1
some,of,8
some,other,1
some,sense,1
some,severity,1
some,states,1
some,surprise,1
some,tarts,1
some,tea,1
some,time,7
some,unimportant,1
some,way,2
some,were,1
some,while,1
some,wine,1
some,winter,1
somebody,elsebut,1
somebody,elses,1
somebody,it,1
somebody,ought,1
somebody,said,1
somebody,to,1
somebody,underneath,1
somehow,fallen,1
someone,to,1
somersault,in,1
something,about,1
something,and,1
something,better,1
something,comes,1
something,iim,1
something,important,1
something,interesting,1
something,like,2
something,more,1
something,my,1
something,now,1
something,of,1
something,or,1
something,out,1
something,splashing,1
something,wasnt,1
something,worth,1
sometimes,choked,1
sometimes,do,1
sometimes,she,1
sometimes,shorter,1
sometimes,taller,1
somewhere,alice,1
somewhere,down,1
somewhere,near,1
song,about,1
song,id,1
song,oh,1
song,perhaps,1
song,please,1
song,she,1
song,what,1
soon,ahem,1
soon,as,6
soon,began,1
soon,came,2
soon,fetch,1
soon,finished,2
soon,found,3
soon,got,1
soon,had,1
soon,her,1
soon,left,1
soon,made,2
soon,make,1
soon,submitted,1
soon,the,1
sooner,or,1
sooner,than,1
soooop,beauootiful,2
soooop,of,3
soooop,soooop,2
soothing,tone,1
sorrow,she,1
sorrow,you,1
sorrowful,tone,2
sorrows,and,1
sorry,youve,1
sort,in,1
sort,it,1
sort,next,1
sort,of,15
sort,said,2
sorts,of,3
sound,at,1
sound,of,2
sound,thats,1
sounded,an,1
sounded,best,1
sounded,hoarse,1
sounded,promising,1
sounded,quite,1
sounds,of,2
sounds,uncommon,1
sounds,will,1
soup,alice,1
soup,and,1
soup,beauootiful,2
soup,beautiful,1
soup,chapter,1
soup,chorus,1
soup,does,1
soup,is,1
soup,of,2
soup,off,1
soup,pennyworth,1
soup,so,1
soup,soup,1
soup,theres,1
soup,who,1
soup,will,1
sourand,camomile,1
spades,then,1
speak,again,2
speak,and,1
speak,but,1
speak,english,1
speak,first,1
speak,good,1
speak,not,1
speak,roughly,1
speak,severely,1
speak,to,1
speak,what,1
speak,with,1
speakand,they,1
speaker,said,1
speaking,and,1
speaking,but,1
speaking,so,1
speaking,to,2
special,rules,1
specified,in,2
spectacles,and,2
spectacles,where,1
speech,caused,1
speech,they,1
speech,you,1
speed,back,1
spell,stupid,1
spite,of,1
splash,she,1
splashed,his,1
splashing,about,1
splashing,paint,1
splendidly,dressed,1
spoke,alice,1
spoke,and,3
spoke,as,1
spoke,at,1
spoke,but,1
spoke,either,1
spoke,for,1
spoke,it,1
spoke,the,1
spoke,to,1
spoke,unimportant,1
spoke,we,1
spokefancy,curtseying,1
spoken,first,1
spoon,at,1
spoon,while,1
spot,this,1
sprawling,about,1
spread,his,1
spread,out,2
spreading,out,1
squeaked,this,1
squeaking,of,1
squeaking,voice,1
squeeze,so,1
squeezed,herself,1
staff,please,1
stairs,alice,1
stairs,how,1
stairs,that,1
stalk,out,1
stamping,about,1
stamping,on,1
stand,and,1
stand,beating,1
stand,down,1
stand,on,2
stand,up,1
standing,before,1
star-fish,thought,1
staring,at,2
staring,stupidly,1
start,at,1
start,full,1
start,of,1
started,to,1
started,violently,1
startled,by,1
startled,when,1
state,applicable,1
state,law,1
state,of,3
state,visit,1
statements,concerning,1
states,and,3
states,check,1
states,compliance,1
states,copyright,1
states,do,1
states,if,1
states,laws,1
states,of,1
states,us,1
states,we,1
states,where,1
states,who,1
states,with,1
states,without,2
states,you,2
station,however,1
status,by,1
status,of,2
status,with,1
stay,down,2
stay,in,1
stay,sighed,1
stay,with,1
stays,the,1
steady,as,1
steam-engine,when,1
sternly,explain,1
stick,and,3
stick,running,1
sticks,and,1
stiff,and,1
stigand,the,1
still,and,1
still,as,1
still,held,1
still,in,2
still,it,3
still,just,1
still,running,1
still,she,1
still,sobbing,1
still,where,1
stingy,about,1
stirring,the,1
stockings,for,1
stole,the,2
stole,those,1
stolen,the,1
stood,looking,1
stood,near,3
stood,still,1
stood,the,1
stood,watching,1
stool,in,1
stoop,soup,1
stoop,to,1
stop,and,1
stop,in,1
stop,these,1
stop,this,1
stop,to,1
stop,well,1
stopped,and,1
stopped,hastily,1
stopped,to,1
stopping,herself,1
stored,may,1
story,alice,1
story,but,1
story,chapter,2
story,for,1
story,im,1
story,indeed,1
story,said,1
story,you,1
straight,at,1
straight,on,1
straightened,out,1
straightening,itself,1
strange,adventures,1
strange,and,1
strange,at,1
strange,creatures,1
strange,tale,1
strength,which,1
stretched,her,1
stretched,herself,1
stretching,and,1
stretching,out,1
strict,liability,1
strings,into,1
struck,against,1
struck,her,1
stuff,and,1
stuff,be,2
stuff,the,1
stupid,and,1
stupid,but,1
stupid,for,1
stupid,things,2
stupid,whether,1
stupidest,tea-party,1
stupidly,up,1
subdued,tone,1
subject,go,1
subject,of,2
subject,our,1
subject,ten,1
subject,the,1
subject,to,1
subjects,on,1
submitted,to,1
subscribe,to,1
succeeded,in,3
such,an,1
such,and,1
such,as,5
such,confusion,1
such,dainties,1
such,damage,1
such,long,2
such,nonsense,1
such,states,1
such,stuff,1
such,sudden,1
such,thing,1
such,things,1
such,very,1
sudden,burst,1
sudden,change,2
sudden,leap,1
sudden,violence,1
suddenly,appeared,1
suddenly,called,1
suddenly,down,1
suddenly,dropping,1
suddenly,she,1
suddenly,spread,1
suddenly,that,1
suddenly,the,1
suddenly,thump,1
suddenly,upon,1
suddenly,you,1
suet,yet,1
sugar,my,1
suit,my,1
suit,the,1
suit,them,1
sulkily,and,1
sulkily,remarked,1
sulky,and,1
sulky,tone,2
summer,day,1
summer,days,1
sun,and,1
sun,if,1
supple,by,1
support,and,1
support,project,1
support,the,1
support,to,1
suppose,by,1
suppose,dinahll,1
suppose,it,3
suppose,said,1
suppose,so,2
suppose,that,1
suppose,they,1
suppose,we,1
suppose,yes,1
suppose,youll,1
suppress,him,1
suppressed,by,2
suppressed,come,1
suppressed,guinea-pigs,1
sure,as,1
sure,but,1
sure,however,1
sure,im,1
sure,it,2
sure,its,1
sure,she,2
sure,shes,1
sure,then,1
sure,this,1
sure,those,1
sure,to,4
sure,what,1
sure,whether,1
surprise,of,1
surprise,that,1
surprise,the,1
surprise,what,1
surprise,when,1
surprised,at,2
surprised,hell,1
surprised,that,1
surprised,to,3
survive,without,1
swallowed,one,1
swallowing,down,1
swam,about,1
swam,lazily,1
swam,nearer,1
swam,slowly,1
swam,to,1
swamp,our,1
swim,after,1
swim,can,1
swim,he,1
swim,in,1
swim,you,1
swimming,about,1
swimming,away,1
synonymous,with,1
table,all,1
table,and,1
table,as,1
table,but,2
table,doesnt,1
table,for,1
table,half,1
table,have,1
table,in,1
table,nothing,1
table,now,1
table,said,1
table,set,1
table,she,1
table,to,1
table,was,1
table,with,1
tail,about,1
tail,and,2
tail,as,1
tail,but,1
tail,certainly,1
tail,see,1
tail,when,2
tails,fast,1
tails,in,2
take,care,1
take,him,1
take,his,1
take,it,1
take,less,1
take,me,1
take,more,2
take,no,1
take,off,1
take,out,1
take,some,1
take,such,1
take,the,3
take,this,2
take,us,1
take,your,1
taken,advantage,1
taken,his,1
taken,into,1
taken,the,1
takes,some,1
takes,twenty-four,1
taking,alice,1
taking,first,1
taking,it,1
taking,not,1
taking,the,1
tale,chapter,1
tale,perhaps,1
tale,said,1
tale,they,1
tale,was,1
talk,about,5
talk,at,1
talk,in,1
talk,nonsense,2
talk,on,1
talk,said,2
talk,to,1
talking,about,1
talking,again,1
talking,alice,1
talking,at,1
talking,dear,1
talking,familiarly,1
talking,how,1
talking,in,2
talking,just,1
talking,of,1
talking,over,1
talking,such,1
talking,to,3
talking,together,1
taller,and,2
tarts,all,1
tarts,and,1
tarts,chapter,1
tarts,made,1
tarts,on,1
tarts,the,1
tarts,upon,1
tarts,you,1
taste,it,1
taste,theirs,1
tasted,an,1
tasted,but,1
tasted,eggs,1
tastes,sing,1
taught,laughing,1
taught,them,1
taught,us,2
tax,deductible,1
tax,exempt,2
tax,identification,1
tax,returns,1
tax,treatment,1
taxes,the,1
tea,and,2
tea,at,1
tea,its,1
tea,said,1
tea,spoon,1
tea,the,3
tea,upon,1
tea,when,1
tea-party,chapter,1
tea-party,there,1
tea-things,are,1
tea-time,and,1
tea-time,dinah,1
tea-tray,in,1
teaching,it,1
teacup,and,1
teacup,in,1
teacup,instead,1
teacups,as,1
teacups,would,1
teanot,above,1
teapot,at,1
tears,again,1
tears,but,1
tears,chapter,1
tears,curiouser,1
tears,if,1
tears,into,1
tears,no,1
tears,running,1
tears,that,1
tears,until,1
tears,which,1
teases,chorus,1
teeth,so,1
telescope,and,1
telescope,that,1
telescopes,this,1
tell,her,3
tell,him,1
tell,himit,1
tell,it,1
tell,its,1
tell,me,8
tell,them,1
tell,us,2
tell,what,1
tell,whether,1
tell,you,10
tell,youall,1
telling,me,1
telling,them,1
tells,the,1
tells,us,1
temper,and,1
temper,are,1
temper,hold,1
temper,of,1
temper,said,1
ten,courtiers,1
ten,hours,1
ten,inches,1
ten,minutes,1
ten,of,1
ten,soldiers,1
terms,from,1
terms,imposed,1
terms,of,18
terms,than,1
terms,will,1
terms,with,1
terribly,frightened,1
terrier,you,1
terror,oh,1
texts,not,1
than,alice,1
than,are,1
than,before,1
than,ever,2
than,his,1
than,it,1
than,nine,1
than,no,1
than,nothing,1
than,plain,1
than,she,1
than,suet,1
than,that,3
than,the,1
than,three,1
than,waste,1
than,what,2
than,you,1
thank,ye,1
thank,you,3
thanked,the,1
that,accounts,1
that,again,1
that,alice,5
that,all,2
that,altogether,1
that,anything,1
that,arise,1
that,as,1
that,assembled,1
that,attempt,1
that,beautiful,1
that,begins,2
that,better,1
that,but,1
that,by,2
that,call,1
that,came,1
that,can,1
that,case,2
that,cats,1
that,cheshire,1
that,continued,1
that,could,1
that,curious,1
that,curled,1
that,damage,1
that,dark,1
that,day,3
that,depends,1
that,did,1
that,direction,2
that,do,1
that,done,1
that,dormouse,3
that,down,1
that,ever,1
that,finished,1
that,first,1
that,followed,1
that,for,2
that,generally,1
that,green,1
that,had,6
that,have,1
that,he,7
that,her,4
that,if,5
that,im,2
that,in,6
that,inquired,1
that,into,1
that,is,4
that,isbe,1
that,isbirds,1
that,isoh,1
that,istake,1
that,isthe,1
that,it,23
that,its,3
that,ive,1
that,kind,1
that,lay,1
that,led,1
that,like,1
that,looked,1
that,loose,1
that,lovely,2
that,make,1
that,makes,5
that,must,1
that,no,2
that,nor,1
that,nothing,1
that,oh,1
that,one,2
that,only,1
that,part,1
that,perhaps,1
that,person,1
that,poky,1
that,proved,1
that,proves,1
that,provided,1
that,queer,1
that,rabbit-holeand,1
that,rate,1
that,ridiculous,1
that,said,7
that,savage,1
that,saves,1
that,screamed,1
that,she,36
that,size,1
that,somebody,1
that,soup,1
that,squeaked,1
that,stood,2
that,stuff,1
that,the,15
that,then,2
that,there,4
that,theres,1
that,they,8
that,theyd,1
that,this,1
that,to,1
that,used,1
that,very,2
that,walk,1
that,was,6
that,well,2
that,were,1
that,what,1
that,wherever,1
that,will,2
that,with,1
that,would,4
that,you,13
that,your,1
that,youre,1
thatched,with,1
thatit,was,1
thatll,be,1
thatonly,the,1
thats,about,1
thats,all,5
thats,because,1
thats,bill,1
thats,different,1
thats,enough,1
thats,it,1
thats,none,1
thats,not,2
thats,nothing,1
thats,quite,1
thats,right,2
thats,the,8
thats,very,4
thats,why,1
the,accident,2
the,accusation,1
the,act,1
the,address,1
the,adventures,1
the,after-time,1
the,agreement,1
the,air,10
the,animals,1
the,answer,3
the,antipathies,1
the,applicable,1
the,arch,1
the,archbishop,1
the,arches,2
the,arm,1
the,assistance,1
the,baby,10
the,babythe,1
the,back,3
the,balls,1
the,bank,2
the,bankthe,1
the,banquet,1
the,beak,1
the,beautiful,1
the,beginning,4
the,best,8
the,bill,1
the,birds,3
the,blades,1
the,blame,1
the,blows,1
the,bones,1
the,book,2
the,boots,2
the,bottle,3
the,bottom,4
the,box,1
the,brain,1
the,branches,1
the,bread-and-butter,2
the,bread-knife,1
the,breeze,1
the,bright,2
the,busy,1
the,cake,1
the,cakes,1
the,candle,1
the,capital,2
the,carrier,1
the,case,1
the,cat,21
the,caterpillar,25
the,caterpillars,1
the,cats,2
the,cattle,1
the,cauldron,1
the,cause,1
the,ceiling,1
the,centre,1
the,change,1
the,cheshire,3
the,chief,1
the,children,1
the,chimney,5
the,chimneynay,1
the,chimneys,1
the,choking,1
the,circumstances,1
the,classics,1
the,clock,2
the,collection,2
the,comfits,1
the,common,1
the,company,1
the,conclusion,1
the,confused,1
the,conqueror,2
the,constant,1
the,conversation,3
the,cook,12
the,cool,1
the,copyright,6
the,corner,1
the,corners,1
the,country,3
the,course,1
the,court,15
the,creature,1
the,creatures,3
the,croquet-ground,1
the,crowd,1
the,crown,1
the,crumbs,1
the,cupboards,1
the,cur,1
the,daisies,1
the,dance,10
the,darkness,1
the,day,3
the,deepest,1
the,defective,1
the,different,1
the,direction,2
the,directions,1
the,dish,1
the,distance,7
the,distant,2
the,dodo,12
the,door,20
the,doori,1
the,doors,1
the,doorway,1
the,dormouse,34
the,dormouses,1
the,doubled-up,1
the,dream,1
the,driest,1
the,duchess,38
the,duchesss,3
the,duck,2
the,eaglet,2
the,earls,2
the,earth,4
the,edge,3
the,eeevening,3
the,effect,2
the,efforts,1
the,eggs,1
the,electronic,1
the,eleventh,1
the,end,12
the,english,2
the,entrance,1
the,evening,2
the,exact,1
the,exclusion,1
the,executioner,5
the,executioners,1
the,experiment,2
the,eyes,1
the,face,1
the,fact,2
the,fall,2
the,fan,6
the,faster,1
the,fee,2
the,fender,1
the,field,1
the,fifth,1
the,fight,1
the,fire,3
the,first,16
the,fish-footman,2
the,flame,1
the,flamingo,1
the,floor,3
the,flowers,1
the,flurry,1
the,following,2
the,footman,7
the,footmans,1
the,foundation,9
the,foundations,3
the,fourth,1
the,free,2
the,frog-footman,1
the,frontispiece,1
the,full,9
the,fun,1
the,further,1
the,game,8
the,games,2
the,garden,9
the,general,2
the,glass,3
the,gloves,1
the,goldfish,1
the,goose,1
the,grass,1
the,great,6
the,grin,1
the,gross,1
the,ground,4
the,groundand,1
the,gryphon,53
the,guests,1
the,guinea-pig,1
the,guinea-pigs,2
the,hall,5
the,hand,1
the,happy,1
the,hatter,51
the,hatters,1
the,heads,1
the,hearth,1
the,hedge,2
the,hedgehog,4
the,hedgehogs,2
the,highest,1
the,hint,1
the,hookah,4
the,hot,1
the,house,12
the,idea,1
the,immediate,1
the,individual,1
the,ink,1
the,insolence,1
the,internal,1
the,invalidity,1
the,irs,1
the,jar,1
the,jelly-fish,1
the,judge,2
the,jurors,3
the,jury,15
the,jury-box,4
the,jurymen,4
the,key,2
the,king,60
the,kings,2
the,kitchen,2
the,knave,9
the,lap,1
the,large,1
the,largest,1
the,last,6
the,law,2
the,laws,5
the,least,2
the,leaves,2
the,lefthand,2
the,legs,1
the,less,1
the,limited,1
the,list,3
the,little,19
the,lizard,4
the,lizards,1
the,lobster,5
the,lobsters,4
the,lock,1
the,locks,1
the,long,2
the,look,4
the,look-out,1
the,looking-glass,1
the,lory,6
the,loveliest,1
the,lowing,1
the,main,1
the,mallets,1
the,manager,1
the,march,30
the,master,2
the,matter,3
the,maximum,1
the,meaning,2
the,medium,2
the,meeting,1
the,melancholy,1
the,method,1
the,middle,6
the,milk-jug,1
the,millennium,1
the,miserable,2
the,mission,1
the,mistake,1
the,mock,54
the,moment,8
the,money,1
the,month,2
the,moon,1
the,moral,6
the,morning,1
the,most,4
the,mouse,27
the,mouses,1
the,mouth,1
the,multiplication,1
the,muscular,1
the,mushroom,5
the,name,6
the,nearer,1
the,neck,1
the,neighbouring,1
the,newspapers,1
the,next,13
the,night,1
the,night-air,1
the,nile,1
the,number,3
the,officer,1
the,officers,4
the,official,2
the,oldest,1
the,one,1
the,only,4
the,open,1
the,opportunity,2
the,order,1
the,originator,1
the,other,29
the,otherbill,1
the,others,5
the,outside,1
the,owl,3
the,owner,2
the,pack,1
the,pair,1
the,panther,3
the,paper,2
the,parchment,1
the,part,1
the,party,4
the,passage,1
the,patience,1
the,patriotic,1
the,pattern,1
the,pebbles,1
the,people,2
the,pepper,2
the,pepper-box,1
the,permission,2
the,person,4
the,phrase,4
the,picture,1
the,pictures,1
the,pie,1
the,pieces,1
the,pig-baby,1
the,pigeon,11
the,place,4
the,players,3
the,pleasure,1
the,pool,9
the,poor,9
the,pope,1
the,porpoise,1
the,position,1
the,possibility,1
the,previous,1
the,prisoner,1
the,prisoners,1
the,prizes,1
the,problem,1
the,procession,3
the,production,1
the,project,33
the,proper,1
the,proposal,1
the,public,1
the,puppy,4
the,puppys,1
the,queen,65
the,queens,8
the,queerest,1
the,question,4
the,rabbit,19
the,rabbit-hole,3
the,rabbits,3
the,race,2
the,rats,1
the,rattle,1
the,real,1
the,reason,7
the,reedsthe,1
the,refreshments,1
the,regular,1
the,remaining,1
the,requirements,1
the,rest,8
the,riddle,1
the,right,12
the,right-hand,1
the,righthand,1
the,roof,6
the,room,3
the,roots,1
the,rose-tree,2
the,roses,2
the,royal,2
the,sage,1
the,salt,1
the,same,22
the,sand,1
the,sands,1
the,schoolroom,1
the,sea,9
the,sea-shore,1
the,seaside,1
the,second,4
the,sense,1
the,sentence,2
the,setting,1
the,shade,1
the,shark,1
the,shelves,1
the,shepherd,1
the,shinglewill,1
the,shock,1
the,shore,2
the,shriek,2
the,shrill,1
the,sides,1
the,silence,1
the,simple,2
the,singers,1
the,sky,4
the,slate,1
the,slightest,1
the,sluggard,1
the,small,1
the,smallest,2
the,snail,1
the,sneeze,1
the,soldiers,6
the,solicitation,1
the,song,4
the,sort,4
the,sound,1
the,sounds,1
the,soup,1
the,spoon,1
the,spot,1
the,squeaking,1
the,stairs,1
the,state,2
the,status,1
the,stick,3
the,story,1
the,strange,1
the,stupidest,1
the,subject,4
the,subjects,1
the,sudden,1
the,sun,1
the,suppressed,1
the,table,9
the,tail,1
the,tale,1
the,tarts,4
the,tea,2
the,teacups,1
the,teapot,1
the,temper,1
the,ten,1
the,terms,13
the,the,1
the,thimble,2
the,thing,3
the,things,4
the,thistle,1
the,thought,2
the,three,7
the,tide,1
the,time,13
the,tiny,1
the,tone,1
the,top,8
the,tops,1
the,trademark,5
the,treacle,1
the,treat,1
the,trees,6
the,trial,4
the,trials,3
the,trouble,1
the,trumpet,2
the,truth,1
the,turtles,1
the,twelfth,1
the,twelve,1
the,twentieth,1
the,twinkling,2
the,two,3
the,unfortunate,2
the,united,14
the,unjust,1
the,us,1
the,use,8
the,user,1
the,verses,3
the,very,2
the,voice,4
the,wandering,1
the,watch,1
the,water,1
the,waters,1
the,waving,1
the,way,12
the,week,1
the,well,3
the,what,1
the,while,2
the,white,22
the,whiting,4
the,whole,13
the,widest,2
the,wig,1
the,wind,2
the,window,7
the,wise,1
the,witness,1
the,wood,6
the,woodshe,1
the,words,12
the,work,11
the,works,3
the,world,8
the,wretched,1
the,young,3
the,youth,3
their,arguments,1
their,backs,1
their,curls,1
their,elbows,1
their,eyes,2
their,faces,4
their,forepaws,1
their,friends,1
their,fur,1
their,hands,2
their,heads,7
their,hearing,1
their,lives,1
their,mouths,2
their,mouthsand,1
their,names,2
their,never-ending,1
their,own,2
their,paws,1
their,proper,1
their,putting,1
their,shoulders,1
their,simple,2
their,slates,6
their,slatesll,1
their,tails,3
their,throne,1
their,turns,1
their,verdict,1
their,wits,1
theirs,and,1
them,about,1
them,after,1
them,again,1
them,alice,2
them,all,2
them,and,9
them,as,2
them,at,2
them,attempted,1
them,back,1
them,before,1
them,best,1
them,bitterandand,1
them,bowed,1
them,but,1
them,called,1
them,can,1
them,didnt,1
them,even,1
them,fast,1
them,free,1
them,her,1
them,hit,1
them,however,1
them,im,1
them,in,3
them,into,1
them,of,1
them,off,1
them,out,3
them,over,1
them,quite,1
them,raw,1
them,red,1
them,round,1
them,said,1
them,say,1
them,screamed,1
them,she,1
them,so,2
them,something,1
them,sourand,1
them,such,1
them,the,2
them,their,1
them,they,2
them,this,1
them,thought,1
them,to,2
them,up,2
them,were,1
them,what,1
them,when,2
them,with,4
them,word,1
themall,sorts,1
themand,it,1
themand,youve,1
themi,wish,1
themselves,flat,1
themselves,how,1
themselves,up,1
then,added,1
then,after,1
then,againbefore,1
then,alice,3
then,all,1
then,and,2
then,another,1
then,at,1
then,came,1
then,dipped,1
then,drawlingthe,1
then,explain,1
then,followed,2
then,he,1
then,her,1
then,hurried,1
then,if,1
then,ill,2
then,im,1
then,it,6
then,keep,1
then,nodded,1
then,quietly,1
then,raised,1
then,roared,1
then,said,5
then,sat,1
then,saying,1
then,she,8
then,silence,1
then,stop,1
then,such,1
then,tell,1
then,the,11
then,they,4
then,theyre,1
then,thought,2
then,treading,1
then,turn,1
then,turned,1
then,turning,1
then,unrolled,1
then,we,1
then,what,1
then,when,1
then,you,5
then,yours,1
thenalways,to,1
thenbills,to,1
theni,shouldnt,1
thenshe,found,1
there,again,1
there,are,4
there,at,1
there,could,2
there,goes,2
there,is,4
there,isnt,1
there,may,1
there,might,1
there,must,2
there,ought,2
there,said,1
there,seemed,4
there,she,1
there,stood,1
there,thats,1
there,there,1
there,they,2
there,thought,1
there,was,35
there,were,9
therefore,im,1
theres,an,2
theres,any,1
theres,certainly,1
theres,half,1
theres,hardly,2
theres,more,1
theres,no,10
theres,nothing,1
theres,plenty,1
theres,the,1
these,cakes,1
these,came,1
these,changes,1
these,efforts,1
these,in,1
these,requirements,1
these,said,1
these,strange,1
these,three,2
these,were,3
these,words,3
these,works,1
they,all,13
they,are,3
they,arrived,1
they,began,3
they,both,3
they,came,1
they,cant,2
they,could,2
they,couldnt,3
they,cried,1
they,do,1
they,doing,1
they,dont,2
they,draw,2
they,drew,1
they,gave,2
they,got,3
they,had,9
they,have,2
they,havent,1
they,hit,1
they,hurried,1
they,in,1
they,lay,2
they,lessen,1
they,liked,2
they,live,3
they,lived,2
they,looked,1
they,made,1
they,may,1
they,met,1
they,must,3
they,need,1
they,never,1
they,passed,1
they,pinched,1
they,play,1
they,repeated,1
they,said,1
they,sat,2
they,saw,3
they,seem,1
they,seemed,1
they,set,1
they,should,1
they,slipped,1
they,take,1
they,told,1
they,used,2
they,very,1
they,walked,2
they,went,2
they,were,18
they,will,1
they,wont,1
they,would,6
they,wouldnt,1
theyd,get,1
theyd,have,1
theyd,let,1
theyd,take,1
theyll,all,1
theyll,do,2
theyll,remember,1
theyre,about,1
theyre,all,1
theyre,both,1
theyre,called,1
theyre,done,1
theyre,dreadfully,1
theyre,like,1
theyre,making,1
theyre,not,1
theyre,only,1
theyre,putting,1
theyre,sure,1
theyve,begun,1
theyyouve,seen,1
thick,wood,1
thimble,and,1
thimble,looking,1
thimble,said,1
thimble,saying,1
thinand,the,1
thing,about,1
thing,after,1
thing,alice,2
thing,and,2
thing,as,4
thing,at,1
thing,before,2
thing,grunted,1
thing,howled,1
thing,is,2
thing,it,1
thing,ive,1
thing,mock,1
thing,never,1
thing,said,5
thing,sat,1
thing,she,2
thing,sobbed,1
thing,that,1
thing,the,1
thing,to,4
thing,very,1
thing,was,3
thing,with,1
thing,you,1
thing,yourself,1
things,alice,2
things,all,2
things,and,1
things,are,2
things,as,1
things,at,1
things,being,1
things,between,1
things,dont,1
things,get,1
things,had,1
things,happening,1
things,in,1
things,indeed,1
things,its,1
things,of,1
things,on,1
things,said,1
things,that,2
things,to,1
things,twinkled,1
things,went,1
things,when,2
things,you,1
thingseverything,that,1
thingsi,cant,1
think,about,2
think,alice,1
think,and,2
think,at,1
think,dinah,1
think,for,1
think,he,1
think,how,1
think,it,3
think,its,1
think,me,2
think,nothing,1
think,of,5
think,or,1
think,said,2
think,she,1
think,that,4
think,then,1
think,they,1
think,this,1
think,to,1
think,very,1
think,was,1
think,you,5
think,youd,2
think,youll,1
think,youre,1
thinking,about,1
thinking,again,1
thinking,it,1
thinking,of,2
thinking,over,2
thinking,there,1
thinking,while,1
thirteen,and,1
this,affair,1
this,agreement,16
this,alice,2
this,and,3
this,answer,1
this,as,1
this,be,1
this,beautiful,1
this,before,2
this,bottle,2
this,business,1
this,but,2
this,cat,1
this,caused,1
this,child,1
this,cornerno,1
this,could,1
this,creature,1
this,curious,1
this,did,1
this,down,1
this,ebook,8
this,electronic,3
this,elegant,1
this,file,1
this,fireplace,1
this,fit,2
this,for,1
this,fury,1
this,generally,1
this,grand,1
this,he,1
this,here,2
this,is,3
this,it,2
this,last,4
this,license,2
this,minute,1
this,moment,7
this,morning,4
this,mouse,1
this,must,2
this,new,1
this,of,1
this,ointmentone,1
this,or,1
this,paper,1
this,paragraph,1
this,piece,1
this,pool,1
this,project,1
this,question,2
this,remark,1
this,ropewill,1
this,same,1
this,seemed,1
this,she,8
this,short,1
this,side,1
this,size,1
this,so,3
this,sort,2
this,sounded,1
this,sounds,1
this,speech,1
this,that,1
this,the,2
this,there,1
this,they,1
this,time,18
this,to,1
this,very,2
this,was,8
this,way,2
this,website,1
this,witness,1
this,work,10
this,young,1
thistle,again,1
thistle,to,1
thoroughly,enjoy,1
thoroughly,puzzled,1
those,are,1
those,beds,1
those,cool,1
those,long,1
those,of,1
those,provided,1
those,roses,1
those,serpents,1
those,tarts,1
those,twelve,1
those,whom,1
though,as,1
though,he,1
though,she,4
though,still,1
though,they,1
though,this,1
though,you,1
thought,about,1
thought,alice,26
thought,and,6
thought,at,1
thought,but,1
thought,decidedly,1
thought,it,8
thought,its,1
thought,of,1
thought,over,1
thought,poor,3
thought,she,5
thought,still,1
thought,that,3
thought,the,2
thought,there,1
thought,they,1
thought,this,2
thought,till,1
thought,to,5
thought,was,1
thought,you,1
thoughtfully,at,1
thoughtfully,but,1
thoughtfully,they,1
thoughts,she,1
thoughts,were,1
thousand,miles,1
thousand,times,1
three,and,1
three,blasts,2
three,dates,1
three,gardeners,6
three,inches,2
three,little,2
three,of,3
three,or,1
three,pairs,1
three,questions,1
three,soldiers,1
three,times,1
three,to,1
three,weeks,1
three,were,1
three,your,1
three-legged,stool,1
three-legged,table,1
threw,themselves,1
throat,and,1
throat,said,1
throne,when,1
through,all,1
through,into,1
through,next,1
through,that,1
through,the,8
through,thought,1
through,was,1
throw,the,1
throw,them,1
throw,us,1
throwing,an,1
throwing,everything,1
thrown,out,1
thump,down,1
thump,thump,1
thunder,and,1
thus,we,1
tide,rises,1
tidy,little,1
tie,em,1
tied,up,1
tight,hold,1
till,at,1
till,his,1
till,im,1
till,its,1
till,ive,1
till,now,1
till,she,10
till,the,3
till,tomorrow,1
till,you,1
tillie,and,1
time,after,1
time,alice,2
time,and,4
time,as,3
time,at,1
time,busily,1
time,but,1
time,dont,1
time,for,1
time,he,2
time,in,1
time,interrupted,1
time,it,2
time,of,1
time,off,1
time,perhaps,1
time,round,1
time,said,2
time,sat,1
time,she,9
time,shed,1
time,so,1
time,take,1
time,that,1
time,the,3
time,there,3
time,they,2
time,to,7
time,together,1
time,when,2
time,while,1
time,with,3
time,without,2
time,you,1
time,youre,1
times,as,1
times,five,1
times,over,1
times,seven,1
times,since,1
times,six,1
timid,and,1
timid,voice,2
timidly,as,1
timidly,but,1
timidly,for,1
timidly,said,1
timidly,saying,1
timidly,some,1
timidly,up,1
timidly,why,1
timidly,would,1
tinkling,sheep-bells,1
tiny,golden,1
tiny,hands,1
tiny,little,1
tiny,white,1
tipped,over,1
tiptoe,and,1
tiptoe,put,1
tired,and,1
tired,herself,1
tired,of,5
tis,love,2
tis,so,1
tis,the,2
title,alices,1
tittered,audibly,1
to,abide,1
to,about,1
to,agree,1
to,alice,23
to,alices,2
to,an,1
to,and,4
to,annoy,1
to,another,1
to,any,1
to,anyone,1
to,are,1
to,ask,8
to,at,1
to,avoid,1
to,be,53
to,beat,2
to,beautify,1
to,begin,9
to,beor,1
to,box,1
to,break,1
to,bring,2
to,but,1
to,by,2
to,calculate,1
to,call,1
to,carry,2
to,cats,1
to,change,4
to,charge,1
to,check,2
to,climb,1
to,come,8
to,comply,1
to,complying,1
to,copying,1
to,cry,2
to,curtsey,1
to,cut,1
to,date,1
to,day,1
to,death,1
to,disagree,1
to,disobey,1
to,dive,1
to,do,20
to,donate,3
to,double,1
to,doubt,1
to,draw,2
to,dream,1
to,drive,1
to,drop,1
to,dry,1
to,dull,1
to,ear,1
to,eat,5
to,electronic,1
to,encourage,1
to,end,1
to,everything,1
to,execute,1
to,executiononce,1
to,explain,3
to,fall,2
to,fancy,2
to,feel,3
to,find,13
to,finish,1
to,fix,2
to,fly,2
to,follow,1
to,france,1
to,get,18
to,give,3
to,go,16
to,grin,1
to,grow,5
to,guard,1
to,half-past,1
to,happen,3
to,have,11
to,hear,5
to,help,1
to,her,28
to,herself,45
to,hide,1
to,him,3
to,himself,3
to,his,2
to,hold,1
to,how,1
to,identify,1
to,incomplete,1
to,indemnify,1
to,introduce,2
to,invent,1
to,it,7
to,its,2
to,itself,5
to,keep,2
to,kill,1
to,kneel,1
to,know,5
to,land,1
to,laugh,1
to,law,1
to,learn,5
to,leave,5
to,lie,2
to,like,1
to,listen,5
to,live,1
to,look,6
to,lose,1
to,maintaining,1
to,make,12
to,mark,1
to,me,6
to,measure,1
to,meet,2
to,move,1
to,my,4
to,nine,1
to,no,1
to,nobody,1
to,notice,1
to,nurseand,1
to,occur,1
to,offend,1
to,offer,1
to,on,1
to,one,3
to,ones,1
to,open,3
to,or,3
to,other,2
to,others,1
to,our,1
to,partners,1
to,pass,1
to,pieces,2
to,pinch,1
to,play,4
to,pocket,1
to,prepare,1
to,pretend,1
to,prevent,2
to,project,3
to,protect,2
to,provide,3
to,put,5
to,queer,1
to,quiver,1
to,reaching,1
to,read,1
to,receive,1
to,remain,1
to,remark,2
to,repeat,3
to,rest,2
to,return,1
to,rise,1
to,run,1
to,said,3
to,save,1
to,say,21
to,school,3
to,sea,3
to,see,23
to,sell,2
to,send,2
to,set,2
to,settle,1
to,shillings,1
to,show,1
to,shrink,1
to,sing,3
to,sink,1
to,sit,1
to,size,1
to,some,1
to,speak,8
to,spell,1
to,stand,1
to,stay,2
to,stoop,1
to,stop,1
to,subscribe,1
to,such,1
to,suit,1
to,swallow,1
to,take,3
to,talk,4
to,taste,1
to,tell,6
to,the,85
to,them,6
to,themand,1
to,think,7
to,this,5
to,time,2
to,tinkling,1
to,touch,1
to,tremble,1
to,trouble,1
to,try,3
to,turn,3
to,twenty,1
to,twist,1
to,uglify,1
to,undo,1
to,usurpation,1
to,viewing,1
to,warranties,1
to,wash,1
to,watch,2
to,what,1
to,whisper,1
to,whistle,1
to,whom,1
to,win,1
to,wink,1
to,wish,1
to,without,1
to,wonder,1
to,work,7
to,worry,1
to,write,3
to,yesterday,1
to,you,11
to,your,3
to-day,and,1
to-day,just,1
toast,she,1
toes,later,1
toes,the,1
toes,when,1
toffee,and,1
together,alice,3
together,at,1
together,cant,1
together,firstthey,1
together,only,1
together,she,1
together,which,1
told,her,1
told,me,2
told,so,1
told,you,2
tomorrow,at,1
tone,alice,1
tone,and,6
tone,are,1
tone,as,1
tone,at,1
tone,but,1
tone,dont,1
tone,exactly,1
tone,explanations,1
tone,for,1
tone,going,1
tone,he,2
tone,hm,1
tone,im,1
tone,it,1
tone,nobody,1
tone,of,7
tone,only,1
tone,pray,1
tone,seven,1
tone,sit,1
tone,so,1
tone,tell,1
tone,the,1
tone,though,1
tone,was,1
tone,why,2
tones,of,2
tongue,added,1
tongue,hanging,1
tongue,ma,1
tongue,said,1
too,bad,1
too,began,1
too,brown,1
too,but,1
too,close,1
too,dark,1
too,far,3
too,flustered,1
too,glad,1
too,large,1
too,late,1
too,long,1
too,much,5
too,said,1
too,slippery,1
too,small,1
too,stiff,1
too,that,1
too,weak,1
too,yes,1
took,courage,1
took,down,1
took,her,1
took,me,1
took,no,1
took,pie-crust,1
took,the,10
took,them,1
took,to,1
took,up,3
top,of,7
top,with,1
tops,of,1
tortoise,because,1
tortoise,if,1
tortoise,why,1
toss,of,1
tossing,her,1
tossing,his,1
tossing,the,1
toto,somebody,1
touch,her,1
tougher,than,1
towards,it,1
toys,to,1
trademark,and,2
trademark,as,1
trademark,but,1
trademark,contact,1
trademark,if,1
trademark,it,1
trademark,license,3
trademark,owner,2
trademark,project,1
trademarkcopyright,agreement,1
trampled,under,1
transcribe,and,1
transcription,errors,1
treacle,from,1
treacle,out,1
treacle,said,3
treacle-well,theres,1
treacle-welleh,stupid,1
treading,on,2
treat,when,1
treated,with,1
treatment,of,1
tree,by,1
tree,did,1
tree,in,2
trees,and,1
trees,as,1
trees,behind,1
trees,had,1
trees,under,1
trees,upon,1
tremble,alice,1
trembled,so,1
trembled,till,1
trembling,down,1
trembling,voice,5
tremulous,sound,1
trial,cannot,1
trial,dear,1
trial,done,1
trial,for,1
trial,is,1
trial,one,1
trial,stupid,1
trials,beginning,1
trials,begun,1
trials,over,1
trials,there,1
trickling,down,1
tricks,very,1
tried,another,1
tried,banks,1
tried,every,1
tried,hard,1
tried,hedges,1
tried,her,1
tried,the,3
tried,to,9
tried,very,1
trims,his,1
triumphantly,alice,1
triumphantly,pointing,1
trot,away,1
trotting,along,1
trotting,slowly,1
trouble,enough,1
trouble,myself,1
trouble,of,1
trouble,said,1
trouble,you,1
trouble,yourself,1
true,down,1
true,if,1
true,said,1
true,thats,1
trumpet,and,2
trumpet,in,1
trusts,to,1
truth,did,1
truthful,child,1
try,and,2
try,another,1
try,geography,1
try,if,1
try,the,6
try,to,1
trying,every,1
trying,in,1
trying,so,1
trying,the,1
trying,to,8
trying,which,1
tucked,away,1
tucked,her,1
tucked,it,1
tulip-roots,instead,1
tumbled,head,1
tumbling,down,1
tumbling,up,1
tunnel,for,1
tureen,who,1
turkey,toffee,1
turn,and,1
turn,into,2
turn,not,1
turn,or,1
turn,round,1
turn,that,1
turn,them,2
turn-up,nose,1
turned,and,1
turned,angrily,1
turned,away,1
turned,crimson,1
turned,into,1
turned,out,2
turned,pale,2
turned,round,1
turned,sulky,1
turned,the,1
turned,to,2
turning,into,1
turning,purple,1
turning,to,10
turns,and,1
turns,out,1
turns,quarrelling,1
turtle,alice,1
turtle,and,3
turtle,angrily,1
turtle,at,1
turtle,but,2
turtle,capering,1
turtle,certainly,1
turtle,crumbs,1
turtle,drew,1
turtle,drive,1
turtle,had,1
turtle,hold,1
turtle,in,3
turtle,interrupted,1
turtle,is,1
turtle,nine,1
turtle,no,1
turtle,persisted,1
turtle,recovered,1
turtle,repeated,1
turtle,replied,3
turtle,said,4
turtle,sang,1
turtle,seals,1
turtle,she,1
turtle,sighed,2
turtle,so,1
turtle,soup,2
turtle,suddenly,1
turtle,these,1
turtle,theyyouve,1
turtle,to,2
turtle,very,1
turtle,went,3
turtle,who,1
turtle,why,1
turtle,with,1
turtle,would,1
turtle,yawned,1
turtle,yet,1
turtles,all,1
turtles,heavy,1
turtles,salmon,1
turtles,story,2
turtlewe,used,1
tut,child,1
tut,tut,1
twelfth,alice,1
twelve,and,1
twelve,creatures,1
twelve,jurors,1
twentieth,time,1
twenty,at,1
twenty-four,hours,2
twice,and,1
twice,each,1
twice,half,1
twice,set,1
twice,she,1
twinkle,and,1
twinkle,here,1
twinkle,little,1
twinkle,twinkle,5
twinkled,after,1
twinkling,begins,1
twinkling,half-past,1
twinkling,of,2
twist,it,1
twist,itself,1
two,and,2
two,as,1
two,began,1
two,creatures,2
two,days,1
two,feet,2
two,guinea-pigs,1
two,in,1
two,it,1
two,lines,1
two,little,1
two,looking,1
two,miles,1
two,or,2
two,people,2
two,reasons,1
two,said,1
two,she,3
two,sides,1
two,sobs,1
two,the,1
two,they,2
two,three,1
two,to,1
two,two,1
two,were,1
two,which,1
two,why,1
two,wouldnt,1
two,you,1
types,of,1
ugh,said,1
ugh,serpent,1
uglification,alice,1
uglification,and,1
uglify,is,1
uglifying,it,1
ugly,and,1
ugly,child,1
unable,to,1
uncivil,but,1
uncomfortable,and,1
uncomfortable,for,1
uncomfortable,the,2
uncomfortably,sharp,1
uncommon,nonsense,1
uncommonly,fat,1
uncorked,it,1
under,her,2
under,his,1
under,it,1
under,its,1
under,sentence,2
under,the,10
under,this,3
under,which,1
underneath,her,1
underneath,so,1
understand,agree,1
understand,english,1
understand,it,1
understand,that,1
understand,where,1
understand,why,1
understand,you,1
understood,what,1
undertone,importantunimportantunimportantimportant,1
undertone,to,1
undo,it,1
undoing,itself,1
uneasily,at,1
uneasily,shaking,1
uneasy,to,1
unenforceability,of,1
unfolded,its,1
unfolded,the,1
unfortunate,gardeners,1
unfortunate,guests,1
unfortunate,little,1
unhappy,at,1
unhappy,it,1
uniform,and,1
unimportant,alice,1
unimportant,of,1
unimportant,your,1
united,states,15
unjust,things,1
unless,it,1
unless,there,1
unless,you,2
unlink,or,1
unlocking,the,1
unpleasant,state,1
unpleasant,things,1
unprotected,by,1
unrolled,itself,1
unrolled,the,1
unsolicited,donations,1
until,all,1
until,it,1
until,she,2
until,there,1
untwist,it,1
unusually,large,1
unwillingly,took,1
up,above,1
up,again,5
up,against,1
up,alice,2
up,and,25
up,any,1
up,as,1
up,at,3
up,both,1
up,but,2
up,by,3
up,closer,1
up,dormouse,1
up,eagerly,1
up,his,1
up,if,1
up,ill,1
up,in,6
up,into,7
up,lazy,1
up,like,3
up,my,1
up,nonproprietary,1
up,now,1
up,on,2
up,one,1
up,said,1
up,she,1
up,somewhere,1
up,the,6
up,this,2
up,to,8
up,towards,1
up,very,2
up,whats,1
up,with,2
updated,editions,1
updated,june,1
upon,alice,1
upon,alices,1
upon,an,1
upon,and,1
upon,bill,1
upon,her,4
upon,it,3
upon,its,2
upon,pegs,1
upon,request,1
upon,the,1
upon,their,2
upon,them,1
upon,tiptoe,1
upright,as,1
upset,and,1
upset,the,2
upsetting,all,1
upstairs,in,1
us,all,1
us,and,1
us,both,1
us,copyright,4
us,drawling,1
us,dry,1
us,federal,1
us,for,1
us,get,1
us,laws,1
us,said,1
us,they,1
us,three,1
us,unless,1
us,up,1
us,with,2
use,and,2
use,as,1
use,denying,1
use,going,1
use,in,6
use,now,2
use,of,10
use,part,1
use,speaking,1
use,their,1
use,this,2
use,to,1
use,without,1
used,if,1
used,in,1
used,on,1
used,to,11
used,up,1
useful,and,1
useful,its,1
user,provide,1
user,to,1
user,who,1
using,and,1
using,any,1
using,it,1
using,or,1
using,the,2
using,this,2
usual,come,1
usual,height,1
usual,said,1
usual,you,1
usually,bleeds,1
usually,see,1
usurpation,and,1
vague,sort,1
vanilla,ascii,2
vanished,again,1
vanished,alice,1
vanished,completely,1
vanished,quite,1
vanishing,so,1
variety,of,1
various,pretexts,1
vegetable,it,1
velvet,cushion,1
venture,to,3
ventured,to,4
verdict,he,1
verdict,the,2
verse,but,1
verse,of,1
verse,said,1
verse,the,1
verses,are,1
verses,on,1
verses,the,1
verses,to,1
version,posted,1
very,absurd,1
very,angrily,2
very,anxiously,1
very,busily,1
very,carefully,3
very,cautiously,1
very,civil,2
very,clear,1
very,confusing,1
very,curious,6
very,decided,1
very,decidedly,1
very,deep,2
very,deeply,1
very,difficult,2
very,diligently,1
very,dull,1
very,earnestly,2
very,easy,2
very,few,2
very,fine,1
very,fond,1
very,glad,5
very,good,3
very,good-naturedly,1
very,grave,1
very,gravely,2
very,hard,1
very,hopeful,1
very,hot,1
very,humble,1
very,humbly,2
very,ill,1
very,important,1
very,interesting,2
very,like,2
very,likely,3
very,little,4
very,lonely,1
very,long,2
very,loudly,1
very,meekly,1
very,melancholy,1
very,middle,1
very,much,10
very,nearly,4
very,neatly,1
very,nice,1
very,politely,5
very,poor,1
very,pretty,1
very,provoking,1
very,queer,2
very,readily,1
very,remarkable,1
very,respectful,1
very,rude,1
very,sadly,1
very,said,1
very,seldom,1
very,short,2
very,sleepy,2
very,slowly,2
very,small,1
very,solemnly,1
very,soon,7
very,sorry,1
very,sudden,1
very,sulkily,1
very,supple,1
very,tired,3
very,tones,1
very,true,1
very,truthful,1
very,turn-up,1
very,ugly,1
very,uncomfortable,3
very,uneasy,1
very,unpleasant,1
very,well,3
very,white,1
very,wide,2
vi,pig,2
viewed,copied,1
viewing,displaying,1
viii,the,2
vinegar,that,1
violates,the,1
violence,that,1
violent,blow,1
violent,shake,1
violently,dropped,1
violently,that,1
violently,up,1
violently,with,1
virus,or,1
visit,either,1
visit,wwwgutenbergorgdonate,2
voice,alongcatch,1
voice,and,6
voice,are,1
voice,at,1
voice,back,1
voice,behind,1
voice,but,1
voice,close,1
voice,died,1
voice,fetch,1
voice,has,1
voice,if,1
voice,in,1
voice,let,1
voice,nobody,1
voice,not,1
voice,now,1
voice,of,5
voice,outside,1
voice,repeat,1
voice,same,1
voice,she,1
voice,sometimes,1
voice,sounded,1
voice,thats,1
voice,the,1
voice,theres,1
voice,to,3
voice,until,1
voice,what,1
voice,who,1
voice,why,1
voice,would,1
voice,your,1
voices,all,1
voices,asked,1
voiceshold,up,1
voicethe,rabbitspat,1
void,the,1
volunteer,support,1
volunteers,and,3
volunteers,associated,1
volunteers,with,1
vote,the,1
vulgar,things,1
wag,my,1
wags,its,1
waist,the,1
waistcoat-pocket,and,1
waistcoat-pocket,or,1
wait,as,1
waited,for,2
waited,in,1
waited,patiently,2
waited,the,1
waited,till,2
waited,to,1
waited,when,1
waiting,alice,1
waiting,by,1
waiting,for,2
waiting,in,1
waiting,on,1
waiting,outside,1
waiting,till,1
waiting,to,1
wake,up,2
walk,coming,1
walk,long,1
walk,the,1
walk,with,1
walked,down,1
walked,off,4
walked,on,1
walked,sadly,1
walked,two,1
walked,up,1
walking,about,1
walking,away,1
walking,by,1
walking,hand,1
walking,off,1
walks,of,1
walrus,or,1
wander,about,1
wandered,about,2
wandering,hair,1
wandering,when,1
want,to,6
want,you,1
want,yours,1
wanted,it,1
wanted,leaders,1
wanted,much,1
wanted,to,1
wants,cutting,1
wants,for,1
warning,shouted,1
warranties,of,2
warranties,or,1
warranty,disclaimer,1
warranty,or,1
was,about,1
was,addressed,1
was,all,5
was,always,1
was,an,5
was,and,2
was,another,2
was,appealed,1
was,as,4
was,at,3
was,beating,1
was,beginning,5
was,bill,2
was,bristling,1
was,busily,1
was,certainly,3
was,close,2
was,coming,3
was,considering,1
was,created,1
was,delighted,2
was,done,1
was,dozing,1
was,dreadfully,1
was,empty,1
was,engaged,1
was,enough,1
was,even,1
was,ever,1
was,evidently,1
was,exactly,3
was,favoured,1
was,for,1
was,full,1
was,generally,1
was,gently,1
was,getting,3
was,going,11
was,gone,4
was,good,2
was,good-bye,1
was,growing,1
was,hardly,1
was,he,1
was,heard,1
was,her,2
was,high,1
was,his,1
was,holding,1
was,how,1
was,howling,1
was,immediately,2
was,impossible,1
was,in,9
was,indeed,1
was,it,1
was,just,6
was,kindly,1
was,labelled,1
was,leaning,1
was,linked,1
was,lit,1
was,looking,6
was,losing,1
was,lying,2
was,moderate,1
was,more,3
was,mouth,1
was,moving,1
was,much,1
was,mystery,1
was,near,1
was,neither,1
was,nine,1
was,no,9
was,not,12
was,nothing,4
was,now,6
was,obliged,2
was,of,1
was,on,1
was,only,4
was,opened,1
was,or,1
was,out,3
was,over,5
was,passing,1
was,peeping,1
was,peering,1
was,perfectly,1
was,playing,1
was,pressed,2
was,quite,8
was,rather,2
was,reading,2
was,ready,1
was,room,1
was,said,4
was,saying,1
was,scratching,1
was,sent,1
was,she,1
was,shrinking,1
was,shut,1
was,silence,1
was,silent,2
was,sitting,6
was,small,1
was,sneezing,2
was,snorting,1
was,so,7
was,some,1
was,something,1
was,soon,2
was,speaking,2
was,standing,1
was,still,1
was,such,1
was,suppressed,1
was,surprised,2
was,swimming,1
was,talking,3
was,terribly,1
was,that,11
was,thatched,1
was,the,21
was,thinking,1
was,this,1
was,thoroughly,1
was,to,4
was,too,5
was,trembling,1
was,trickling,1
was,trying,1
was,up,1
was,very,10
was,walking,2
was,waving,1
was,what,1
was,when,1
was,why,1
was,written,1
was,your,1
wash,off,1
wash,the,1
washing,her,1
washing,said,1
washingextra,you,1
wasnt,always,1
wasnt,asleep,1
wasnt,done,1
wasnt,going,1
wasnt,much,1
wasnt,one,1
wasnt,trouble,1
wasnt,very,2
waste,it,1
wasting,it,1
wasting,our,1
watch,and,1
watch,out,2
watch,said,1
watch,she,1
watch,tell,1
watch,them,1
watch,to,1
watched,the,2
watching,it,1
watching,the,1
watching,them,1
watchung,plaza,1
water,and,1
water,had,1
water,her,1
water,out,1
water-well,said,1
waters,of,1
waving,its,2
waving,of,1
waving,the,1
waving,their,1
way,again,1
way,all,1
way,and,3
way,back,1
way,being,1
way,do,1
way,down,1
way,forwards,1
way,holding,1
way,ill,1
way,into,2
way,it,1
way,of,8
way,off,2
way,out,3
way,prizes,1
way,she,1
way,so,2
way,stop,1
way,that,1
way,the,1
way,through,2
way,to,4
way,up,2
way,was,1
way,wherever,1
way,which,1
way,with,2
way,you,4
waynever,to,1
ways,including,1
we,beg,1
we,called,1
we,can,1
we,cannot,2
we,change,1
we,do,3
we,dont,1
we,go,1
we,had,2
we,have,2
we,hope,1
we,indeed,1
we,know,3
we,learned,1
we,must,2
we,neednt,1
we,put,1
we,quarrelled,1
we,shall,2
we,should,1
we,try,1
we,went,3
we,were,3
we,wont,2
weak,for,1
weak,voice,1
web,pages,1
website,and,1
website,includes,1
website,which,1
website,wwwgutenbergorg,1
week,before,1
week,he,1
week,or,1
weeks,im,1
welcome,little,1
well,alice,1
well,and,1
well,as,10
well,at,1
well,be,2
well,either,1
well,enough,3
well,go,2
well,id,1
well,if,1
well,ill,1
well,in,1
well,it,2
well,its,1
well,ive,2
well,look,1
well,of,1
well,perhaps,3
well,say,4
well,she,1
well,take,1
well,the,3
well,then,2
well,there,1
well,thought,1
well,to,2
well,wait,1
well,was,1
well,what,2
well,withoutmaybe,1
went,alice,2
went,as,1
went,back,4
went,by,1
went,down,2
went,hunting,1
went,in,3
went,mad,1
went,nearer,1
went,off,1
went,on,48
went,once,1
went,one,1
went,out,1
went,round,1
went,sh,1
went,slowly,1
went,so,1
went,stamping,1
went,straight,1
went,timidly,1
went,to,7
went,up,1
wept,when,1
were,all,9
were,always,1
were,animals,1
were,any,1
were,beautifully,1
were,birds,1
were,clasped,1
were,doing,1
were,doors,1
were,down,1
were,elsie,1
were,filled,1
were,followed,1
were,gardeners,1
were,getting,2
were,giving,1
were,having,1
were,in,2
were,indeed,1
were,inside,1
were,just,1
were,learning,2
were,little,1
were,live,1
were,looking,2
were,lying,2
were,me,1
were,mine,1
were,my,1
were,nearly,1
were,never,1
were,nice,1
were,nine,1
were,no,2
were,nowhere,2
were,obliged,1
were,of,1
were,or,1
were,ornamented,1
were,out,1
were,perfectly,1
were,placed,1
were,playing,1
were,quite,2
were,really,1
were,resting,1
were,said,2
were,saying,2
were,seated,1
were,shaped,1
were,sharing,1
were,silent,1
were,still,1
were,taken,1
were,ten,1
were,the,3
were,three,2
were,too,1
were,trying,3
were,two,1
were,using,1
were,white,1
were,writing,1
werent,to,1
wet,as,1
wet,cross,1
weve,heard,1
weve,no,1
what,alice,1
what,am,2
what,an,1
what,are,7
what,became,1
what,can,2
what,day,1
what,did,4
what,do,2
what,does,1
what,else,2
what,for,3
what,fun,1
what,had,1
what,happened,1
what,happens,1
what,have,1
what,he,1
what,im,1
what,is,7
what,it,7
what,latitude,2
what,made,1
what,makes,1
what,matters,1
what,never,1
what,nonsense,1
what,oclock,1
what,porpoise,1
what,said,2
what,she,3
what,size,1
what,sort,3
what,such,1
what,the,6
what,they,2
what,theyll,1
what,theyre,2
what,things,1
what,this,1
what,thought,2
what,to,5
what,trial,1
what,was,6
what,will,1
what,with,1
what,work,1
what,would,5
what,year,1
what,you,7
what,youre,3
whatever,happens,1
whatever,persisted,1
whatever,said,1
whats,in,1
whats,more,1
whats,that,1
whats,the,1
whats,your,1
whatsoever,you,2
when,alice,1
when,did,1
when,he,4
when,her,1
when,his,1
when,im,3
when,it,4
when,its,2
when,one,2
when,she,19
when,suddenly,3
when,the,11
when,they,9
when,we,1
when,you,4
when,youve,1
whenever,any,1
where,alice,1
where,are,1
where,can,1
where,did,1
where,dinn,1
where,have,1
where,it,1
where,said,1
where,shall,1
where,she,2
where,we,2
where,well,1
where,you,4
wheres,the,2
whereupon,the,1
wherever,she,1
wherever,you,1
whether,it,3
whether,its,1
whether,she,2
whether,the,2
whether,they,1
whether,youre,2
which,and,1
which,are,1
which,brought,1
which,case,1
which,certainly,1
which,changed,1
which,gave,1
which,happens,1
which,has,1
which,he,1
which,is,2
which,isnt,1
which,it,1
which,produced,1
which,puzzled,1
which,remained,1
which,seemed,3
which,seven,1
which,shall,1
which,she,5
which,the,6
which,they,1
which,tied,1
which,was,8
which,wasnt,1
which,way,6
which,were,1
which,word,1
which,would,1
which,you,3
while,alice,1
while,all,1
while,and,1
while,finding,1
while,finishing,1
while,however,1
while,in,1
while,more,1
while,plates,1
while,she,6
while,the,8
while,till,1
while,we,1
whiles,then,1
whiskers,for,1
whiskers,how,1
whiskers,shell,1
whisper,half,1
whisper,that,1
whispered,in,2
whispered,shes,1
whispered,that,1
whispered,to,1
whispers,now,1
whistle,to,1
whistling,oh,1
white,and,1
white,but,1
white,kid,5
white,one,1
white,rabbit,22
whiting,before,1
whiting,kindly,1
whiting,now,1
whiting,oh,1
whiting,said,2
whiting,to,1
who,agree,1
who,always,1
who,am,1
who,approach,1
who,are,4
who,at,1
who,cares,2
who,did,1
who,ever,1
who,felt,2
who,for,1
who,got,1
who,had,8
who,has,1
who,in,1
who,instantly,1
who,is,4
who,it,1
who,looked,1
who,might,1
who,notifies,1
who,of,1
who,only,1
who,ran,1
who,said,1
who,seemed,4
who,stole,2
who,turned,1
who,wanted,1
who,was,9
who,were,3
who,will,1
who,would,1
who,you,1
whoever,lives,1
whole,cause,1
whole,court,1
whole,head,1
whole,pack,2
whole,party,3
whole,place,1
whole,she,1
whole,thing,2
whole,window,1
whom,she,1
whom,you,1
whos,making,1
whose,cause,1
whose,thoughts,1
why,did,3
why,do,1
why,if,1
why,is,1
why,it,4
why,its,1
why,mary,1
why,not,1
why,pig,1
why,said,3
why,she,2
why,shell,1
why,should,1
why,that,1
why,the,1
why,then,1
why,there,1
why,theres,2
why,theyre,1
why,what,2
why,with,1
why,you,2
why,your,1
wide,but,1
wide,on,1
wider,come,1
widespread,public,1
widest,array,1
widest,variety,1
widger,start,1
wife,and,1
wig,look,1
wig,the,1
wild,beast,1
wild,beasts,1
wildly,about,1
wildly,up,1
will,be,6
will,become,1
will,burn,1
will,do,2
will,have,2
will,hear,1
will,just,1
will,look,1
will,make,2
will,not,1
will,prosecute,1
will,put,1
will,remain,1
will,replace,1
will,some,1
will,support,1
will,take,1
will,talk,1
will,tell,1
will,you,12
william,and,1
william,replied,1
william,said,1
william,the,3
william,to,1
williams,conduct,1
win,that,1
wind,and,2
window,and,3
window,she,1
window,sure,2
window,that,1
wine,she,1
wine,the,1
wings,serpent,1
wink,of,1
wink,with,1
winter,day,1
wise,fish,1
wise,little,1
wish,id,1
wish,it,1
wish,people,1
wish,that,1
wish,the,1
wish,they,2
wish,theyd,1
wish,to,2
wish,you,5
with,active,2
with,alice,1
with,alices,1
with,all,5
with,almost,2
with,an,7
with,and,2
with,another,2
with,any,1
with,anyone,1
with,blacking,1
with,both,1
with,closed,1
with,cupboards,1
with,curiosity,1
with,diamonds,1
with,dinah,1
with,draggled,1
with,each,1
with,ebooks,1
with,edgar,1
with,either,1
with,extras,1
with,fright,1
with,fur,1
with,fury,1
with,gently,1
with,great,3
with,hearts,1
with,her,8
with,him,1
with,his,9
with,it,2
with,its,8
with,large,2
with,many,1
with,me,2
with,mine,1
with,most,1
with,my,1
with,no,2
with,offers,1
with,oh,1
with,one,11
with,only,1
with,or,1
with,others,1
with,paragraph,2
with,passion,2
with,permission,1
with,pink,1
with,project,2
with,respect,1
with,said,2
with,seaography,1
with,sobs,1
with,some,4
with,strings,1
with,such,3
with,tears,2
with,that,1
with,the,51
with,their,4
with,them,2
with,these,1
with,this,6
with,trying,1
with,us,1
with,variations,1
with,what,1
with,which,1
with,william,1
with,wonder,1
with,wooden,1
with,you,4
with,your,1
within,days,4
within,her,1
withina,constant,1
without,attending,2
without,being,2
without,charge,1
without,complying,1
without,considering,1
without,even,2
without,further,1
without,hearing,1
without,interrupting,1
without,knocking,1
without,knowing,1
without,lobsters,1
without,my,1
without,noticing,1
without,opening,1
without,paying,2
without,permission,1
without,pictures,1
without,prominently,1
without,speaking,1
without,trying,1
without,waiting,2
without,widespread,1
withoutmaybe,its,1
witness,and,1
witness,at,1
witness,it,1
witness,said,2
witness,the,1
witness,was,2
witness,well,1
witness,would,1
wits,so,1
woke,up,1
woman,and,1
womanbut,thenalways,1
won,and,1
won,this,1
wonder,alice,1
wonder,and,1
wonder,as,1
wonder,at,1
wonder,how,1
wonder,if,3
wonder,is,1
wonder,she,1
wonder,what,7
wonder,who,1
wondered,at,1
wonderful,adventures,1
wonderful,dream,1
wondering,how,1
wondering,if,1
wondering,tone,1
wondering,very,1
wondering,what,1
wondering,whether,1
wondering,why,1
wonderland,author,1
wonderland,by,1
wonderland,illustration,1
wonderland,of,1
wonderland,this,1
wonderland,though,1
wonderland,updated,1
wont,be,1
wont,do,1
wont,have,1
wont,indeed,1
wont,interrupt,1
wont,said,1
wont,she,1
wont,stand,1
wont,talk,2
wont,thenbills,1
wont,thought,1
wont,walk,1
wont,you,11
wood,continued,1
wood,for,1
wood,if,1
wood,is,1
wood,its,1
wood,the,1
wood,to,1
wooden,spades,1
woodshe,considered,1
word,but,2
word,moral,1
word,processing,1
word,sounded,1
word,till,1
word,two,1
word,with,1
word,you,1
words,all,1
words,and,1
words,as,1
words,came,1
words,did,1
words,dont,1
words,drink,2
words,eat,1
words,have,1
words,her,1
words,out,1
words,said,1
words,so,1
words,soooop,1
words,to,1
words,were,1
words,wheres,1
words,yes,1
wore,his,1
work,and,4
work,any,1
work,as,1
work,associated,2
work,at,1
work,by,1
work,can,1
work,copyright,1
work,electronically,2
work,from,1
work,in,5
work,is,5
work,it,1
work,may,1
work,nibbling,1
work,on,2
work,or,7
work,shaking,1
work,the,1
work,throwing,1
work,to,1
work,under,1
work,very,2
work,with,1
work,within,1
work,without,1
work,you,4
works,and,1
works,based,2
works,by,2
works,calculated,1
works,even,1
works,from,1
works,harmless,1
works,he,1
works,if,1
works,in,5
works,nearly,1
works,not,1
works,on,1
works,possessed,1
works,posted,1
works,professor,1
works,provided,1
works,reports,1
works,see,1
works,so,1
works,that,2
works,to,1
works,unless,1
works,you,1
world,am,1
world,at,2
world,go,1
world,of,1
world,oh,1
world,she,1
world,would,1
world,you,1
worm,the,1
worried,just,1
worry,it,1
worse,off,1
worse,than,1
worse,you,1
worth,hearing,1
worth,the,1
worth,while,1
would,all,2
would,always,1
would,be,17
would,become,2
would,bend,1
would,break,1
would,call,1
would,catch,1
would,change,3
would,cost,1
would,deny,1
would,die,1
would,ever,1
would,feel,2
would,gather,1
would,get,1
would,go,5
would,happen,3
would,hardly,1
would,have,5
would,in,1
would,it,1
would,keep,1
would,like,1
would,make,1
would,manage,1
would,not,12
would,only,1
would,put,1
would,said,1
would,seem,1
would,take,1
would,talk,1
would,the,1
would,twist,1
would,you,6
wouldnt,be,3
wouldnt,have,1
wouldnt,it,2
wouldnt,keep,1
wouldnt,mind,1
wouldnt,say,1
wouldnt,squeeze,1
wouldnt,stay,1
wouldnt,suit,1
wouldnt,talk,1
wow,here,1
wow,while,1
wow,wow,4
wrapping,itself,1
wretched,hatter,1
wretched,height,1
wriggling,down,1
write,it,1
write,onebut,1
write,out,1
write,that,1
write,this,1
write,with,1
writhing,of,1
writing,down,1
writing,from,1
writing,in,1
writing,on,1
writing,or,1
writing,very,1
writing,without,1
writing-desk,come,1
writing-desks,which,1
written,about,1
written,by,1
written,confirmation,1
written,down,1
written,explanation,2
written,on,1
written,to,1
written,up,1
wrong,about,1
wrong,and,1
wrong,from,1
wrong,im,1
wrong,sighed,1
wrote,down,2
wrote,it,1
wwwgutenbergorg,if,2
wwwgutenbergorg,section,1
wwwgutenbergorg,this,1
wwwgutenbergorg,you,1
wwwgutenbergorgcontact,section,1
wwwgutenbergorgdonate,section,1
wwwgutenbergorgdonate,while,1
wwwgutenbergorgebooks,credits,1
wwwgutenbergorglicense,section,1
xi,who,2
xii,alices,2
yards,off,1
yawned,and,1
yawned,once,1
yawning,and,1
yawning,im,1
ye,im,1
year,for,1
year,it,1
years,he,1
years,the,1
yelled,the,1
yelp,of,1
yer,honour,4
yes,but,2
yes,it,1
yes,please,2
yes,said,3
yes,shouted,1
yes,thats,2
yes,we,1
yesterday,because,1
yesterday,things,1
yesterday,you,1
yet,alice,1
yet,before,1
yet,had,1
yet,it,1
yet,no,1
yet,not,1
yet,please,1
yet,said,3
yet,she,1
yet,the,2
yet,what,1
yet,you,4
yet,youll,1
yetand,yetits,1
yetits,rather,1
yetoh,theyll,1
you,advance,1
you,again,1
you,agree,4
you,all,1
you,already,1
you,and,6
you,any,1
you,are,22
you,as-is,1
you,ask,1
you,balanced,1
you,been,1
you,begin,1
you,but,1
you,butter,1
you,by,1
you,call,2
you,can,12
you,canbut,1
you,cant,6
you,cause,1
you,charge,1
you,come,3
you,comply,2
you,content,1
you,could,5
you,couldnt,2
you,coward,1
you,cut,1
you,dear,1
you,derive,1
you,deserved,1
you,did,4
you,didnt,2
you,discover,1
you,distribute,1
you,do,8
you,doing,1
you,dont,7
you,down,1
you,drink,1
you,dry,1
you,ever,3
you,executed,3
you,fair,1
you,fellows,1
you,find,1
you,finished,1
you,first,1
you,fly,1
you,follow,1
you,fondofof,1
you,foolish,1
you,for,2
you,forget,1
you,from,1
you,gave,1
you,getting,2
you,give,1
you,go,3
you,goose,1
you,got,1
you,grant,1
you,grow,2
you,guessed,1
you,had,4
you,hatec,1
you,have,7
you,havent,1
you,he,1
you,his,1
you,hold,1
you,how,2
you,if,1
you,im,1
you,in,1
you,incessantly,1
you,indicate,1
you,insult,1
you,invented,1
you,its,1
you,join,4
you,just,1
you,keep,1
you,knew,1
you,know,43
you,knowand,1
you,learn,1
you,like,9
you,liked,2
you,make,2
you,manage,3
you,may,13
you,maynt,1
you,mean,6
you,might,7
you,mind,1
you,more,1
you,must,11
you,my,2
you,myself,1
you,neednt,1
you,never,4
you,not,1
you,now,1
you,old,1
you,only,2
you,or,1
you,ought,4
you,our,1
you,out,1
you,paid,3
you,pay,1
you,play,2
you,please,2
you,prepare,1
you,promised,1
you,provide,3
you,received,3
you,said,10
you,say,4
you,see,11
you,seen,1
you,shant,1
you,share,1
you,she,3
you,should,2
you,shouldnt,2
you,sing,1
you,sir,1
you,so,1
you,sooner,1
you,speak,1
you,take,1
you,talking,1
you,tell,4
you,that,1
you,there,1
you,think,5
you,thinking,1
you,though,1
you,throw,2
you,to,7
you,turned,1
you,usually,1
you,walk,1
you,want,3
you,were,6
you,werent,1
you,what,1
you,which,1
you,will,9
you,wish,1
you,with,2
you,within,1
you,wont,11
you,would,2
you,wouldnt,5
you,you,3
youare,you,1
youcome,ill,1
youd,better,5
youd,have,1
youd,like,1
youd,only,1
youd,rather,1
youd,take,1
youll,be,2
youll,feel,1
youll,get,1
youll,see,1
youll,understand,1
young,crab,1
young,lady,3
young,man,1
your,acceptance,1
your,adventures,1
your,age,1
your,applicable,1
your,business,1
your,cat,1
your,choice,1
your,country,1
your,efforts,1
your,equipment,1
your,evidence,3
your,eye,1
your,feelings,1
your,finger,1
your,flamingo,1
your,hair,2
your,hat,1
your,head,2
your,history,2
your,interesting,1
your,jaws,1
your,knocking,1
your,little,1
your,majesty,12
your,name,2
your,nose,1
your,opinion,1
your,pardon,5
your,periodic,1
your,places,1
your,pocket,1
your,possession,1
your,shoes,2
your,states,1
your,story,1
your,table,1
your,tea,1
your,temper,2
your,tongue,3
your,use,1
your,verdict,2
your,waist,1
your,walk,1
your,watch,1
your,written,1
youre,at,1
youre,changed,1
youre,doing,1
youre,enough,1
youre,falling,1
youre,going,1
youre,growing,1
youre,looking,1
youre,mad,2
youre,nervous,1
youre,nothing,1
youre,so,1
youre,sure,1
youre,talking,1
youre,thinking,1
youre,to,1
youre,trying,1
youre,wondering,1
youre,wrong,1
yours,oh,1
yours,wasnt,1
yourself,airs,1
yourself,and,1
yourself,for,1
yourself,no,1
yourself,not,1
yourself,said,1
yourself,some,1
yourself,the,1
yourself,to,1
youth,and,1
youth,as,1
youth,father,1
youth,one,1
youth,said,2
youve,been,1
youve,cleared,1
youve,had,1
youve,no,2
youve,seen,1
zealand,or,1
zigzag,and,1
